"Public_ID","Day","Missing_N","Missing_Percent"
"1_D0","0",0,0
"1_D3","3",0,0
"2_D0","0",0,0
"2_D3","3",0,0
"3_D0","0",0,0
"3_D3","3",0,0
"4_D0","0",0,0
"4_D3","3",0,0
"5_D0","0",0,0
"5_D3","3",0,0
"5_D7","7",0,0
"6_D0","0",0,0
"6_D3","3",0,0
"6_D7","7",0,0
"7_D0","0",0,0
"7_D3","3",0,0
"8_D0","0",0,0
"9_D0","0",0,0
"9_D3","3",0,0
"10_D0","0",0,0
"11_D0","0",0,0
"12_D0","0",0,0
"12_D3","3",0,0
"12_D7","7",0,0
"12_DE","E",0,0
"13_D0","0",0,0
"13_D3","3",0,0
"14_D0","0",0,0
"14_D3","3",0,0
"14_D7","7",0,0
"15_D0","0",0,0
"15_D3","3",0,0
"15_D7","7",0,0
"15_DE","E",0,0
"16_D0","0",0,0
"17_D0","0",0,0
"17_D3","3",0,0
"18_D0","0",0,0
"18_D3","3",0,0
"19_D0","0",0,0
"19_D3","3",0,0
"19_D7","7",0,0
"20_D0","0",0,0
"20_D3","3",0,0
"20_D7","7",0,0
"21_D0","0",0,0
"22_D0","0",0,0
"22_D3","3",0,0
"22_D7","7",0,0
"23_D0","0",0,0
"23_D3","3",0,0
"24_D0","0",0,0
"24_D3","3",0,0
"25_D0","0",0,0
"26_D0","0",0,0
"27_D0","0",0,0
"28_D0","0",0,0
"29_D0","0",0,0
"29_D3","3",0,0
"29_D7","7",0,0
"29_DE","E",0,0
"30_D0","0",0,0
"31_D0","0",0,0
"32_D0","0",0,0
"32_D3","3",0,0
"32_D7","7",0,0
"33_D0","0",0,0
"34_D0","0",0,0
"35_D0","0",0,0
"35_D3","3",0,0
"36_D0","0",0,0
"36_D3","3",0,0
"36_D7","7",0,0
"37_D0","0",0,0
"37_D3","3",0,0
"37_D7","7",0,0
"38_D0","0",0,0
"38_D3","3",0,0
"39_D0","0",0,0
"39_D3","3",0,0
"39_D7","7",0,0
"39_DE","E",0,0
"40_D0","0",0,0
"40_D3","3",0,0
"41_D0","0",0,0
"42_D0","0",0,0
"42_D3","3",0,0
"42_D7","7",0,0
"42_DE","E",0,0
"43_D0","0",0,0
"43_D3","3",0,0
"43_D7.1","7",0,0
"44_D0","0",0,0
"45_D0","0",0,0
"45_D3","3",0,0
"45_D7","7",0,0
"46_D0","0",0,0
"47_D0","0",0,0
"48_D0","0",0,0
"48_D3","3",0,0
"49_D0","0",0,0
"49_D3","3",0,0
"49_D7","7",0,0
"49_DE","E",0,0
"50_D0","0",0,0
"50_D3","3",0,0
"50_D7","7",0,0
"51_D0","0",0,0
"52_D0","0",0,0
"52_D3","3",0,0
"52_D7","7",0,0
"53_D0","0",0,0
"53_D3","3",0,0
"53_D7","7",0,0
"54_D0","0",0,0
"54_D3","3",0,0
"54_D7","7",0,0
"54_DE","E",0,0
"55_D0","0",0,0
"56_D0","0",0,0
"57_D0","0",1,0.0699790062981106
"57_D3","3",0,0
"58_D0","0",1,0.0699790062981106
"59_D0","0",0,0
"59_D3","3",0,0
"59_D3.1","3",0,0
"60_D0","0",0,0
"61_D0","0",0,0
"61_D3","3",0,0
"61_D7","7",0,0
"62_D0","0",0,0
"63_D0","0",0,0
"63_D3","3",0,0
"64_D0","0",0,0
"65_D0","0",0,0
"66_D0","0",0,0
"66_D3","3",0,0
"66_D7","7",0,0
"66_DE","E",0,0
"67_D0","0",0,0
"68_D0","0",0,0
"69_D0","0",0,0
"70_D0","0",0,0
"71_D0","0",0,0
"72_D0","0",0,0
"73_D0","0",0,0
"74_D0","0",0,0
"74_D3","3",0,0
"74_D7","7",0,0
"75_D0","0",0,0
"76_D0","0",0,0
"76_D3","3",0,0
"77_D0","0",0,0
"77_D3","3",0,0
"78_D0","0",0,0
"79_D0","0",0,0
"79_D3","3",0,0
"79_D7","7",0,0
"80_D0","0",0,0
"80_D3","3",0,0
"80_D7","7",0,0
"81_D0","0",0,0
"82_D0","0",0,0
"82_D3","3",0,0
"83_D0","0",0,0
"83_D3","3",0,0
"84_D0","0",0,0
"84_D3","3",0,0
"85_D0","0",0,0
"86_D0","0",0,0
"87_D0","0",0,0
"87_D3","3",1,0.0699790062981106
"88_D0","0",0,0
"89_D0","0",0,0
"89_D3","3",0,0
"89_D7","7",0,0
"90_D0","0",0,0
"90_D3","3",0,0
"90_D7","7",0,0
"91_D0","0",0,0
"91_D7","7",0,0
"92_D0","0",0,0
"92_D3","3",0,0
"92_D7","7",0,0
"93_D0","0",0,0
"93_D3","3",0,0
"94_D0","0",0,0
"95_D0","0",0,0
"96_D0","0",0,0
"96_D3","3",0,0
"96_D7","7",0,0
"97_D0","0",0,0
"97_D3","3",0,0
"97_DE","E",0,0
"98_D0","0",0,0
"98_D3","3",0,0
"98_D7","7",1,0.0699790062981106
"99_D0","0",0,0
"99_D3","3",0,0
"100_D0","0",0,0
"100_D3","3",0,0
"101_D0","0",0,0
"101_D3","3",0,0
"101_D7","7",0,0
"102_D0","0",0,0
"102_D3","3",0,0
"102_D7","7",0,0
"102_DE","E",0,0
"103_D0","0",0,0
"104_D0","0",0,0
"105_D0","0",0,0
"106_D0","0",0,0
"106_D3","3",0,0
"106_D7","7",0,0
"107_D0","0",0,0
"108_D0","0",0,0
"108_D3","3",0,0
"109_D0","0",0,0
"110_D0","0",0,0
"111_D0","0",0,0
"112_D0","0",0,0
"113_D0","0",0,0
"114_D0","0",0,0
"114_D3","3",0,0
"115_D0","0",0,0
"115_D3","3",0,0
"115_D7","7",0,0
"116_D0","0",0,0
"117_D0","0",0,0
"118_D0","0",0,0
"119_D0","0",0,0
"119_D3","3",0,0
"120_D0","0",0,0
"121_D0","0",0,0
"121_D3","3",0,0
"121_D7","7",0,0
"122_D0","0",0,0
"123_D0","0",0,0
"123_D3","3",0,0
"123_D7","7",0,0
"124_D0","0",0,0
"124_D3","3",0,0
"125_D0","0",0,0
"126_D0","0",0,0
"127_D0","0",0,0
"128_D0","0",0,0
"128_D3","3",0,0
"129_D0","0",0,0
"130_D0","0",0,0
"130_D3","3",0,0
"131_D0","0",1,0.0699790062981106
"132_D0","0",0,0
"132_D3","3",0,0
"132_D7","7",0,0
"132_DE","E",0,0
"133_D0","0",0,0
"134_D0","0",0,0
"134_D3","3",0,0
"135_D0","0",0,0
"135_D3","3",0,0
"135_D7","7",0,0
"135_DE","E",0,0
"136_D0","0",0,0
"136_D3","3",0,0
"137_D0","0",0,0
"137_D3","3",0,0
"138_D0","0",0,0
"139_D0","0",0,0
"139_D3","3",0,0
"139_D7","7",0,0
"139_DE","E",0,0
"140_D0","0",1,0.0699790062981106
"140_D3","3",0,0
"140_D7","7",0,0
"141_D0","0",0,0
"142_D0","0",0,0
"143_D0","0",0,0
"143_D3","3",0,0
"143_D7","7",0,0
"143_DE","E",0,0
"144_D0","0",0,0
"144_D3","3",0,0
"145_D0","0",0,0
"146_D0","0",0,0
"146_D3","3",0,0
"146_D7","7",0,0
"146_DE","E",0,0
"147_D0","0",0,0
"148_D0","0",0,0
"148_D3","3",0,0
"149_D0","0",0,0
"149_D3","3",0,0
"150_D0","0",0,0
"150_D3","3",0,0
"151_D0","0",1,0.0699790062981106
"152_D0","0",0,0
"152_D3","3",0,0
"152_D7","7",0,0
"153_D0","0",0,0
"153_D3","3",0,0
"153_D7","7",0,0
"154_D0","0",0,0
"154_D3","3",0,0
"154_D7.1","7",0,0
"154_DE","E",0,0
"155_D0","0",0,0
"155_D3","3",0,0
"155_D7","7",0,0
"155_DE","E",0,0
"156_D0","0",0,0
"156_D7","7",0,0
"156_DE","E",0,0
"157_D0","0",0,0
"158_D0","0",0,0
"158_D3","3",0,0
"158_D7","7",0,0
"158_DE","E",0,0
"159_D0","0",0,0
"159_D3","3",0,0
"160_D0","0",0,0
"161_D0","0",0,0
"162_D0","0",0,0
"163_D0","0",0,0
"164_D0","0",0,0
"165_D0","0",0,0
"165_D3","3",1,0.0699790062981106
"165_D7","7",0,0
"166_D0","0",0,0
"166_D3","3",0,0
"166_D7","7",0,0
"167_D0","0",0,0
"168_D0","0",0,0
"168_D3","3",0,0
"168_D7","7",0,0
"169_D0","0",0,0
"169_D3","3",0,0
"169_D7","7",0,0
"170_D0","0",0,0
"171_D0","0",0,0
"171_D3","3",0,0
"171_D7","7",0,0
"171_DE","E",0,0
"172_D0","0",0,0
"172_D3","3",0,0
"172_D7","7",0,0
"173_D0","0",0,0
"174_D0","0",0,0
"175_D0","0",0,0
"175_D3","3",0,0
"175_D7","7",0,0
"176_D0","0",0,0
"177_D0","0",0,0
"177_D3","3",0,0
"178_D0","0",0,0
"179_D0","0",0,0
"179_D3","3",0,0
"181_D0","0",0,0
"182_D0","0",0,0
"182_D3","3",0,0
"182_D7","7",0,0
"184_D0","0",0,0
"184_D3","3",0,0
"184_D7","7",0,0
"185_D0","0",0,0
"185_D3","3",0,0
"185_D7","7",0,0
"186_D0","0",0,0
"186_D3","3",0,0
"186_D7","7",0,0
"187_D0","0",0,0
"187_D3","3",0,0
"187_D7","7",0,0
"188_D0","0",0,0
"188_D3","3",0,0
"188_D7","7",0,0
"189_D0","0",0,0
"190_D0","0",0,0
"191_D0","0",0,0
"192_D0","0",0,0
"192_D3","3",0,0
"192_D7","7",0,0
"193_D0","0",0,0
"193_D3","3",0,0
"193_D7","7",1,0.0699790062981106
"193_DE","E",0,0
"194_D0","0",0,0
"194_D3","3",0,0
"195_D0","0",0,0
"196_D0","0",0,0
"196_D3","3",0,0
"196_DE","E",0,0
"197_D0","0",0,0
"197_D3","3",0,0
"197_D7","7",0,0
"198_D0","0",0,0
"199_D0","0",0,0
"200_D0","0",0,0
"201_D0","0",0,0
"202_D0","0",0,0
"203_D0","0",0,0
"203_D3","3",0,0
"204_D0","0",0,0
"204_D3","3",0,0
"204_D7","7",0,0
"205_D0","0",0,0
"206_D0","0",0,0
"206_D3","3",0,0
"206_D7","7",0,0
"207_D0","0",0,0
"207_D3","3",0,0
"208_D0","0",0,0
"208_D3","3",0,0
"208_D7","7",0,0
"209_D0","0",0,0
"209_D3","3",0,0
"210_D0","0",0,0
"210_D3","3",0,0
"211_D0","0",0,0
"211_D3","3",0,0
"211_D7","7",0,0
"211_DE","E",0,0
"212_D0","0",0,0
"213_D0","0",0,0
"213_D3","3",0,0
"214_D0","0",0,0
"214_D3","3",0,0
"215_D0","0",0,0
"216_D0","0",0,0
"217_D0","0",0,0
"217_D3","3",0,0
"217_D7","7",0,0
"218_D0","0",0,0
"218_D3","3",0,0
"219_D0","0",0,0
"220_D0","0",0,0
"221_D0","0",0,0
"221_D3","3",0,0
"221_D7","7",0,0
"221_DE","E",0,0
"222_D0","0",0,0
"222_D3","3",0,0
"222_D7","7",0,0
"222_DE","E",0,0
"223_D0","0",0,0
"223_D3","3",0,0
"224_D0","0",0,0
"224_D3","3",0,0
"224_D7","7",0,0
"225_D0","0",0,0
"225_D3","3",0,0
"226_D0","0",0,0
"226_D3","3",0,0
"227_D0","0",0,0
"228_D0","0",0,0
"228_D3","3",0,0
"229_D0","0",0,0
"230_D0","0",0,0
"230_D3","3",0,0
"231_D0","0",0,0
"232_D0","0",0,0
"233_D0","0",0,0
"233_D3","3",0,0
"234_D0","0",0,0
"235_D0","0",0,0
"235_D3","3",0,0
"236_D0","0",0,0
"236_D3","3",0,0
"236_D7","7",0,0
"237_D0","0",0,0
"238_D0","0",0,0
"238_D3","3",0,0
"238_D7","7",0,0
"239_D0","0",0,0
"239_D3","3",0,0
"239_D7","7",0,0
"240_D0","0",0,0
"241_D0","0",0,0
"241_D3","3",0,0
"241_D7","7",0,0
"242_D0","0",0,0
"242_D3","3",0,0
"242_D7","7",0,0
"243_D0","0",0,0
"244_D0","0",0,0
"244_D3","3",0,0
"244_D7","7",0,0
"245_D0","0",1,0.0699790062981106
"246_D0","0",0,0
"247_D0","0",0,0
"248_D0","0",0,0
"249_D0","0",0,0
"249_D3","3",0,0
"250_D0","0",0,0
"250_D3","3",0,0
"250_D7","7",0,0
"251_D0","0",0,0
"251_D3","3",0,0
"251_D7","7",0,0
"251_DE","E",0,0
"252_D0","0",0,0
"253_D0","0",0,0
"253_D3","3",0,0
"254_D0","0",0,0
"254_D3","3",0,0
"254_D7","7",0,0
"255_D0","0",0,0
"255_D3","3",0,0
"256_D0","0",0,0
"257_D0","0",0,0
"257_D3","3",0,0
"258_D0","0",0,0
"259_D0","0",1,0.0699790062981106
"259_D3","3",0,0
"259_D7","7",0,0
"259_DE","E",0,0
"260_D0","0",0,0
"261_D0","0",0,0
"261_D3","3",0,0
"261_D7","7",0,0
"261_DE","E",0,0
"262_D0","0",0,0
"262_D3","3",0,0
"263_D0","0",0,0
"263_D3","3",0,0
"263_D7","7",0,0
"263_DE","E",0,0
"264_D0","0",0,0
"264_D3","3",0,0
"264_D7","7",0,0
"265_D0","0",0,0
"266_D0","0",0,0
"267_D0","0",0,0
"267_D3","3",0,0
"267_D7","7",0,0
"267_DE","E",0,0
"268_D0","0",0,0
"270_D0","0",0,0
"271_D0","0",0,0
"272_D0","0",0,0
"273_D0","0",0,0
"274_D0","0",0,0
"274_D3","3",0,0
"275_D0","0",0,0
"276_D0","0",0,0
"277_D0","0",0,0
"278_D0","0",0,0
"279_D0","0",0,0
"280_D0","0",0,0
"280_D3","3",0,0
"280_D7","7",0,0
"281_D0","0",0,0
"282_D0","0",0,0
"282_D7","7",0,0
"283_D0","0",0,0
"283_D3","3",0,0
"283_D7","7",0,0
"284_D0","0",0,0
"285_D0","0",0,0
"285_D3","3",0,0
"285_D7","7",0,0
"286_D0","0",0,0
"286_D3","3",0,0
"287_D0","0",0,0
"288_D0","0",0,0
"288_D3","3",0,0
"288_D7","7",0,0
"289_D0","0",0,0
"289_D3","3",0,0
"290_D0","0",0,0
"291_D0","0",0,0
"291_D3","3",0,0
"291_D7","7",0,0
"292_D0","0",0,0
"292_D3","3",0,0
"292_D7","7",0,0
"293_D0","0",0,0
"294_D0","0",0,0
"295_D0","0",0,0
"295_D3","3",0,0
"295_D7","7",0,0
"295_DE","E",0,0
"296_D0","0",0,0
"297_D0","0",0,0
"297_D3","3",0,0
"298_D0","0",0,0
"299_D0","0",0,0
"299_D3","3",0,0
"300_D0","0",1,0.0699790062981106
"300_D3","3",0,0
"300_D7","7",0,0
"301_D0","0",0,0
"302_D0","0",0,0
"302_D3","3",0,0
"303_D0","0",0,0
"304_D0","0",0,0
"305_D0","0",0,0
"305_D3","3",0,0
"306_D0","0",0,0
"306_D3","3",0,0
"307_D0","0",0,0
"307_D3","3",0,0
"307_D7","7",0,0
"308_D0","0",0,0
"309_D0","0",0,0
"309_D3","3",0,0
"309_D7","7",0,0
"310_D0","0",0,0
"310_D7","7",0,0
"311_D0","0",0,0
"311_D3","3",0,0
"311_D7","7",0,0
"311_DE","E",0,0
"312_D0","0",0,0
"312_D3","3",0,0
"312_D7","7",0,0
"312_DE","E",0,0
"313_D0","0",0,0
"313_D3","3",0,0
"314_D0","0",0,0
"315_D0","0",0,0
"316_D0","0",0,0
"316_D3","3",0,0
"317_D0","0",0,0
"318_D0","0",0,0
"319_D0","0",0,0
"319_D3","3",0,0
"319_D7","7",0,0
"320_D0","0",0,0
"320_D3","3",0,0
"320_D7","7",0,0
"321_D0","0",0,0
"321_D7.1","7",0,0
"321_D7.2","7",1,0.0699790062981106
"321_DE","E",0,0
"322_D0","0",0,0
"323_D0","0",0,0
"323_D3","3",0,0
"324_D0","0",0,0
"324_D3","3",0,0
"325_D0","0",0,0
"325_D3","3",0,0
"326_D0","0",0,0
"326_D3","3",0,0
"327_D0","0",0,0
"328_D0","0",0,0
"328_D3","3",0,0
"328_D7","7",0,0
"329_D0","0",0,0
"330_D0","0",0,0
"330_D3","3",0,0
"330_D7","7",0,0
"331_D0","0",0,0
"331_D3","3",0,0
"331_D7","7",0,0
"332_D0","0",0,0
"333_D0","0",0,0
"333_D3","3",0,0
"333_D7","7",0,0
"334_D0","0",0,0
"334_D3","3",0,0
"334_D7","7",0,0
"334_DE","E",0,0
"335_D0","0",0,0
"336_D0","0",0,0
"336_D3","3",0,0
"336_D7","7",0,0
"337_D0","0",0,0
"338_D0","0",0,0
"339_D0","0",0,0
"340_D0","0",0,0
"340_D3","3",0,0
"340_D7","7",0,0
"341_D0","0",0,0
"341_D3","3",0,0
"342_D0","0",0,0
"342_D3","3",1,0.0699790062981106
"342_D7","7",0,0
"343_D0","0",0,0
"344_D0","0",0,0
"344_D3","3",0,0
"344_D7","7",0,0
"344_DE.1","E",0,0
"344_DE.2","E",0,0
"345_D0","0",0,0
"345_D3","3",0,0
"345_D7","7",0,0
"346_D0","0",0,0
"346_D3","3",0,0
"346_D7","7",0,0
"347_D0","0",0,0
"347_D7","7",0,0
"348_D0","0",0,0
"348_D3","3",0,0
"348_D7","7",0,0
"348_DE","E",0,0
"349_D0","0",0,0
"349_D3","3",0,0
"349_D7","7",0,0
"350_D0","0",1,0.0699790062981106
"351_D0","0",0,0
"352_D0","0",0,0
"352_D3","3",0,0
"352_D7","7",0,0
"352_DE","E",0,0
"353_D0","0",0,0
"353_D3","3",0,0
"353_D7","7",0,0
"353_DE","E",0,0
"354_D0","0",0,0
"354_D3","3",0,0
"354_D7","7",0,0
"355_D0","0",0,0
"355_D3","3",0,0
"355_D7","7",0,0
"356_D0","0",0,0
"356_D3","3",0,0
"356_D7","7",0,0
"357_D0","0",0,0
"357_D3","3",0,0
"357_D7","7",0,0
"358_D0","0",0,0
"358_D3","3",0,0
"358_D7","7",0,0
"358_DE","E",0,0
"359_D0","0",0,0
"360_D0","0",0,0
"360_D3","3",0,0
"361_D0","0",0,0
"362_D0","0",0,0
"362_D3","3",0,0
"362_D7","7",0,0
"363_D0","0",0,0
"363_D3","3",0,0
"363_D7","7",0,0
"364_D0","0",0,0
"364_D3","3",0,0
"364_D7","7",0,0
"364_DE","E",0,0
"365_D0","0",1,0.0699790062981106
"366_D0","0",0,0
"366_D3","3",0,0
"367_D0","0",0,0
"367_D3","3",0,0
"367_D7","7",0,0
"368_D0","0",0,0
"368_D7","7",0,0
"369_D0","0",0,0
"369_D3","3",0,0
"369_D7","7",0,0
"370_D0","0",0,0
"371_D0","0",0,0
"371_D3","3",0,0
"372_D0","0",1,0.0699790062981106
"373_D0","0",0,0
"374_D0","0",0,0
"374_D3","3",0,0
"375_D0","0",0,0
"375_D3","3",0,0
"375_D7","7",0,0
"376_D0","0",0,0
"376_D3","3",0,0
"377_D0","0",0,0
"377_D3","3",0,0
"378_D0","0",0,0
"378_D3","3",0,0
"379_D0","0",0,0
"379_D3","3",0,0
"379_D7","7",0,0
"380_D0","0",0,0
"380_D3","3",0,0
"380_D7","7",0,0
"381_D0","0",0,0
"382_D0","0",0,0
"382_D3","3",0,0
"382_D7","7",0,0
"383_D0","0",0,0
"383_D3","3",0,0
"383_D7","7",0,0
"383_DE","E",1,0.0699790062981106
"384_D0","0",0,0
"384_D7","7",0,0
"385_D0","0",0,0
"385_D3","3",0,0
"386_D0","0",0,0
