"Sample_ID","Patient_ID","Timepoint","PC1","PC2","PC1_percent","PC2_percent"
"100_D0",100,"D0",7.98022976089709,14.1366269557805,18.0157891715652,11.3836346894858
"100_D3",100,"D3",-4.36349929771715,13.9810529251275,18.0157891715652,11.3836346894858
"101_D0",101,"D0",-6.66171073429708,12.9023904196652,18.0157891715652,11.3836346894858
"101_D3",101,"D3",-14.6134771418411,11.3997138757924,18.0157891715652,11.3836346894858
"101_D7",101,"D7",67.2922815741566,10.9814660577295,18.0157891715652,11.3836346894858
"102_D0",102,"D0",-0.186331983583023,6.97266058075344,18.0157891715652,11.3836346894858
"102_D3",102,"D3",24.6697942185696,-1.48688138283124,18.0157891715652,11.3836346894858
"102_D7",102,"D7",16.8492503363073,-7.13637898194489,18.0157891715652,11.3836346894858
"102_DE",102,"DE",11.7951612154355,-4.36904262387047,18.0157891715652,11.3836346894858
"103_D0",103,"D0",-19.6039465065822,14.36098280956,18.0157891715652,11.3836346894858
"104_D0",104,"D0",-18.4217116560034,-0.79386942736351,18.0157891715652,11.3836346894858
"105_D0",105,"D0",-15.1156573813961,9.54716875909153,18.0157891715652,11.3836346894858
"106_D0",106,"D0",19.7543485147861,14.5671629108918,18.0157891715652,11.3836346894858
"106_D3",106,"D3",27.0839178646321,8.69373594078031,18.0157891715652,11.3836346894858
"106_D7",106,"D7",24.4484088188506,-0.498828461457438,18.0157891715652,11.3836346894858
"107_D0",107,"D0",-26.3799780417059,-8.11526684667756,18.0157891715652,11.3836346894858
"108_D0",108,"D0",-19.6077753535902,-3.816870936412,18.0157891715652,11.3836346894858
"108_D3",108,"D3",-14.3423938272117,1.58265994259317,18.0157891715652,11.3836346894858
"109_D0",109,"D0",-19.19579050547,4.88323892606604,18.0157891715652,11.3836346894858
"10_D0",10,"D0",2.36671416437282,19.5253322782499,18.0157891715652,11.3836346894858
"110_D0",110,"D0",18.1015152834423,-2.36334195124386,18.0157891715652,11.3836346894858
"111_D0",111,"D0",-13.4718650400617,-14.7195739979254,18.0157891715652,11.3836346894858
"112_D0",112,"D0",-8.60701450157918,3.35821716220738,18.0157891715652,11.3836346894858
"113_D0",113,"D0",-5.15298981696645,12.4753832362062,18.0157891715652,11.3836346894858
"114_D0",114,"D0",18.9604117118109,-0.250436185214549,18.0157891715652,11.3836346894858
"114_D3",114,"D3",-12.0084942414821,15.4417780383372,18.0157891715652,11.3836346894858
"115_D0",115,"D0",-5.18347356364696,-4.38275316538285,18.0157891715652,11.3836346894858
"115_D3",115,"D3",-8.2195628022486,-2.40430019992971,18.0157891715652,11.3836346894858
"115_D7",115,"D7",-20.4555438302809,-5.28938312713663,18.0157891715652,11.3836346894858
"116_D0",116,"D0",-31.3796994670321,-34.5073482334752,18.0157891715652,11.3836346894858
"117_D0",117,"D0",-3.31145139763614,13.361239139081,18.0157891715652,11.3836346894858
"118_D0",118,"D0",-12.8375859471595,11.2684039821576,18.0157891715652,11.3836346894858
"119_D0",119,"D0",-14.2259748506338,6.03115218744453,18.0157891715652,11.3836346894858
"119_D3",119,"D3",-11.525680301526,-2.60984152132116,18.0157891715652,11.3836346894858
"11_D0",11,"D0",-21.2352572521883,7.2566100693287,18.0157891715652,11.3836346894858
"120_D0",120,"D0",-0.433291369652716,-0.825281230702221,18.0157891715652,11.3836346894858
"121_D0",121,"D0",-4.83849911944258,6.69054375005484,18.0157891715652,11.3836346894858
"121_D3",121,"D3",0.725196543127125,-2.65802830743403,18.0157891715652,11.3836346894858
"121_D7",121,"D7",-3.11950365479093,-15.2762778578096,18.0157891715652,11.3836346894858
"122_D0",122,"D0",3.19617717090407,18.9442094866095,18.0157891715652,11.3836346894858
"123_D0",123,"D0",-2.75345154922281,-6.58648716988187,18.0157891715652,11.3836346894858
"123_D3",123,"D3",0.281229227643987,-9.27637181876083,18.0157891715652,11.3836346894858
"123_D7",123,"D7",-2.04473399147272,-6.05901932042678,18.0157891715652,11.3836346894858
"124_D0",124,"D0",4.86829484017541,13.7503051315783,18.0157891715652,11.3836346894858
"124_D3",124,"D3",-11.1675671025974,8.81201861393271,18.0157891715652,11.3836346894858
"125_D0",125,"D0",-3.23351513544139,23.5298498566828,18.0157891715652,11.3836346894858
"126_D0",126,"D0",-31.7151284658536,13.4875950575003,18.0157891715652,11.3836346894858
"127_D0",127,"D0",-15.8947208298871,-12.2060923086664,18.0157891715652,11.3836346894858
"128_D0",128,"D0",10.9297884882795,-3.92425295166507,18.0157891715652,11.3836346894858
"128_D3",128,"D3",-19.7505066435544,-14.2468711404281,18.0157891715652,11.3836346894858
"129_D0",129,"D0",2.43339043943984,6.31595687650681,18.0157891715652,11.3836346894858
"12_D0",12,"D0",-11.1480875592886,14.5000157969047,18.0157891715652,11.3836346894858
"12_D3",12,"D3",1.4904350424622,-3.38370832929776,18.0157891715652,11.3836346894858
"12_D7",12,"D7",32.572416959652,-7.87611188032761,18.0157891715652,11.3836346894858
"12_DE",12,"DE",1.45134456205717,-7.59006215371268,18.0157891715652,11.3836346894858
"130_D0",130,"D0",-12.7631729031713,-1.2597834865398,18.0157891715652,11.3836346894858
"130_D3",130,"D3",4.13212220896216,-2.39509959353093,18.0157891715652,11.3836346894858
"131_D0",131,"D0",3.87860726177816,11.294616819905,18.0157891715652,11.3836346894858
"132_D0",132,"D0",-5.71967473770733,-26.3482150659904,18.0157891715652,11.3836346894858
"132_D3",132,"D3",14.0655956369005,-14.334667233295,18.0157891715652,11.3836346894858
"132_D7",132,"D7",-6.36914302624829,-17.0983009351572,18.0157891715652,11.3836346894858
"132_DE",132,"DE",26.8755263863136,-13.4590157915693,18.0157891715652,11.3836346894858
"133_D0",133,"D0",-9.02666287339494,-16.8755892576887,18.0157891715652,11.3836346894858
"134_D0",134,"D0",20.270899469745,8.83205177767705,18.0157891715652,11.3836346894858
"134_D3",134,"D3",23.9654200223146,16.6580413181857,18.0157891715652,11.3836346894858
"135_D0",135,"D0",22.1779771853064,-4.78183107822096,18.0157891715652,11.3836346894858
"135_D3",135,"D3",12.2309091482151,-16.800117715146,18.0157891715652,11.3836346894858
"135_D7",135,"D7",21.1665557459621,-18.1318997890725,18.0157891715652,11.3836346894858
"135_DE",135,"DE",27.9930733480893,-9.12754021077197,18.0157891715652,11.3836346894858
"136_D0",136,"D0",-13.678304167837,13.3148108072412,18.0157891715652,11.3836346894858
"136_D3",136,"D3",20.203517442349,7.10165084062029,18.0157891715652,11.3836346894858
"137_D0",137,"D0",-0.350532682948653,8.69739135723901,18.0157891715652,11.3836346894858
"137_D3",137,"D3",-12.7105183779079,7.61407939384755,18.0157891715652,11.3836346894858
"138_D0",138,"D0",-15.6355962243178,-5.13150125307563,18.0157891715652,11.3836346894858
"139_D0",139,"D0",-8.49989354491801,-2.54036797158439,18.0157891715652,11.3836346894858
"139_D3",139,"D3",22.3860186201319,-2.40047085811479,18.0157891715652,11.3836346894858
"139_D7",139,"D7",-9.83189233177073,-8.39176798639776,18.0157891715652,11.3836346894858
"139_DE",139,"DE",21.5534117867081,-14.8658089793664,18.0157891715652,11.3836346894858
"13_D0",13,"D0",9.26607431748381,7.48787147909638,18.0157891715652,11.3836346894858
"13_D3",13,"D3",-21.9515159518981,1.67608291169659,18.0157891715652,11.3836346894858
"140_D0",140,"D0",7.43969930030834,1.89002318431748,18.0157891715652,11.3836346894858
"140_D3",140,"D3",42.319036849819,1.3010468898679,18.0157891715652,11.3836346894858
"140_D7",140,"D7",-4.40008685342658,0.0672462988050664,18.0157891715652,11.3836346894858
"141_D0",141,"D0",3.32114474638951,4.29791019456416,18.0157891715652,11.3836346894858
"142_D0",142,"D0",9.50023820888039,1.06527993395631,18.0157891715652,11.3836346894858
"143_D0",143,"D0",6.8208615922127,13.2428842600236,18.0157891715652,11.3836346894858
"143_D3",143,"D3",12.2909054837068,-7.36838177000253,18.0157891715652,11.3836346894858
"143_D7",143,"D7",28.0862514294781,-8.89303908805805,18.0157891715652,11.3836346894858
"143_DE",143,"DE",-10.8594780986164,-13.0430030899859,18.0157891715652,11.3836346894858
"144_D0",144,"D0",-0.451650177879322,21.5574502168907,18.0157891715652,11.3836346894858
"144_D3",144,"D3",21.3483713227334,19.2337432652491,18.0157891715652,11.3836346894858
"145_D0",145,"D0",-0.750653674674247,11.5749634342902,18.0157891715652,11.3836346894858
"146_D0",146,"D0",26.4992725550571,6.04782719328124,18.0157891715652,11.3836346894858
"146_D3",146,"D3",42.3148254361177,6.06107471546647,18.0157891715652,11.3836346894858
"146_D7",146,"D7",9.93221275296889,0.845667064333721,18.0157891715652,11.3836346894858
"146_DE",146,"DE",30.5154009538475,2.59580739633193,18.0157891715652,11.3836346894858
"147_D0",147,"D0",-20.4650601684338,1.41658865330732,18.0157891715652,11.3836346894858
"148_D0",148,"D0",-11.3741250505096,10.8140887471714,18.0157891715652,11.3836346894858
"148_D3",148,"D3",13.5495297974492,7.48059673049185,18.0157891715652,11.3836346894858
"149_D0",149,"D0",-1.95402490718229,-0.00530511794624798,18.0157891715652,11.3836346894858
"149_D3",149,"D3",14.6556300059345,-9.71470555214135,18.0157891715652,11.3836346894858
"14_D0",14,"D0",-22.7444326228008,-10.5124785081741,18.0157891715652,11.3836346894858
"14_D3",14,"D3",-1.54585915943079,-18.8058994633738,18.0157891715652,11.3836346894858
"14_D7",14,"D7",14.7554714075801,-20.6575670324366,18.0157891715652,11.3836346894858
"150_D0",150,"D0",41.0952579358389,8.02208806182862,18.0157891715652,11.3836346894858
"150_D3",150,"D3",-0.439191216239148,2.35134853454773,18.0157891715652,11.3836346894858
"151_D0",151,"D0",-29.3101978666616,5.6781903398317,18.0157891715652,11.3836346894858
"152_D0",152,"D0",-13.8470575149318,12.5983655204013,18.0157891715652,11.3836346894858
"152_D3",152,"D3",0.303603913373239,11.4817515728083,18.0157891715652,11.3836346894858
"152_D7",152,"D7",-3.08206665742339,13.4365873062312,18.0157891715652,11.3836346894858
"153_D0",153,"D0",-12.6777139531088,6.65856163522694,18.0157891715652,11.3836346894858
"153_D3",153,"D3",-12.1024371941365,-2.97677663172523,18.0157891715652,11.3836346894858
"153_D7",153,"D7",3.77207880884653,-14.1253460167489,18.0157891715652,11.3836346894858
"154_D0",154,"D0",17.6626356067678,16.8948951724144,18.0157891715652,11.3836346894858
"154_D3",154,"D3",15.5530070136714,-7.16495833353221,18.0157891715652,11.3836346894858
"154_D7.1",154,"D7",11.0445235327265,-18.6895324294744,18.0157891715652,11.3836346894858
"154_DE",154,"DE",40.6133578356392,-3.37122931253245,18.0157891715652,11.3836346894858
"155_D0",155,"D0",-7.92641419445903,11.3530780657531,18.0157891715652,11.3836346894858
"155_D3",155,"D3",44.3819641227844,1.1596717995183,18.0157891715652,11.3836346894858
"155_D7",155,"D7",5.5725875052608,-1.85639705983687,18.0157891715652,11.3836346894858
"155_DE",155,"DE",-19.2990078536878,-9.06282091415924,18.0157891715652,11.3836346894858
"156_D0",156,"D0",-10.7231670228524,6.94502370053046,18.0157891715652,11.3836346894858
"156_D7",156,"D7",14.2243906965082,-21.6774836534347,18.0157891715652,11.3836346894858
"156_DE",156,"DE",14.8554557113025,-1.21941814764642,18.0157891715652,11.3836346894858
"157_D0",157,"D0",-27.4264067000492,-18.0534487914222,18.0157891715652,11.3836346894858
"158_D0",158,"D0",10.8819176520654,17.1128633226358,18.0157891715652,11.3836346894858
"158_D3",158,"D3",22.3429720643791,9.04676190673943,18.0157891715652,11.3836346894858
"158_D7",158,"D7",12.5961635831686,5.79609669206554,18.0157891715652,11.3836346894858
"158_DE",158,"DE",15.3487176243615,6.04298190031235,18.0157891715652,11.3836346894858
"159_D0",159,"D0",-2.01884743490712,1.27128947381949,18.0157891715652,11.3836346894858
"159_D3",159,"D3",-9.80927647999731,-4.91941745271391,18.0157891715652,11.3836346894858
"15_D0",15,"D0",-21.4982404490641,-5.63779349701563,18.0157891715652,11.3836346894858
"15_D3",15,"D3",18.734823669493,-8.30069952750778,18.0157891715652,11.3836346894858
"15_D7",15,"D7",20.3633397777299,-7.62477505297065,18.0157891715652,11.3836346894858
"15_DE",15,"DE",2.61589416836796,-13.5921022143676,18.0157891715652,11.3836346894858
"160_D0",160,"D0",-3.28757422453176,-17.093587852155,18.0157891715652,11.3836346894858
"161_D0",161,"D0",-4.65829759652283,-7.60019083909529,18.0157891715652,11.3836346894858
"162_D0",162,"D0",-6.82946532683818,14.459223722792,18.0157891715652,11.3836346894858
"163_D0",163,"D0",-20.5593884474884,16.3066098452648,18.0157891715652,11.3836346894858
"164_D0",164,"D0",-7.13013093803022,-17.8693595791423,18.0157891715652,11.3836346894858
"165_D0",165,"D0",-15.3349606205211,11.2395868135698,18.0157891715652,11.3836346894858
"165_D3",165,"D3",13.9712990693225,6.64439925983747,18.0157891715652,11.3836346894858
"165_D7",165,"D7",13.5275780421827,7.44855479651132,18.0157891715652,11.3836346894858
"166_D0",166,"D0",-5.14517875990464,11.2122805504734,18.0157891715652,11.3836346894858
"166_D3",166,"D3",-13.183562329763,10.2486722358928,18.0157891715652,11.3836346894858
"166_D7",166,"D7",14.6421155942926,5.28869038753123,18.0157891715652,11.3836346894858
"167_D0",167,"D0",-16.1908513004279,-15.6516337004131,18.0157891715652,11.3836346894858
"168_D0",168,"D0",-11.6025891866399,-7.03347022935484,18.0157891715652,11.3836346894858
"168_D3",168,"D3",-15.9046385992015,-6.79609324407811,18.0157891715652,11.3836346894858
"168_D7",168,"D7",-19.3450385903157,-4.98374420487875,18.0157891715652,11.3836346894858
"169_D0",169,"D0",-18.1212130422108,11.7589343860776,18.0157891715652,11.3836346894858
"169_D3",169,"D3",11.4756373283046,10.1893084217545,18.0157891715652,11.3836346894858
"169_D7",169,"D7",-2.21865040994367,7.35492530331302,18.0157891715652,11.3836346894858
"16_D0",16,"D0",16.2490296324851,-11.7753476187994,18.0157891715652,11.3836346894858
"170_D0",170,"D0",-6.57063514958223,-1.07929699277262,18.0157891715652,11.3836346894858
"171_D0",171,"D0",-14.678997613101,14.7645724987418,18.0157891715652,11.3836346894858
"171_D3",171,"D3",-9.28761451429302,-6.97798319536657,18.0157891715652,11.3836346894858
"171_D7",171,"D7",3.08526626821949,-11.659809933325,18.0157891715652,11.3836346894858
"171_DE",171,"DE",23.01847322571,0.909433369378474,18.0157891715652,11.3836346894858
"172_D0",172,"D0",-20.2097384233227,-23.2442802811745,18.0157891715652,11.3836346894858
"172_D3",172,"D3",-2.21036313783258,-19.3306188154418,18.0157891715652,11.3836346894858
"172_D7",172,"D7",-18.3542701911704,-20.2176881701729,18.0157891715652,11.3836346894858
"173_D0",173,"D0",-22.9220219470074,-8.33854655702384,18.0157891715652,11.3836346894858
"174_D0",174,"D0",-19.3103288079487,16.5602535153157,18.0157891715652,11.3836346894858
"175_D0",175,"D0",-13.0705204855688,17.2574779652094,18.0157891715652,11.3836346894858
"175_D3",175,"D3",-18.051358212639,10.7345465344117,18.0157891715652,11.3836346894858
"175_D7",175,"D7",-21.0956910676894,11.9864981353488,18.0157891715652,11.3836346894858
"176_D0",176,"D0",8.08452513607008,-4.01729731538301,18.0157891715652,11.3836346894858
"177_D0",177,"D0",31.7459732337601,10.7925658576828,18.0157891715652,11.3836346894858
"177_D3",177,"D3",21.1190439395516,9.23028008553964,18.0157891715652,11.3836346894858
"178_D0",178,"D0",-0.238843647382984,5.8013748464699,18.0157891715652,11.3836346894858
"179_D0",179,"D0",14.5622666754282,16.3859243209518,18.0157891715652,11.3836346894858
"179_D3",179,"D3",-7.11493240361891,12.6303957700463,18.0157891715652,11.3836346894858
"17_D0",17,"D0",-10.9083676931341,7.48343056878956,18.0157891715652,11.3836346894858
"17_D3",17,"D3",16.245270314196,7.3238564068205,18.0157891715652,11.3836346894858
"181_D0",181,"D0",-22.74015759484,1.72040740177503,18.0157891715652,11.3836346894858
"182_D0",182,"D0",-13.6005463839383,11.8230065599772,18.0157891715652,11.3836346894858
"182_D3",182,"D3",7.49269274566058,7.09638913943129,18.0157891715652,11.3836346894858
"182_D7",182,"D7",-2.12805534514524,7.19372181186976,18.0157891715652,11.3836346894858
"184_D0",184,"D0",12.6612751034332,21.5214127594754,18.0157891715652,11.3836346894858
"184_D3",184,"D3",-1.16023093006242,19.14987989381,18.0157891715652,11.3836346894858
"184_D7",184,"D7",2.44969397329702,24.5711148207475,18.0157891715652,11.3836346894858
"185_D0",185,"D0",-0.474714339363277,-4.04093688499852,18.0157891715652,11.3836346894858
"185_D3",185,"D3",-1.57340292805249,-4.91430480340853,18.0157891715652,11.3836346894858
"185_D7",185,"D7",-11.507279238749,-5.25894053694071,18.0157891715652,11.3836346894858
"186_D0",186,"D0",-4.94033406297059,15.248482212191,18.0157891715652,11.3836346894858
"186_D3",186,"D3",18.330852658707,10.0285805635658,18.0157891715652,11.3836346894858
"186_D7",186,"D7",-5.56977883414823,11.2709734089289,18.0157891715652,11.3836346894858
"187_D0",187,"D0",-13.7112296914025,13.7289732282547,18.0157891715652,11.3836346894858
"187_D3",187,"D3",-0.117190190819962,7.46094642180993,18.0157891715652,11.3836346894858
"187_D7",187,"D7",-9.78750488594147,5.63113640408229,18.0157891715652,11.3836346894858
"188_D0",188,"D0",-23.6235007753516,0.154265207160959,18.0157891715652,11.3836346894858
"188_D3",188,"D3",5.98784493106403,1.24814206361946,18.0157891715652,11.3836346894858
"188_D7",188,"D7",24.0974912300264,-1.41009347938535,18.0157891715652,11.3836346894858
"189_D0",189,"D0",12.4381832392034,-11.4381495233023,18.0157891715652,11.3836346894858
"18_D0",18,"D0",-5.2283197885447,27.507153878508,18.0157891715652,11.3836346894858
"18_D3",18,"D3",-3.43648218127064,18.9795821003093,18.0157891715652,11.3836346894858
"190_D0",190,"D0",-8.27743768385834,14.5748850474158,18.0157891715652,11.3836346894858
"191_D0",191,"D0",-13.5349455210039,16.3931051421084,18.0157891715652,11.3836346894858
"192_D0",192,"D0",-6.61002675608115,-0.834268845050904,18.0157891715652,11.3836346894858
"192_D3",192,"D3",-13.0816794278486,0.247171168672166,18.0157891715652,11.3836346894858
"192_D7",192,"D7",-8.94934218808104,-2.01035330079849,18.0157891715652,11.3836346894858
"193_D0",193,"D0",-16.8982953214734,9.26356483051223,18.0157891715652,11.3836346894858
"193_D3",193,"D3",-6.72786310552421,1.01026198383563,18.0157891715652,11.3836346894858
"193_D7",193,"D7",-9.78703485367489,5.88531495042442,18.0157891715652,11.3836346894858
"193_DE",193,"DE",-4.88577247045243,-12.7465925272368,18.0157891715652,11.3836346894858
"194_D0",194,"D0",-20.1744975200963,1.75525679825433,18.0157891715652,11.3836346894858
"194_D3",194,"D3",-23.8152353473855,-0.339867849105172,18.0157891715652,11.3836346894858
"195_D0",195,"D0",13.6038101329929,13.6915415011801,18.0157891715652,11.3836346894858
"196_D0",196,"D0",1.35138892044569,10.8222350485854,18.0157891715652,11.3836346894858
"196_D3",196,"D3",8.9333821827945,-1.46574009308316,18.0157891715652,11.3836346894858
"196_DE",196,"DE",6.34837955164397,-8.17674587190016,18.0157891715652,11.3836346894858
"197_D0",197,"D0",-11.0116948174934,-11.8035992562851,18.0157891715652,11.3836346894858
"197_D3",197,"D3",-21.2585250492827,-11.3706706782028,18.0157891715652,11.3836346894858
"197_D7",197,"D7",9.72566432203448,-14.0894567330925,18.0157891715652,11.3836346894858
"198_D0",198,"D0",-19.7647724319777,12.8574379933682,18.0157891715652,11.3836346894858
"199_D0",199,"D0",-22.9468960816031,-2.49300528103223,18.0157891715652,11.3836346894858
"19_D0",19,"D0",1.01278417970167,3.99190986685213,18.0157891715652,11.3836346894858
"19_D3",19,"D3",2.5773668834148,4.08319827033886,18.0157891715652,11.3836346894858
"19_D7",19,"D7",21.2990456203084,4.66660124680592,18.0157891715652,11.3836346894858
"1_D0",1,"D0",1.61467542305934,9.66315806791391,18.0157891715652,11.3836346894858
"1_D3",1,"D3",-8.77373613493618,9.43470794089197,18.0157891715652,11.3836346894858
"200_D0",200,"D0",-21.3848471447196,-37.2550466887034,18.0157891715652,11.3836346894858
"201_D0",201,"D0",-31.3481661649164,-23.6364768050394,18.0157891715652,11.3836346894858
"202_D0",202,"D0",0.60940701765979,-27.0776010027992,18.0157891715652,11.3836346894858
"203_D0",203,"D0",-2.02848984991898,-2.42710336616802,18.0157891715652,11.3836346894858
"203_D3",203,"D3",14.5074797258104,-9.18032408585603,18.0157891715652,11.3836346894858
"204_D0",204,"D0",-2.27471576313882,19.9301293753787,18.0157891715652,11.3836346894858
"204_D3",204,"D3",-10.0506200186051,18.2025068531264,18.0157891715652,11.3836346894858
"204_D7",204,"D7",-0.0712792554349126,20.2575060091481,18.0157891715652,11.3836346894858
"205_D0",205,"D0",-0.999578656816486,1.82761447260436,18.0157891715652,11.3836346894858
"206_D0",206,"D0",11.1062987915729,-4.02329386911295,18.0157891715652,11.3836346894858
"206_D3",206,"D3",12.1470171467243,-17.4872960217079,18.0157891715652,11.3836346894858
"206_D7",206,"D7",3.84341198620383,-30.0986508267853,18.0157891715652,11.3836346894858
"207_D0",207,"D0",6.72848662682804,1.45534566129484,18.0157891715652,11.3836346894858
"207_D3",207,"D3",32.0193541796473,2.02844725612001,18.0157891715652,11.3836346894858
"208_D0",208,"D0",15.3202902139352,9.88114594388436,18.0157891715652,11.3836346894858
"208_D3",208,"D3",13.6538206911421,5.28450407199777,18.0157891715652,11.3836346894858
"208_D7",208,"D7",14.0831262746012,4.22350158604572,18.0157891715652,11.3836346894858
"209_D0",209,"D0",-20.3507922828386,15.8059262473722,18.0157891715652,11.3836346894858
"209_D3",209,"D3",-3.32324696636243,13.0877396461733,18.0157891715652,11.3836346894858
"20_D0",20,"D0",-23.6443285988234,10.8573346950774,18.0157891715652,11.3836346894858
"20_D3",20,"D3",-10.0417165873529,9.33465381872415,18.0157891715652,11.3836346894858
"20_D7",20,"D7",-15.4188253038617,0.30426048736744,18.0157891715652,11.3836346894858
"210_D0",210,"D0",-26.5694759217189,-17.05576365943,18.0157891715652,11.3836346894858
"210_D3",210,"D3",-21.079736660538,-19.4752132682018,18.0157891715652,11.3836346894858
"211_D0",211,"D0",-0.479551810396428,-4.68139365691003,18.0157891715652,11.3836346894858
"211_D3",211,"D3",13.9843516954426,-11.2121441853698,18.0157891715652,11.3836346894858
"211_D7",211,"D7",3.00860168348395,-20.4194425553723,18.0157891715652,11.3836346894858
"211_DE",211,"DE",36.5244024047933,-8.18837925073998,18.0157891715652,11.3836346894858
"212_D0",212,"D0",-10.3014358994068,6.504626724123,18.0157891715652,11.3836346894858
"213_D0",213,"D0",-20.1179407001415,17.1756403680881,18.0157891715652,11.3836346894858
"213_D3",213,"D3",-13.427300671765,14.8448192898259,18.0157891715652,11.3836346894858
"214_D0",214,"D0",7.66236280889213,0.402618935726523,18.0157891715652,11.3836346894858
"214_D3",214,"D3",28.264873233047,-1.90131809302188,18.0157891715652,11.3836346894858
"215_D0",215,"D0",-1.27150800813034,4.93368822248287,18.0157891715652,11.3836346894858
"216_D0",216,"D0",14.9183933679214,1.89515351723516,18.0157891715652,11.3836346894858
"217_D0",217,"D0",21.1041297272188,-9.8176650478138,18.0157891715652,11.3836346894858
"217_D3",217,"D3",-11.9708616174633,-18.3385742038747,18.0157891715652,11.3836346894858
"217_D7",217,"D7",20.6653994296181,-20.9332712995971,18.0157891715652,11.3836346894858
"218_D0",218,"D0",-8.67763969344779,-12.274162855603,18.0157891715652,11.3836346894858
"218_D3",218,"D3",10.3191210516999,-20.0112164646195,18.0157891715652,11.3836346894858
"219_D0",219,"D0",10.3602312363445,-8.33660699619479,18.0157891715652,11.3836346894858
"21_D0",21,"D0",-14.3976295218332,-32.6519095129074,18.0157891715652,11.3836346894858
"220_D0",220,"D0",-21.8757019125294,11.6437704598641,18.0157891715652,11.3836346894858
"221_D0",221,"D0",-8.3738513242751,-36.1382632223463,18.0157891715652,11.3836346894858
"221_D3",221,"D3",-7.69582464386013,-36.5812697946727,18.0157891715652,11.3836346894858
"221_D7",221,"D7",-6.47517748493712,-38.5099671143694,18.0157891715652,11.3836346894858
"221_DE",221,"DE",-16.5328657650429,-33.7381704847106,18.0157891715652,11.3836346894858
"222_D0",222,"D0",9.16296656417001,13.0332059113551,18.0157891715652,11.3836346894858
"222_D3",222,"D3",-7.8715019894384,-18.9299424221955,18.0157891715652,11.3836346894858
"222_D7",222,"D7",4.33990743081048,-28.9442143540175,18.0157891715652,11.3836346894858
"222_DE",222,"DE",25.5930616412311,-13.3204347818397,18.0157891715652,11.3836346894858
"223_D0",223,"D0",-12.0843508561397,13.6152568324457,18.0157891715652,11.3836346894858
"223_D3",223,"D3",50.2002109451112,11.5349762399763,18.0157891715652,11.3836346894858
"224_D0",224,"D0",31.0438185783501,9.11797703284334,18.0157891715652,11.3836346894858
"224_D3",224,"D3",43.8445302635367,-0.0421484669249129,18.0157891715652,11.3836346894858
"224_D7",224,"D7",5.62657753752559,-4.50499140051502,18.0157891715652,11.3836346894858
"225_D0",225,"D0",-20.0522084915659,-1.81373598807294,18.0157891715652,11.3836346894858
"225_D3",225,"D3",-4.99250503952502,-3.74367915570974,18.0157891715652,11.3836346894858
"226_D0",226,"D0",-13.3028806019945,18.759368193246,18.0157891715652,11.3836346894858
"226_D3",226,"D3",-16.3484600414712,14.5658245208321,18.0157891715652,11.3836346894858
"227_D0",227,"D0",-1.14146600944892,17.973970869463,18.0157891715652,11.3836346894858
"228_D0",228,"D0",13.4157980714605,18.3803434701415,18.0157891715652,11.3836346894858
"228_D3",228,"D3",-13.8615104459982,17.2696941674661,18.0157891715652,11.3836346894858
"229_D0",229,"D0",-1.65297072760348,13.6361679835376,18.0157891715652,11.3836346894858
"22_D0",22,"D0",4.7309484797969,-1.5267023549969,18.0157891715652,11.3836346894858
"22_D3",22,"D3",-11.2196910980633,-6.12651725029138,18.0157891715652,11.3836346894858
"22_D7",22,"D7",12.3167787106395,-3.39277464178473,18.0157891715652,11.3836346894858
"230_D0",230,"D0",8.35081010924894,15.660174043531,18.0157891715652,11.3836346894858
"230_D3",230,"D3",30.0374781662349,13.9403042841999,18.0157891715652,11.3836346894858
"231_D0",231,"D0",-2.24618690515301,12.8027532918239,18.0157891715652,11.3836346894858
"232_D0",232,"D0",-2.25259744183803,16.186394339689,18.0157891715652,11.3836346894858
"233_D0",233,"D0",-21.1985391116367,-0.813064510242127,18.0157891715652,11.3836346894858
"233_D3",233,"D3",-2.59623682747583,-0.830540930278964,18.0157891715652,11.3836346894858
"234_D0",234,"D0",-6.6674637972186,1.51069570386185,18.0157891715652,11.3836346894858
"235_D0",235,"D0",2.74985413508952,6.19885834713721,18.0157891715652,11.3836346894858
"235_D3",235,"D3",-13.0271651453372,3.56270488774469,18.0157891715652,11.3836346894858
"236_D0",236,"D0",2.78360580064422,8.54474958917369,18.0157891715652,11.3836346894858
"236_D3",236,"D3",-5.21291189425727,2.91943772448518,18.0157891715652,11.3836346894858
"236_D7",236,"D7",-14.9192968536658,0.456227573087773,18.0157891715652,11.3836346894858
"237_D0",237,"D0",30.1847868327299,16.4296693911966,18.0157891715652,11.3836346894858
"238_D0",238,"D0",-21.9258228022962,-34.9538755016575,18.0157891715652,11.3836346894858
"238_D3",238,"D3",-15.1366439685117,-37.7374407274925,18.0157891715652,11.3836346894858
"238_D7",238,"D7",-10.7044755883778,-32.2422525749583,18.0157891715652,11.3836346894858
"239_D0",239,"D0",-17.9514203740705,9.42985067774017,18.0157891715652,11.3836346894858
"239_D3",239,"D3",-2.49130835404292,4.24261665794863,18.0157891715652,11.3836346894858
"239_D7",239,"D7",-9.43315853017949,4.45410604472257,18.0157891715652,11.3836346894858
"23_D0",23,"D0",25.8553483146808,-12.2371439558249,18.0157891715652,11.3836346894858
"23_D3",23,"D3",-18.7560483704561,-13.8691677253143,18.0157891715652,11.3836346894858
"240_D0",240,"D0",-3.17472840088662,-5.71053474739081,18.0157891715652,11.3836346894858
"241_D0",241,"D0",-13.9366982659928,9.56066454996511,18.0157891715652,11.3836346894858
"241_D3",241,"D3",33.1612557260632,3.20746634552569,18.0157891715652,11.3836346894858
"241_D7",241,"D7",-12.3847031390848,-4.76670942925109,18.0157891715652,11.3836346894858
"242_D0",242,"D0",-1.12432393634606,17.025105594508,18.0157891715652,11.3836346894858
"242_D3",242,"D3",-16.5547753522617,13.3047789490281,18.0157891715652,11.3836346894858
"242_D7",242,"D7",-2.31578741560411,15.1773672526472,18.0157891715652,11.3836346894858
"243_D0",243,"D0",48.5329328200523,2.12510070648878,18.0157891715652,11.3836346894858
"244_D0",244,"D0",-1.35934120866278,6.32875268019806,18.0157891715652,11.3836346894858
"244_D3",244,"D3",24.6360364273231,2.3594472003051,18.0157891715652,11.3836346894858
"244_D7",244,"D7",31.893236037874,1.21452534504594,18.0157891715652,11.3836346894858
"245_D0",245,"D0",-12.4545737131961,12.4865359639279,18.0157891715652,11.3836346894858
"246_D0",246,"D0",-11.8350808856186,11.5840171434606,18.0157891715652,11.3836346894858
"247_D0",247,"D0",-2.01935206987885,2.64005776638551,18.0157891715652,11.3836346894858
"248_D0",248,"D0",-16.8963860160304,-35.6511386137059,18.0157891715652,11.3836346894858
"249_D0",249,"D0",29.7812423936275,9.88170264201433,18.0157891715652,11.3836346894858
"249_D3",249,"D3",-7.1231838352846,5.88163571777747,18.0157891715652,11.3836346894858
"24_D0",24,"D0",10.9499069156827,3.0042990315119,18.0157891715652,11.3836346894858
"24_D3",24,"D3",-16.7632742160548,3.63454007191699,18.0157891715652,11.3836346894858
"250_D0",250,"D0",-3.63147172621898,14.0401862492328,18.0157891715652,11.3836346894858
"250_D3",250,"D3",43.5479501074816,1.86174566436511,18.0157891715652,11.3836346894858
"250_D7",250,"D7",35.3359452430023,2.78847510087026,18.0157891715652,11.3836346894858
"251_D0",251,"D0",6.04944391138641,-8.69781956796641,18.0157891715652,11.3836346894858
"251_D3",251,"D3",19.9531717293177,-18.8266574450159,18.0157891715652,11.3836346894858
"251_D7",251,"D7",-4.36044891125163,-25.5109568837861,18.0157891715652,11.3836346894858
"251_DE",251,"DE",-18.1703203488804,-17.3206682074835,18.0157891715652,11.3836346894858
"252_D0",252,"D0",20.2496273836136,-13.2133440700161,18.0157891715652,11.3836346894858
"253_D0",253,"D0",17.2838336248629,12.3858872356833,18.0157891715652,11.3836346894858
"253_D3",253,"D3",0.487318210202811,10.55100596774,18.0157891715652,11.3836346894858
"254_D0",254,"D0",-12.2668630395475,4.17330057904419,18.0157891715652,11.3836346894858
"254_D3",254,"D3",3.80346393154106,2.38291946785707,18.0157891715652,11.3836346894858
"254_D7",254,"D7",30.4320563564847,4.28870182028968,18.0157891715652,11.3836346894858
"255_D0",255,"D0",-8.86309367592581,-10.5781780649055,18.0157891715652,11.3836346894858
"255_D3",255,"D3",-8.2808658722049,-14.330417493595,18.0157891715652,11.3836346894858
"256_D0",256,"D0",-14.3667815777699,4.18006227654964,18.0157891715652,11.3836346894858
"257_D0",257,"D0",-14.5552528747623,-16.6678929332817,18.0157891715652,11.3836346894858
"257_D3",257,"D3",-24.1799474444062,-18.7727159767358,18.0157891715652,11.3836346894858
"258_D0",258,"D0",1.30500479631974,18.9548459045632,18.0157891715652,11.3836346894858
"259_D0",259,"D0",30.8796739816813,16.3150486256137,18.0157891715652,11.3836346894858
"259_D3",259,"D3",15.3468257765416,-8.71171443336477,18.0157891715652,11.3836346894858
"259_D7",259,"D7",32.1558564428657,-5.10551091671146,18.0157891715652,11.3836346894858
"259_DE",259,"DE",19.9421141183685,-18.6492951273065,18.0157891715652,11.3836346894858
"25_D0",25,"D0",-8.74594192398874,-4.32783923132389,18.0157891715652,11.3836346894858
"260_D0",260,"D0",-29.8874661890896,-0.054869276765343,18.0157891715652,11.3836346894858
"261_D0",261,"D0",-11.3619148699432,5.00301744158152,18.0157891715652,11.3836346894858
"261_D3",261,"D3",-9.1102986644223,-4.68416137474455,18.0157891715652,11.3836346894858
"261_D7",261,"D7",1.36700893168035,-7.78279182341537,18.0157891715652,11.3836346894858
"261_DE",261,"DE",6.19236163439021,-7.391340897893,18.0157891715652,11.3836346894858
"262_D0",262,"D0",-13.304948214623,9.26632740643771,18.0157891715652,11.3836346894858
"262_D3",262,"D3",14.0286984973515,4.86213397232186,18.0157891715652,11.3836346894858
"263_D0",263,"D0",14.779480882523,7.23072979610361,18.0157891715652,11.3836346894858
"263_D3",263,"D3",-6.10945839810202,-0.609558154710534,18.0157891715652,11.3836346894858
"263_D7",263,"D7",-10.2332752638016,-7.20991958976283,18.0157891715652,11.3836346894858
"263_DE",263,"DE",-16.2373596169823,-3.72190118035654,18.0157891715652,11.3836346894858
"264_D0",264,"D0",-24.0064551992813,14.0749976239549,18.0157891715652,11.3836346894858
"264_D3",264,"D3",-14.832166361626,10.9425881451089,18.0157891715652,11.3836346894858
"264_D7",264,"D7",-10.6082893573262,11.6161157111706,18.0157891715652,11.3836346894858
"265_D0",265,"D0",-31.361467431771,-22.9853714083811,18.0157891715652,11.3836346894858
"266_D0",266,"D0",-0.794579923028803,-5.73940129379704,18.0157891715652,11.3836346894858
"267_D0",267,"D0",-11.4215341771683,0.807923946094535,18.0157891715652,11.3836346894858
"267_D3",267,"D3",40.0892802054246,-4.09574178177848,18.0157891715652,11.3836346894858
"267_D7",267,"D7",22.1920148923734,-11.3805083308936,18.0157891715652,11.3836346894858
"267_DE",267,"DE",14.659669304603,-13.5307984125576,18.0157891715652,11.3836346894858
"268_D0",268,"D0",21.0649334156314,10.1424980383858,18.0157891715652,11.3836346894858
"26_D0",26,"D0",7.28550835055885,15.4061628856886,18.0157891715652,11.3836346894858
"270_D0",270,"D0",-16.8207149095423,-33.0986804463669,18.0157891715652,11.3836346894858
"271_D0",271,"D0",-8.37663398285652,-12.4887647663161,18.0157891715652,11.3836346894858
"272_D0",272,"D0",-14.5964809453942,11.8964903932656,18.0157891715652,11.3836346894858
"273_D0",273,"D0",-9.22317003782568,10.3241203555794,18.0157891715652,11.3836346894858
"274_D0",274,"D0",1.43033815042154,-5.67383581684538,18.0157891715652,11.3836346894858
"274_D3",274,"D3",7.55198721574639,-12.8990094220613,18.0157891715652,11.3836346894858
"275_D0",275,"D0",-18.3746439354979,19.1641188870297,18.0157891715652,11.3836346894858
"276_D0",276,"D0",-0.799439948046518,-12.3930733698377,18.0157891715652,11.3836346894858
"277_D0",277,"D0",17.1708944664584,12.3549750485784,18.0157891715652,11.3836346894858
"278_D0",278,"D0",19.8611163342199,9.80002040683721,18.0157891715652,11.3836346894858
"279_D0",279,"D0",-28.3467662915454,10.3944477635691,18.0157891715652,11.3836346894858
"27_D0",27,"D0",-13.7011106784694,7.33827553303754,18.0157891715652,11.3836346894858
"280_D0",280,"D0",-0.616249315127948,6.34887384162158,18.0157891715652,11.3836346894858
"280_D3",280,"D3",2.72238902029016,-6.64900765048303,18.0157891715652,11.3836346894858
"280_D7",280,"D7",11.7329688137034,-5.95060401444465,18.0157891715652,11.3836346894858
"281_D0",281,"D0",-4.84748965376135,-15.3781025588513,18.0157891715652,11.3836346894858
"282_D0",282,"D0",-17.3065722566905,11.7590868870969,18.0157891715652,11.3836346894858
"282_D7",282,"D7",-6.73849538902594,6.27146403865728,18.0157891715652,11.3836346894858
"283_D0",283,"D0",-18.8648923173549,9.3198891222729,18.0157891715652,11.3836346894858
"283_D3",283,"D3",-12.8255914115788,8.89937768471049,18.0157891715652,11.3836346894858
"283_D7",283,"D7",-7.45927753885062,1.52830758823253,18.0157891715652,11.3836346894858
"284_D0",284,"D0",4.02335002277625,15.8913914372168,18.0157891715652,11.3836346894858
"285_D0",285,"D0",-14.3793447852711,11.5756693776235,18.0157891715652,11.3836346894858
"285_D3",285,"D3",-9.81572332221496,-0.539506306412852,18.0157891715652,11.3836346894858
"285_D7",285,"D7",-11.8189359519604,-12.0941659056736,18.0157891715652,11.3836346894858
"286_D0",286,"D0",-20.6493309852044,-9.08139139987847,18.0157891715652,11.3836346894858
"286_D3",286,"D3",22.6811864602894,-12.4400453341799,18.0157891715652,11.3836346894858
"287_D0",287,"D0",-25.539136144793,9.19583763959072,18.0157891715652,11.3836346894858
"288_D0",288,"D0",-4.83954052676803,6.96362674391201,18.0157891715652,11.3836346894858
"288_D3",288,"D3",-4.78239234867385,-2.36860985720981,18.0157891715652,11.3836346894858
"288_D7",288,"D7",15.8533655641679,-4.53476746919664,18.0157891715652,11.3836346894858
"289_D0",289,"D0",-3.82465688202979,21.2433987396587,18.0157891715652,11.3836346894858
"289_D3",289,"D3",-10.1678065292751,18.5589955397951,18.0157891715652,11.3836346894858
"28_D0",28,"D0",-17.4586948819033,5.72664921744844,18.0157891715652,11.3836346894858
"290_D0",290,"D0",5.17382184170444,4.01818849418446,18.0157891715652,11.3836346894858
"291_D0",291,"D0",0.206768077022277,4.55292661423105,18.0157891715652,11.3836346894858
"291_D3",291,"D3",-5.55749581888366,-13.5295702409726,18.0157891715652,11.3836346894858
"291_D7",291,"D7",10.6888283746305,-22.1108362015791,18.0157891715652,11.3836346894858
"292_D0",292,"D0",7.3644383798088,-35.0361778897097,18.0157891715652,11.3836346894858
"292_D3",292,"D3",-14.3272518669775,-33.6798625758757,18.0157891715652,11.3836346894858
"292_D7",292,"D7",6.09819137552727,-28.4046514610906,18.0157891715652,11.3836346894858
"293_D0",293,"D0",17.5448416557905,2.52864882394207,18.0157891715652,11.3836346894858
"294_D0",294,"D0",12.2067264291849,-17.3996852469734,18.0157891715652,11.3836346894858
"295_D0",295,"D0",-20.2493034136105,12.8487310570163,18.0157891715652,11.3836346894858
"295_D3",295,"D3",15.2502271228462,6.29380870469562,18.0157891715652,11.3836346894858
"295_D7",295,"D7",11.9741964129147,-14.1308975003917,18.0157891715652,11.3836346894858
"295_DE",295,"DE",-10.5132027337001,-29.032706585538,18.0157891715652,11.3836346894858
"296_D0",296,"D0",-3.41618455837304,1.90295417337826,18.0157891715652,11.3836346894858
"297_D0",297,"D0",-18.2902607006873,10.8903886003672,18.0157891715652,11.3836346894858
"297_D3",297,"D3",-16.1338766165872,7.14558526994232,18.0157891715652,11.3836346894858
"298_D0",298,"D0",-15.8091206881665,8.73697999426174,18.0157891715652,11.3836346894858
"299_D0",299,"D0",-15.4285051240377,15.7465801487419,18.0157891715652,11.3836346894858
"299_D3",299,"D3",-9.07202415414362,13.2834982055525,18.0157891715652,11.3836346894858
"29_D0",29,"D0",37.7577484728336,15.9507936932145,18.0157891715652,11.3836346894858
"29_D3",29,"D3",50.9134016763088,9.12183601632331,18.0157891715652,11.3836346894858
"29_D7",29,"D7",16.9244167794377,6.1912604736132,18.0157891715652,11.3836346894858
"29_DE",29,"DE",-5.75741026781455,15.5215494149441,18.0157891715652,11.3836346894858
"2_D0",2,"D0",31.7476134178557,13.0640109483118,18.0157891715652,11.3836346894858
"2_D3",2,"D3",-8.37774777973269,12.4360028228003,18.0157891715652,11.3836346894858
"300_D0",300,"D0",3.37568413802742,6.88162320865689,18.0157891715652,11.3836346894858
"300_D3",300,"D3",1.69401551864904,7.78232345844687,18.0157891715652,11.3836346894858
"300_D7",300,"D7",8.04214361371274,6.986080045609,18.0157891715652,11.3836346894858
"301_D0",301,"D0",-24.6365409955545,-9.85738042395069,18.0157891715652,11.3836346894858
"302_D0",302,"D0",-12.975742818744,-13.5743343515126,18.0157891715652,11.3836346894858
"302_D3",302,"D3",-20.7736870569758,-10.409952192519,18.0157891715652,11.3836346894858
"303_D0",303,"D0",-4.13201579344715,6.94542312610727,18.0157891715652,11.3836346894858
"304_D0",304,"D0",-9.34360629029239,15.1727140049707,18.0157891715652,11.3836346894858
"305_D0",305,"D0",10.2464611298176,16.7800093452871,18.0157891715652,11.3836346894858
"305_D3",305,"D3",-10.6508169228941,8.68030387475223,18.0157891715652,11.3836346894858
"306_D0",306,"D0",-16.7001782155704,12.3025059770013,18.0157891715652,11.3836346894858
"306_D3",306,"D3",-18.2571826020323,-6.42813037602466,18.0157891715652,11.3836346894858
"307_D0",307,"D0",6.55915738663213,13.9603082620274,18.0157891715652,11.3836346894858
"307_D3",307,"D3",-10.4289044354818,11.9984060484728,18.0157891715652,11.3836346894858
"307_D7",307,"D7",-18.319599912751,10.109420357957,18.0157891715652,11.3836346894858
"308_D0",308,"D0",8.45112085836331,-19.7149719379933,18.0157891715652,11.3836346894858
"309_D0",309,"D0",-22.6813905134678,-4.32295644225361,18.0157891715652,11.3836346894858
"309_D3",309,"D3",2.51871048452688,-4.85740661523474,18.0157891715652,11.3836346894858
"309_D7",309,"D7",-4.2219254577216,-5.99955016140685,18.0157891715652,11.3836346894858
"30_D0",30,"D0",11.3240546031664,-3.02054058058934,18.0157891715652,11.3836346894858
"310_D0",310,"D0",5.81746437038168,13.8525847126059,18.0157891715652,11.3836346894858
"310_D7",310,"D7",-9.62142811163439,4.82483976142306,18.0157891715652,11.3836346894858
"311_D0",311,"D0",40.8945363264962,7.75439747634124,18.0157891715652,11.3836346894858
"311_D3",311,"D3",32.719847090184,-4.52239275084128,18.0157891715652,11.3836346894858
"311_D7",311,"D7",5.45504459438813,-9.201929727092,18.0157891715652,11.3836346894858
"311_DE",311,"DE",12.5172335410383,-13.1577761032653,18.0157891715652,11.3836346894858
"312_D0",312,"D0",-12.0992622457042,-2.77650958801159,18.0157891715652,11.3836346894858
"312_D3",312,"D3",9.33272427818155,-6.73179991439477,18.0157891715652,11.3836346894858
"312_D7",312,"D7",9.04440778344809,-8.60782684819534,18.0157891715652,11.3836346894858
"312_DE",312,"DE",1.68660981220828,-11.7273515662616,18.0157891715652,11.3836346894858
"313_D0",313,"D0",-19.2709865025396,9.42377216946305,18.0157891715652,11.3836346894858
"313_D3",313,"D3",-12.4860683661134,9.552473478092,18.0157891715652,11.3836346894858
"314_D0",314,"D0",8.72030375766007,5.74563175736711,18.0157891715652,11.3836346894858
"315_D0",315,"D0",-0.988207905041384,-20.7972505055517,18.0157891715652,11.3836346894858
"316_D0",316,"D0",-19.2375107665495,9.58166093855334,18.0157891715652,11.3836346894858
"316_D3",316,"D3",-17.6394009010084,7.54017225067929,18.0157891715652,11.3836346894858
"317_D0",317,"D0",18.340675251351,6.66099143977669,18.0157891715652,11.3836346894858
"318_D0",318,"D0",19.6458179306338,-7.05366760159505,18.0157891715652,11.3836346894858
"319_D0",319,"D0",-10.7966310923816,8.72679759651272,18.0157891715652,11.3836346894858
"319_D3",319,"D3",3.94406979199208,-1.13539072622412,18.0157891715652,11.3836346894858
"319_D7",319,"D7",4.86842696795283,-2.84154691898157,18.0157891715652,11.3836346894858
"31_D0",31,"D0",-13.2513554167331,19.808216771825,18.0157891715652,11.3836346894858
"320_D0",320,"D0",-11.0109451702034,-27.2176345086009,18.0157891715652,11.3836346894858
"320_D3",320,"D3",7.5968762461397,-29.9705167934668,18.0157891715652,11.3836346894858
"320_D7",320,"D7",-23.686871764068,-30.7120474257887,18.0157891715652,11.3836346894858
"321_D0",321,"D0",40.7861217644158,16.1347597315655,18.0157891715652,11.3836346894858
"321_D7",321,"D7",13.2902354316501,10.4394258183977,18.0157891715652,11.3836346894858
"321_DE",321,"DE",21.1313687790201,13.6053458324788,18.0157891715652,11.3836346894858
"322_D0",322,"D0",-16.5215257715243,18.0988882283694,18.0157891715652,11.3836346894858
"323_D0",323,"D0",-24.4213052575879,15.8699216917578,18.0157891715652,11.3836346894858
"323_D3",323,"D3",-5.59684793895726,14.2642102702428,18.0157891715652,11.3836346894858
"324_D0",324,"D0",2.1038654087004,-23.9563572301156,18.0157891715652,11.3836346894858
"324_D3",324,"D3",-0.467838469241985,-13.9514309024241,18.0157891715652,11.3836346894858
"325_D0",325,"D0",-25.138528446235,6.99424825432098,18.0157891715652,11.3836346894858
"325_D3",325,"D3",2.46195119210415,3.72558055617228,18.0157891715652,11.3836346894858
"326_D0",326,"D0",-0.848058035088118,23.6546905597049,18.0157891715652,11.3836346894858
"326_D3",326,"D3",-9.35826056123565,8.65383603423739,18.0157891715652,11.3836346894858
"327_D0",327,"D0",-17.3703690233667,-13.5072755778632,18.0157891715652,11.3836346894858
"328_D0",328,"D0",-3.84535331523954,12.0097792205842,18.0157891715652,11.3836346894858
"328_D3",328,"D3",8.25315432360226,-3.39182754035354,18.0157891715652,11.3836346894858
"328_D7",328,"D7",-15.9827655442197,-9.01124813828652,18.0157891715652,11.3836346894858
"329_D0",329,"D0",-8.68077685044058,-16.9052588417848,18.0157891715652,11.3836346894858
"32_D0",32,"D0",-17.6837127439415,-1.59073818578875,18.0157891715652,11.3836346894858
"32_D3",32,"D3",-6.93290767750884,-3.33187819727139,18.0157891715652,11.3836346894858
"32_D7",32,"D7",3.67969851713087,-17.2144478923143,18.0157891715652,11.3836346894858
"330_D0",330,"D0",-11.8547200513804,-14.4373899221291,18.0157891715652,11.3836346894858
"330_D3",330,"D3",-7.22104633591037,-13.3243111774144,18.0157891715652,11.3836346894858
"330_D7",330,"D7",4.1474504703437,-8.66516622435659,18.0157891715652,11.3836346894858
"331_D0",331,"D0",-19.6060826976798,3.94476177129322,18.0157891715652,11.3836346894858
"331_D3",331,"D3",-10.2317616080037,3.36053517291665,18.0157891715652,11.3836346894858
"331_D7",331,"D7",9.51799790770969,-2.35964932403625,18.0157891715652,11.3836346894858
"332_D0",332,"D0",-1.71571440807637,-16.6711495626194,18.0157891715652,11.3836346894858
"333_D0",333,"D0",24.4585751522178,7.34902564297044,18.0157891715652,11.3836346894858
"333_D3",333,"D3",8.23480256727435,3.51531139368269,18.0157891715652,11.3836346894858
"333_D7",333,"D7",17.4736790826502,3.89215073698803,18.0157891715652,11.3836346894858
"334_D0",334,"D0",-9.56570398582106,-33.6501548536866,18.0157891715652,11.3836346894858
"334_D3",334,"D3",4.68022913509966,-27.4573579910019,18.0157891715652,11.3836346894858
"334_D7",334,"D7",3.10371774506633,-33.7811475831196,18.0157891715652,11.3836346894858
"334_DE",334,"DE",19.6102246002125,-35.9401472136532,18.0157891715652,11.3836346894858
"335_D0",335,"D0",6.70951590186677,-9.69791167311745,18.0157891715652,11.3836346894858
"336_D0",336,"D0",11.2118448262948,11.5958133690288,18.0157891715652,11.3836346894858
"336_D3",336,"D3",5.60066337556639,8.54443375072159,18.0157891715652,11.3836346894858
"336_D7",336,"D7",14.5588094869032,7.29479598539581,18.0157891715652,11.3836346894858
"337_D0",337,"D0",-19.7316899338578,14.5609217774094,18.0157891715652,11.3836346894858
"338_D0",338,"D0",11.3039860224518,-11.5170239210292,18.0157891715652,11.3836346894858
"339_D0",339,"D0",4.28089642056265,0.910782094562944,18.0157891715652,11.3836346894858
"33_D0",33,"D0",0.382389352607744,-0.476771253275715,18.0157891715652,11.3836346894858
"340_D0",340,"D0",3.0219506049261,12.7737522819782,18.0157891715652,11.3836346894858
"340_D3",340,"D3",0.408688282580306,9.09050129393536,18.0157891715652,11.3836346894858
"340_D7",340,"D7",-7.70464687816752,7.06893068038058,18.0157891715652,11.3836346894858
"341_D0",341,"D0",-19.2109313023089,4.75935705076643,18.0157891715652,11.3836346894858
"341_D3",341,"D3",6.93797193871827,-5.54121491969657,18.0157891715652,11.3836346894858
"342_D0",342,"D0",22.642936951366,11.5249239092369,18.0157891715652,11.3836346894858
"342_D3",342,"D3",-6.16695884172245,11.6603646985013,18.0157891715652,11.3836346894858
"342_D7",342,"D7",-16.257513495783,12.2714496076554,18.0157891715652,11.3836346894858
"343_D0",343,"D0",-28.395881303927,-24.7788242441624,18.0157891715652,11.3836346894858
"344_D0",344,"D0",23.0771243840361,2.03547701619774,18.0157891715652,11.3836346894858
"344_D3",344,"D3",7.50894827002114,-15.3936420756456,18.0157891715652,11.3836346894858
"344_D7",344,"D7",11.2964969051176,-22.6129609520821,18.0157891715652,11.3836346894858
"344_DE",344,"DE",-2.61708875323091,-21.3941852914323,18.0157891715652,11.3836346894858
"345_D0",345,"D0",-3.32369078214534,-11.7955305077191,18.0157891715652,11.3836346894858
"345_D3",345,"D3",1.22858763767032,-9.9962398454714,18.0157891715652,11.3836346894858
"345_D7",345,"D7",34.5029842410183,-12.8744871078601,18.0157891715652,11.3836346894858
"346_D0",346,"D0",-1.98485709481224,12.997545914105,18.0157891715652,11.3836346894858
"346_D3",346,"D3",28.8540253570823,-0.86258957396318,18.0157891715652,11.3836346894858
"346_D7",346,"D7",-3.09544484048076,-9.88637726672951,18.0157891715652,11.3836346894858
"347_D0",347,"D0",-12.6571427142648,14.4285560136038,18.0157891715652,11.3836346894858
"347_D7",347,"D7",33.6424340826199,6.9312692477157,18.0157891715652,11.3836346894858
"348_D0",348,"D0",-20.0167820392205,3.45450769841017,18.0157891715652,11.3836346894858
"348_D3",348,"D3",13.0275923300642,-9.48778648583536,18.0157891715652,11.3836346894858
"348_D7",348,"D7",4.70115176488736,-7.38343418945764,18.0157891715652,11.3836346894858
"348_DE",348,"DE",9.00232202633981,-31.9756952636601,18.0157891715652,11.3836346894858
"349_D0",349,"D0",32.0604058824824,1.26431581817827,18.0157891715652,11.3836346894858
"349_D3",349,"D3",21.8280093971525,-1.66749208984334,18.0157891715652,11.3836346894858
"349_D7",349,"D7",30.1037691614968,-1.05338304224611,18.0157891715652,11.3836346894858
"34_D0",34,"D0",-10.095098161301,-17.1040467269894,18.0157891715652,11.3836346894858
"350_D0",350,"D0",0.912819107385762,13.0034431490376,18.0157891715652,11.3836346894858
"351_D0",351,"D0",-22.5954749003726,6.3268052444978,18.0157891715652,11.3836346894858
"352_D0",352,"D0",2.64907490570084,-1.3169700890121,18.0157891715652,11.3836346894858
"352_D3",352,"D3",-14.2408925678022,-4.01635945033284,18.0157891715652,11.3836346894858
"352_D7",352,"D7",17.9158335717161,-5.42125950319354,18.0157891715652,11.3836346894858
"352_DE",352,"DE",1.04844858377262,-6.73991503875913,18.0157891715652,11.3836346894858
"353_D0",353,"D0",-1.35687365032786,5.83480899822736,18.0157891715652,11.3836346894858
"353_D3",353,"D3",5.49836310795199,-5.95093460200952,18.0157891715652,11.3836346894858
"353_D7",353,"D7",-9.07640920387354,-10.7757773506335,18.0157891715652,11.3836346894858
"353_DE",353,"DE",7.16155783608117,-21.8634431354271,18.0157891715652,11.3836346894858
"354_D0",354,"D0",-8.71945440550315,-3.03414037407764,18.0157891715652,11.3836346894858
"354_D3",354,"D3",-6.31538155142879,-6.732794696276,18.0157891715652,11.3836346894858
"354_D7",354,"D7",24.2743528857099,-7.20661171319031,18.0157891715652,11.3836346894858
"355_D0",355,"D0",4.72232056258335,6.41062914586644,18.0157891715652,11.3836346894858
"355_D3",355,"D3",9.38953665719897,-1.82373275957785,18.0157891715652,11.3836346894858
"355_D7",355,"D7",0.444948155191695,-2.92609516406647,18.0157891715652,11.3836346894858
"356_D0",356,"D0",-14.4013344044676,6.84932019142044,18.0157891715652,11.3836346894858
"356_D3",356,"D3",30.0264099735537,3.23164469716689,18.0157891715652,11.3836346894858
"356_D7",356,"D7",28.9271185028358,0.732105670550378,18.0157891715652,11.3836346894858
"357_D0",357,"D0",-15.752307710389,-6.04968056359201,18.0157891715652,11.3836346894858
"357_D3",357,"D3",-14.3791483615163,-12.8352538232501,18.0157891715652,11.3836346894858
"357_D7",357,"D7",7.02489943623417,-10.4680647921339,18.0157891715652,11.3836346894858
"358_D0",358,"D0",-13.3254208999847,4.55767993068281,18.0157891715652,11.3836346894858
"358_D3",358,"D3",-15.1172882611192,-0.892776926376897,18.0157891715652,11.3836346894858
"358_D7",358,"D7",11.7864767998423,-5.06494342749461,18.0157891715652,11.3836346894858
"358_DE",358,"DE",-11.6754367306491,-28.7484552709098,18.0157891715652,11.3836346894858
"359_D0",359,"D0",8.16215767850156,-3.52488420387534,18.0157891715652,11.3836346894858
"35_D0",35,"D0",26.0469086794463,14.0473446748411,18.0157891715652,11.3836346894858
"35_D3",35,"D3",-7.23619705708962,12.5151903995455,18.0157891715652,11.3836346894858
"360_D0",360,"D0",7.093334465087,14.9794201664933,18.0157891715652,11.3836346894858
"360_D3",360,"D3",43.8879754203907,13.731752547489,18.0157891715652,11.3836346894858
"361_D0",361,"D0",-14.7243263518211,-2.66215376436856,18.0157891715652,11.3836346894858
"362_D0",362,"D0",-10.597480255059,7.27505087298784,18.0157891715652,11.3836346894858
"362_D3",362,"D3",9.60618925098215,5.10133875658814,18.0157891715652,11.3836346894858
"362_D7",362,"D7",-8.05032176484562,2.94996014946149,18.0157891715652,11.3836346894858
"363_D0",363,"D0",-2.25487832787885,0.158582641505703,18.0157891715652,11.3836346894858
"363_D3",363,"D3",5.75796894617963,8.14014502168074,18.0157891715652,11.3836346894858
"363_D7",363,"D7",3.96295937722191,6.44872246558793,18.0157891715652,11.3836346894858
"364_D0",364,"D0",-10.7695879441245,6.12476266539626,18.0157891715652,11.3836346894858
"364_D3",364,"D3",23.4640492653035,0.0225660549623709,18.0157891715652,11.3836346894858
"364_D7",364,"D7",0.576273610129608,-2.19026033767636,18.0157891715652,11.3836346894858
"364_DE",364,"DE",5.01117570726326,3.41006247929569,18.0157891715652,11.3836346894858
"365_D0",365,"D0",10.1559904204658,-34.0616047888491,18.0157891715652,11.3836346894858
"366_D0",366,"D0",-12.7584026776976,-15.4432249588332,18.0157891715652,11.3836346894858
"366_D3",366,"D3",-17.1055211866284,-15.5679423415636,18.0157891715652,11.3836346894858
"367_D0",367,"D0",-18.8451111893853,-3.31227444400319,18.0157891715652,11.3836346894858
"367_D3",367,"D3",18.9557953093489,-2.28773342887724,18.0157891715652,11.3836346894858
"367_D7",367,"D7",31.1702028158138,-1.58590255396114,18.0157891715652,11.3836346894858
"368_D0",368,"D0",-15.1109010883437,-35.0214943627763,18.0157891715652,11.3836346894858
"368_D7",368,"D7",-7.97163818002845,-24.0696227041819,18.0157891715652,11.3836346894858
"369_D0",369,"D0",10.2461776255304,13.7715904502106,18.0157891715652,11.3836346894858
"369_D3",369,"D3",-0.62884996900299,9.21218678027246,18.0157891715652,11.3836346894858
"369_D7",369,"D7",2.87231434012431,8.94898169805532,18.0157891715652,11.3836346894858
"36_D0",36,"D0",-7.30490587894055,3.97086317359271,18.0157891715652,11.3836346894858
"36_D3",36,"D3",-4.94467230929017,-3.38464909962896,18.0157891715652,11.3836346894858
"36_D7",36,"D7",27.8212773727662,-6.82156242156766,18.0157891715652,11.3836346894858
"370_D0",370,"D0",-0.388572196497315,1.67749671989982,18.0157891715652,11.3836346894858
"371_D0",371,"D0",7.10966834888193,10.4774855933348,18.0157891715652,11.3836346894858
"371_D3",371,"D3",12.4855317526275,-8.17390570716826,18.0157891715652,11.3836346894858
"372_D0",372,"D0",-11.7115012318506,16.4524343558492,18.0157891715652,11.3836346894858
"373_D0",373,"D0",-6.96386068672672,15.9239988143993,18.0157891715652,11.3836346894858
"374_D0",374,"D0",-6.62974489970268,-0.530970410782619,18.0157891715652,11.3836346894858
"374_D3",374,"D3",-7.11214579924882,-3.71580007403893,18.0157891715652,11.3836346894858
"375_D0",375,"D0",5.53218451243723,8.15434588696547,18.0157891715652,11.3836346894858
"375_D3",375,"D3",14.6206410493314,-5.82073540285739,18.0157891715652,11.3836346894858
"375_D7",375,"D7",8.80601413268294,-15.8857178023156,18.0157891715652,11.3836346894858
"376_D0",376,"D0",-11.4160106389196,7.03329852832528,18.0157891715652,11.3836346894858
"376_D3",376,"D3",6.41085029294173,7.85944365631262,18.0157891715652,11.3836346894858
"377_D0",377,"D0",-16.855563101776,4.03745954008007,18.0157891715652,11.3836346894858
"377_D3",377,"D3",-14.6274958267188,7.08018454269209,18.0157891715652,11.3836346894858
"378_D0",378,"D0",-15.0953211149593,11.8281614353957,18.0157891715652,11.3836346894858
"378_D3",378,"D3",6.70419669678147,7.01119049568582,18.0157891715652,11.3836346894858
"379_D0",379,"D0",1.35619600523724,7.50337026334882,18.0157891715652,11.3836346894858
"379_D3",379,"D3",3.63210688205285,4.86993813725713,18.0157891715652,11.3836346894858
"379_D7",379,"D7",-17.4644330426057,4.33470064836772,18.0157891715652,11.3836346894858
"37_D0",37,"D0",0.661915661868409,2.21966046153792,18.0157891715652,11.3836346894858
"37_D3",37,"D3",36.9404203065409,-6.52680661692643,18.0157891715652,11.3836346894858
"37_D7",37,"D7",-2.50468077631046,-10.2680205215379,18.0157891715652,11.3836346894858
"380_D0",380,"D0",10.1858974717414,13.4902198498983,18.0157891715652,11.3836346894858
"380_D3",380,"D3",-0.137370166500997,2.67221293295967,18.0157891715652,11.3836346894858
"380_D7",380,"D7",43.7202392263387,0.0198759094506782,18.0157891715652,11.3836346894858
"381_D0",381,"D0",8.20286223392809,-14.968040199874,18.0157891715652,11.3836346894858
"382_D0",382,"D0",-16.3139828804032,10.0729574760009,18.0157891715652,11.3836346894858
"382_D3",382,"D3",30.5635311134053,6.26718957510646,18.0157891715652,11.3836346894858
"382_D7",382,"D7",-9.98086331290346,-1.68260298636146,18.0157891715652,11.3836346894858
"383_D0",383,"D0",-8.60203125348216,-1.48348844658317,18.0157891715652,11.3836346894858
"383_D3",383,"D3",1.32523314307483,-25.2353976128118,18.0157891715652,11.3836346894858
"383_D7",383,"D7",16.8570420086359,-23.8117833916032,18.0157891715652,11.3836346894858
"383_DE",383,"DE",4.39027890051766,-37.6491307777095,18.0157891715652,11.3836346894858
"384_D0",384,"D0",-11.1127556694171,-3.4684523133124,18.0157891715652,11.3836346894858
"384_D7",384,"D7",-21.5686866581564,-4.35205220413374,18.0157891715652,11.3836346894858
"385_D0",385,"D0",13.6511880738388,7.81304234732034,18.0157891715652,11.3836346894858
"385_D3",385,"D3",-6.91757247243376,3.43049572410394,18.0157891715652,11.3836346894858
"386_D0",386,"D0",-18.8442313090283,8.53991338187043,18.0157891715652,11.3836346894858
"38_D0",38,"D0",-7.04043735954781,14.4671323083499,18.0157891715652,11.3836346894858
"38_D3",38,"D3",17.4885308084867,8.09657727604343,18.0157891715652,11.3836346894858
"39_D0",39,"D0",-13.6978210423938,16.2304820682413,18.0157891715652,11.3836346894858
"39_D3",39,"D3",37.5648666019667,7.4453653913118,18.0157891715652,11.3836346894858
"39_D7",39,"D7",20.1120506317919,-7.70952098977025,18.0157891715652,11.3836346894858
"39_DE",39,"DE",4.21382533432905,1.30429963066234,18.0157891715652,11.3836346894858
"3_D0",3,"D0",5.08846114251689,-3.33175524628361,18.0157891715652,11.3836346894858
"3_D3",3,"D3",-4.87249910898779,-1.00234926614739,18.0157891715652,11.3836346894858
"40_D0",40,"D0",1.74563927554465,5.69902739996613,18.0157891715652,11.3836346894858
"40_D3",40,"D3",0.34234981950215,6.96187280170721,18.0157891715652,11.3836346894858
"41_D0",41,"D0",3.24657914091534,10.0410347303343,18.0157891715652,11.3836346894858
"42_D0",42,"D0",-14.9561607959231,10.4577831039659,18.0157891715652,11.3836346894858
"42_D3",42,"D3",-7.47312697148208,-4.84583052979096,18.0157891715652,11.3836346894858
"42_D7",42,"D7",46.4744169447159,-5.35175755215717,18.0157891715652,11.3836346894858
"42_DE",42,"DE",-11.3568329363338,-5.49857102777912,18.0157891715652,11.3836346894858
"43_D0",43,"D0",0.728087982282718,-0.0110630034025504,18.0157891715652,11.3836346894858
"43_D3",43,"D3",8.80815951677551,-6.12542171712137,18.0157891715652,11.3836346894858
"43_D7.1",43,"D7",21.6276742387351,-3.30375423901202,18.0157891715652,11.3836346894858
"44_D0",44,"D0",-6.90103588668107,-2.22973886256529,18.0157891715652,11.3836346894858
"45_D0",45,"D0",-2.40204230460329,-18.0595667114508,18.0157891715652,11.3836346894858
"45_D3",45,"D3",3.06374190105293,-26.4881007556044,18.0157891715652,11.3836346894858
"45_D7",45,"D7",6.37219600276369,-24.9941378792538,18.0157891715652,11.3836346894858
"46_D0",46,"D0",4.76891848941152,1.30671769831384,18.0157891715652,11.3836346894858
"47_D0",47,"D0",14.8998224369485,6.54236483912337,18.0157891715652,11.3836346894858
"48_D0",48,"D0",-29.837432821632,-1.65682658799715,18.0157891715652,11.3836346894858
"48_D3",48,"D3",-20.43170891357,-1.5985033978171,18.0157891715652,11.3836346894858
"49_D0",49,"D0",-12.4772893497523,0.100120044116227,18.0157891715652,11.3836346894858
"49_D3",49,"D3",41.5487795970242,-6.04308563615597,18.0157891715652,11.3836346894858
"49_D7",49,"D7",12.0539678054772,-13.4548651616182,18.0157891715652,11.3836346894858
"49_DE",49,"DE",-7.63370796314785,-4.80090134413382,18.0157891715652,11.3836346894858
"4_D0",4,"D0",-15.1030114243419,20.6098547922872,18.0157891715652,11.3836346894858
"4_D3",4,"D3",-14.7946395548294,13.7781892713001,18.0157891715652,11.3836346894858
"50_D0",50,"D0",-8.26850274737292,11.8902661264784,18.0157891715652,11.3836346894858
"50_D3",50,"D3",-7.05673927448579,14.3663110621591,18.0157891715652,11.3836346894858
"50_D7",50,"D7",14.7349567200556,10.5880781060258,18.0157891715652,11.3836346894858
"51_D0",51,"D0",-9.47551285596685,-2.39438753133673,18.0157891715652,11.3836346894858
"52_D0",52,"D0",-6.86765700417061,9.52486726837869,18.0157891715652,11.3836346894858
"52_D3",52,"D3",-14.7222141777625,-9.51610841442007,18.0157891715652,11.3836346894858
"52_D7",52,"D7",3.68959559025269,-13.2837284080728,18.0157891715652,11.3836346894858
"53_D0",53,"D0",3.5854321743881,-3.4878531744912,18.0157891715652,11.3836346894858
"53_D3",53,"D3",-11.4567222731354,-14.9972663000917,18.0157891715652,11.3836346894858
"53_D7",53,"D7",7.55627593226592,-21.019826897795,18.0157891715652,11.3836346894858
"54_D0",54,"D0",19.1838155525211,0.0697290851418997,18.0157891715652,11.3836346894858
"54_D3",54,"D3",17.7277890330237,-16.497979587641,18.0157891715652,11.3836346894858
"54_D7",54,"D7",23.820361129744,-14.395612864991,18.0157891715652,11.3836346894858
"54_DE",54,"DE",-8.56780438831955,-25.6910276258042,18.0157891715652,11.3836346894858
"55_D0",55,"D0",-28.2397085968014,6.30720728152757,18.0157891715652,11.3836346894858
"56_D0",56,"D0",-21.9302090097713,-20.5421682789922,18.0157891715652,11.3836346894858
"57_D0",57,"D0",-10.3140835354517,11.6340453945856,18.0157891715652,11.3836346894858
"57_D3",57,"D3",-10.9728137262209,8.51569308412779,18.0157891715652,11.3836346894858
"58_D0",58,"D0",-9.63040870574736,21.2868593990758,18.0157891715652,11.3836346894858
"59_D0",59,"D0",19.8131425009478,10.8119021203032,18.0157891715652,11.3836346894858
"59_D3",59,"D3",15.188117269747,2.4346309216278,18.0157891715652,11.3836346894858
"5_D0",5,"D0",-7.97213262806983,18.9119864364174,18.0157891715652,11.3836346894858
"5_D3",5,"D3",-9.53620396170348,18.1752513613592,18.0157891715652,11.3836346894858
"5_D7",5,"D7",-11.3787826967444,13.6629030580845,18.0157891715652,11.3836346894858
"60_D0",60,"D0",-0.0218316669188501,-2.91931727003104,18.0157891715652,11.3836346894858
"61_D0",61,"D0",1.87509695845001,-19.2351153123424,18.0157891715652,11.3836346894858
"61_D3",61,"D3",3.00640936095761,-22.7900345642106,18.0157891715652,11.3836346894858
"61_D7",61,"D7",-3.74325869340124,-25.17446723193,18.0157891715652,11.3836346894858
"62_D0",62,"D0",-8.25763077015197,9.06658943471495,18.0157891715652,11.3836346894858
"63_D0",63,"D0",-1.95342377028337,2.13638160965752,18.0157891715652,11.3836346894858
"63_D3",63,"D3",-3.42942495383658,2.33854936236486,18.0157891715652,11.3836346894858
"64_D0",64,"D0",-10.5307586843433,17.0451677676809,18.0157891715652,11.3836346894858
"65_D0",65,"D0",7.61924916315319,2.63805638446394,18.0157891715652,11.3836346894858
"66_D0",66,"D0",0.0320564754887094,-6.21502099363965,18.0157891715652,11.3836346894858
"66_D3",66,"D3",-10.4110300536437,2.08433737048856,18.0157891715652,11.3836346894858
"66_D7",66,"D7",16.6175702257614,4.19080953267405,18.0157891715652,11.3836346894858
"66_DE",66,"DE",-4.83685987060967,8.01937292322145,18.0157891715652,11.3836346894858
"67_D0",67,"D0",1.84389594341292,11.6051492852546,18.0157891715652,11.3836346894858
"68_D0",68,"D0",4.83542382334724,-5.02853186754306,18.0157891715652,11.3836346894858
"69_D0",69,"D0",-8.66239592275661,17.3663944819448,18.0157891715652,11.3836346894858
"6_D0",6,"D0",1.54389705637366,3.18760712863092,18.0157891715652,11.3836346894858
"6_D3",6,"D3",-11.7948381612698,-1.98965332769968,18.0157891715652,11.3836346894858
"6_D7",6,"D7",-12.3262836251478,-3.24963058756534,18.0157891715652,11.3836346894858
"70_D0",70,"D0",-12.7125111287747,1.26304545338806,18.0157891715652,11.3836346894858
"71_D0",71,"D0",-18.8755498276258,-7.89824178307277,18.0157891715652,11.3836346894858
"72_D0",72,"D0",-3.19148995291988,13.4516981958539,18.0157891715652,11.3836346894858
"73_D0",73,"D0",-17.2406635778621,13.9517243814098,18.0157891715652,11.3836346894858
"74_D0",74,"D0",-13.7324647656293,7.12481822435973,18.0157891715652,11.3836346894858
"74_D3",74,"D3",1.33473390951895,3.41619122717438,18.0157891715652,11.3836346894858
"74_D7",74,"D7",-17.9713090769987,1.52991918884224,18.0157891715652,11.3836346894858
"75_D0",75,"D0",-7.32519901649741,-17.9986108702628,18.0157891715652,11.3836346894858
"76_D0",76,"D0",10.8061335468141,-1.10567863206287,18.0157891715652,11.3836346894858
"76_D3",76,"D3",-11.0331816861716,-4.2141250123762,18.0157891715652,11.3836346894858
"77_D0",77,"D0",10.2800275074656,21.2355659554679,18.0157891715652,11.3836346894858
"77_D3",77,"D3",12.8967031895357,18.5123089767588,18.0157891715652,11.3836346894858
"78_D0",78,"D0",-19.8338208454632,9.4751180409554,18.0157891715652,11.3836346894858
"79_D0",79,"D0",-11.3955577290165,-2.98535756971097,18.0157891715652,11.3836346894858
"79_D3",79,"D3",26.8568792978146,-6.76959825633565,18.0157891715652,11.3836346894858
"79_D7",79,"D7",31.8808545025205,-8.28950380827365,18.0157891715652,11.3836346894858
"7_D0",7,"D0",6.40605201172383,15.6724344994181,18.0157891715652,11.3836346894858
"7_D3",7,"D3",-4.46514092598037,15.8469285999225,18.0157891715652,11.3836346894858
"80_D0",80,"D0",-11.9705394224109,-0.460913528910721,18.0157891715652,11.3836346894858
"80_D3",80,"D3",-5.43007741674469,-14.3643296411449,18.0157891715652,11.3836346894858
"80_D7",80,"D7",10.4781606322354,-29.7392822497038,18.0157891715652,11.3836346894858
"81_D0",81,"D0",-17.103941177433,10.527616424753,18.0157891715652,11.3836346894858
"82_D0",82,"D0",-8.41019057302861,14.2103583008404,18.0157891715652,11.3836346894858
"82_D3",82,"D3",-6.27955384747173,13.4284439071752,18.0157891715652,11.3836346894858
"83_D0",83,"D0",4.56484623205306,13.6348344697555,18.0157891715652,11.3836346894858
"83_D3",83,"D3",1.95437080784472,0.927537304870146,18.0157891715652,11.3836346894858
"84_D0",84,"D0",-8.9208553177233,13.1614376006079,18.0157891715652,11.3836346894858
"84_D3",84,"D3",-11.2586145425116,12.6193495557035,18.0157891715652,11.3836346894858
"85_D0",85,"D0",-25.6583577084675,-7.8119229938341,18.0157891715652,11.3836346894858
"86_D0",86,"D0",-7.28575955177721,10.5689274995328,18.0157891715652,11.3836346894858
"87_D0",87,"D0",-4.43510791126572,13.5440445133223,18.0157891715652,11.3836346894858
"87_D3",87,"D3",-13.4393151304534,6.3186613370453,18.0157891715652,11.3836346894858
"88_D0",88,"D0",-3.27630396709878,3.51525051072011,18.0157891715652,11.3836346894858
"89_D0",89,"D0",-0.427459063560601,10.4354045303593,18.0157891715652,11.3836346894858
"89_D3",89,"D3",8.103739167588,8.90125864592529,18.0157891715652,11.3836346894858
"89_D7",89,"D7",-9.24653288298488,7.29158585413142,18.0157891715652,11.3836346894858
"8_D0",8,"D0",-25.4116342583594,-2.59265372015339,18.0157891715652,11.3836346894858
"90_D0",90,"D0",17.5764414802611,7.87305982664579,18.0157891715652,11.3836346894858
"90_D3",90,"D3",-18.6194289216972,-4.8072911739409,18.0157891715652,11.3836346894858
"90_D7",90,"D7",30.8474370579346,-1.19694914063266,18.0157891715652,11.3836346894858
"91_D0",91,"D0",-15.4809652787473,11.7235920920898,18.0157891715652,11.3836346894858
"91_D7",91,"D7",-10.7395419675136,6.5925606642161,18.0157891715652,11.3836346894858
"92_D0",92,"D0",1.94897002569754,11.89660527042,18.0157891715652,11.3836346894858
"92_D3",92,"D3",-8.14831469294116,10.9651025968567,18.0157891715652,11.3836346894858
"92_D7",92,"D7",-1.23208970207324,14.2281576323369,18.0157891715652,11.3836346894858
"93_D0",93,"D0",-15.4269521054196,9.51783889590544,18.0157891715652,11.3836346894858
"93_D3",93,"D3",14.6476934008952,4.08928034268169,18.0157891715652,11.3836346894858
"94_D0",94,"D0",-13.6515675470583,11.2083782089666,18.0157891715652,11.3836346894858
"95_D0",95,"D0",-23.931566761867,10.1149223708096,18.0157891715652,11.3836346894858
"96_D0",96,"D0",2.79489896237327,7.44760093549808,18.0157891715652,11.3836346894858
"96_D3",96,"D3",8.2831159800169,3.00081305809212,18.0157891715652,11.3836346894858
"96_D7",96,"D7",13.9200356479776,-0.755509893851492,18.0157891715652,11.3836346894858
"97_D0",97,"D0",-10.8460940291944,10.3435019768316,18.0157891715652,11.3836346894858
"97_D3",97,"D3",19.2281562123548,-9.4117731277351,18.0157891715652,11.3836346894858
"97_DE",97,"DE",9.43746710159024,-24.5839004301206,18.0157891715652,11.3836346894858
"98_D0",98,"D0",-9.15564666137078,13.7070220297764,18.0157891715652,11.3836346894858
"98_D3",98,"D3",-20.8705700249644,-2.06219162480026,18.0157891715652,11.3836346894858
"98_D7",98,"D7",-14.2123189680316,3.67628745220696,18.0157891715652,11.3836346894858
"99_D0",99,"D0",-16.0061572393403,0.736958650376404,18.0157891715652,11.3836346894858
"99_D3",99,"D3",-3.72699374827126,0.653529610924988,18.0157891715652,11.3836346894858
"9_D0",9,"D0",-5.21543050147582,-20.3956098097875,18.0157891715652,11.3836346894858
"9_D3",9,"D3",-4.13527370606931,-10.1758134201663,18.0157891715652,11.3836346894858
