"gene_id","baseMean","log2FoldChange","lfcSE","stat","pvalue","padj"
"ENSG00000211896",9752.62790489433,4.34945442563217,0.204899706616156,21.2272359851648,5.35190184950301e-100,1.07273520671438e-95
"ENSG00000211659",452.465099330428,4.84110460352913,0.251725839977981,19.2316553753583,2.01105343424214e-82,1.37390431114295e-78
"ENSG00000211677",3061.1565656497,3.51972078300793,0.183028036455731,19.2305006990514,2.05633253513713e-82,1.37390431114295e-78
"ENSG00000170476",697.729691584362,3.20261201283421,0.171806542422578,18.6408035903372,1.49970915379327e-77,7.5150425696581e-74
"ENSG00000211897",1505.64751393886,4.14681481775828,0.223662083565805,18.5405355778071,9.72483949822941e-77,3.8984936580502e-73
"ENSG00000211663",304.826089587742,4.77560090656819,0.258715585871291,18.4588836829645,4.42390551113306e-76,1.47787936775252e-72
"ENSG00000211673",266.348409780641,4.24926592311855,0.230416059971097,18.4417089835299,6.07891771358892e-76,1.74065466644538e-72
"ENSG00000132465",2075.15401790688,3.21037233052908,0.177576877772161,18.0787745049112,4.68376156709117e-73,1.17351646063469e-69
"ENSG00000254709",642.963871143916,3.36362031031401,0.186689013974124,18.0172375369674,1.42692963117974e-72,3.17793083637408e-69
"ENSG00000211675",1639.61208082214,3.39889308038421,0.190557628661771,17.8365626412,3.67626567967813e-71,7.36870692834684e-68
"ENSG00000211592",8159.58553203536,3.04576795129886,0.172340723172801,17.6729440101337,6.77662236306654e-70,1.23482380586642e-66
"ENSG00000211950",111.901657564681,5.12880618093255,0.292863888110599,17.5125933552985,1.14840872180857e-68,1.91822536832758e-65
"ENSG00000211956",146.685963699808,4.05249460686817,0.233359483530535,17.3658877949047,1.49568415225522e-67,2.30611485752335e-64
"ENSG00000270550",311.030868393247,3.87171487780643,0.225609676803613,17.1611206250548,5.19024368325809e-66,7.43094602765894e-63
"ENSG00000211899",6020.86493633648,3.02267438537093,0.177969952021005,16.9841838526437,1.07539105449935e-64,1.437009219759e-61
"ENSG00000211895",10038.4373502055,2.97357649437061,0.178025836664146,16.7030614774213,1.24509055847876e-62,1.55978719713427e-59
"ENSG00000211666",394.216299341019,3.20382606807058,0.202368379914163,15.8316534896881,1.88209532831123e-56,2.21910110356884e-53
"ENSG00000211679",1938.22658937212,3.06387054534519,0.194905212081304,15.7197979090837,1.10676138357978e-55,1.23244028735962e-52
"ENSG00000239975",68.9014859755503,4.01437716862077,0.25809017953525,15.5541647336197,1.49087535118025e-54,1.57279502837142e-51
"ENSG00000242076",105.813490958071,3.9188217985808,0.253538259211801,15.4565303507393,6.81730330850843e-54,6.83230137578715e-51
"ENSG00000211966",111.363356092248,3.65485261634779,0.236624285573151,15.4458051822323,8.05158364887295e-54,7.68504488847664e-51
"ENSG00000211598",538.244683023156,3.50567555923508,0.227459024973845,15.4123388141586,1.35227708804381e-53,1.23204736148865e-50
"ENSG00000243466",391.087456546132,3.31188607370263,0.219456785236009,15.0912903884058,1.84792643455029e-51,1.61042771539679e-48
"ENSG00000211955",160.919184607289,3.58515812248021,0.237800741109542,15.0763118136319,2.31864389713809e-51,1.93645409475983e-48
"ENSG00000115155",170.123237572595,3.81575091454776,0.253285718268128,15.0650061939474,2.751398522525e-51,2.20596127941965e-48
"ENSG00000211962",124.25462108,3.82324984186484,0.254108787004247,15.0457207203974,3.6830052354101e-51,2.83931372840615e-48
"ENSG00000244116",136.963651927662,3.48100220883864,0.23180723317806,15.0167971944376,5.69958648229477e-51,4.23120412781913e-48
"ENSG00000048462",56.0482815908226,3.07465215529251,0.206441149484757,14.8936012174236,3.6269589931412e-50,2.59638450209008e-47
"ENSG00000211637",130.512639171564,4.01084375175618,0.269728642190071,14.869921559646,5.16738471324626e-50,3.571553765252e-47
"ENSG00000211949",144.996816134699,3.00117599844068,0.204927799368678,14.6450408762814,1.4491408202895e-48,9.68219286729421e-46
"ENSG00000211946",29.6338034917152,4.47371450670831,0.308726749182425,14.4908548370223,1.38409497151187e-47,8.94929019644645e-45
"ENSG00000211662",344.758845793546,3.4570395690385,0.238684152269768,14.4837415310726,1.53508459771767e-47,9.61538614895407e-45
"ENSG00000211959",140.501558197702,3.21155617325548,0.222092682560205,14.4604321773857,2.15440826755622e-47,1.30857452469385e-44
"ENSG00000274576",31.9944722241956,4.97840449412545,0.344374536809174,14.4563664324697,2.28548633160664e-47,1.34736141266834e-44
"ENSG00000211653",316.543523373608,3.29108872632433,0.227855426215977,14.4437583997004,2.74458549317109e-47,1.57178490357489e-44
"ENSG00000110777",147.890361175397,2.32981847317066,0.161601854500546,14.4170280741598,4.04383764520695e-47,2.25151893779245e-44
"ENSG00000239951",486.120106292262,2.8458774445854,0.199379102682406,14.2736997323067,3.19185675504865e-46,1.72912369724852e-43
"ENSG00000224373",87.3206686156425,2.95343227921206,0.207902146974825,14.2058767655232,8.42416663568429e-46,4.44352621172779e-43
"ENSG00000239264",496.161121958458,2.35960120825378,0.167238015550315,14.1092394602343,3.33151490873996e-45,1.71222781617394e-42
"ENSG00000241351",203.958643248842,3.05087641017494,0.218605366974902,13.956091071292,2.8884724223717e-44,1.44741353085046e-41
"ENSG00000211651",267.643971979194,3.08968005550492,0.221895356644898,13.9240410535015,4.52574954468963e-44,2.21253960667705e-41
"ENSG00000242371",263.594898268664,3.30965554823736,0.238007670455003,13.9056675858818,5.85183013286448e-44,2.79271626626514e-41
"ENSG00000211937",82.3253627935154,3.44980172662317,0.248224960841938,13.8978840601767,6.52416861377512e-44,3.04117292312811e-41
"ENSG00000211938",83.501999367134,2.99299551342814,0.217857691669923,13.7383054529139,5.98604833318316e-43,2.72691710887099e-40
"ENSG00000211648",187.137254040604,3.17527761977841,0.232380062415518,13.6641568419097,1.66217885277699e-42,7.40371398334712e-40
"ENSG00000211945",96.174832424376,3.07578735186625,0.227894211872411,13.4965575764086,1.6385524616242e-41,7.13981424799902e-39
"ENSG00000211933",44.6991387276549,2.98898479412789,0.222040468370686,13.4614415834231,2.63720324828671e-41,1.12468301933317e-38
"ENSG00000211644",117.604565732158,3.26192377854042,0.243330718769856,13.4053102503082,5.62874049871371e-41,2.3504682199212e-38
"ENSG00000211660",157.071544444942,3.05259412502429,0.23017438781668,13.2620929460471,3.84026334053661e-40,1.57090282444318e-37
"ENSG00000211668",142.176196874552,3.06831986967092,0.232632540657215,13.1895557732488,1.00777334928329e-39,4.03996180260685e-37
"ENSG00000211640",125.918402911558,3.2829558439404,0.249028816413113,13.183035968393,1.09878417825545e-39,4.31843726842201e-37
"ENSG00000165949",1011.45374336654,3.15307201655008,0.241948205062517,13.0320124331378,8.04572225183357e-39,3.101316477226e-36
"ENSG00000211934",141.340615866211,3.12419904347012,0.240667167525159,12.9814094527186,1.55983436759835e-38,5.8991169932342e-36
"ENSG00000211669",132.675862715543,3.62702324693293,0.279819750860009,12.9619987001829,2.00942636605759e-38,7.45869297801079e-36
"ENSG00000211947",110.302261083991,2.98982385681105,0.231186816665482,12.9325015151586,2.95060011359197e-38,1.0753059759425e-35
"ENSG00000101057",104.593722510125,2.11238815587935,0.164709924774771,12.8248990385242,1.18941407223957e-37,4.25725279713748e-35
"ENSG00000278196",160.755555423383,2.99132094509343,0.234849548746609,12.7371798713606,3.67438080848302e-37,1.29209278816199e-34
"ENSG00000099958",90.3496509902525,2.10205748525245,0.165985707731683,12.6640872517195,9.3501559435806e-37,3.23128492643327e-34
"ENSG00000240505",47.3004608193897,2.12175919934671,0.16867766266061,12.578779939676,2.76263556793435e-36,9.3854690379112e-34
"ENSG00000223350",26.4886773341918,4.0249046986903,0.32014309155896,12.5722053819457,3.00230353089314e-36,1.00296953288704e-33
"ENSG00000211964",52.3492150155747,2.86402912622507,0.227844886141907,12.5700829837423,3.08400035374751e-36,1.01337218181172e-33
"ENSG00000280411",111.097300405389,3.46521184792899,0.276325697503166,12.5403170216888,4.49194960303184e-36,1.45220383618016e-33
"ENSG00000244437",325.453596916951,2.58132330227991,0.207075260519784,12.4656286598432,1.14961586711781e-35,3.65760324452529e-33
"ENSG00000241755",66.0755284143815,3.33734188494862,0.268561839445796,12.42671666174,1.87165040141105e-35,5.86177510091922e-33
"ENSG00000240382",35.2468018904897,3.56191917325356,0.288369802222429,12.3519146103451,4.75657682222404e-35,1.46678193576398e-32
"ENSG00000243290",71.6172609378392,3.13376881165639,0.254420829295676,12.3172651403257,7.31325619807081e-35,2.22101374597169e-32
"ENSG00000129538",55.5180312877322,2.54833585523996,0.207898335584135,12.2576058537451,1.52952341521037e-34,4.57578616932487e-32
"ENSG00000242534",83.7304269287248,3.11669345053513,0.254617783503117,12.240674660091,1.88459539932444e-34,5.55512208589103e-32
"ENSG00000243264",30.4600170842211,4.10015445464551,0.336673535625205,12.1784281233495,4.05012371464645e-34,1.17653159038222e-31
"ENSG00000244575",43.9762108159408,3.4645024665362,0.285779390674306,12.122996197737,7.97879209336061e-34,2.28467012456172e-31
"ENSG00000211976",20.229576287205,4.50967417046578,0.372517473513866,12.1059399655193,9.8237563813545e-34,2.77334328039253e-31
"ENSG00000089169",707.430964858838,2.02277574070787,0.16788243659339,12.0487632998026,1.9688164913728e-33,5.48096635459393e-31
"ENSG00000160932",4932.69364709252,2.13167594595733,0.177500286703124,12.0094225510894,3.17051130932728e-33,8.70544228550083e-31
"ENSG00000251546",161.881063314773,2.85251617618596,0.239683957035118,11.9011560534609,1.16718933841207e-32,3.16150582420696e-30
"ENSG00000171848",319.698940972351,1.69046486359807,0.14254804798608,11.8589127489361,1.93471035937015e-32,5.17057792576204e-30
"ENSG00000135916",276.511857407814,1.6947907961228,0.143075603519626,11.8454212628243,2.2727342733685e-32,5.99403760202607e-30
"ENSG00000211970",43.6887989968212,2.68202696058673,0.227475424251878,11.7904031585275,4.3744196159836e-32,1.13871255562046e-29
"ENSG00000169679",37.4032198738835,1.81994815880318,0.155639114672835,11.6933854489525,1.37782654493133e-31,3.49584243881058e-29
"ENSG00000211943",58.0801374938546,2.77477086735308,0.238197715346456,11.6490238511196,2.32102213175641e-31,5.81532095111569e-29
"ENSG00000243238",125.711477044536,2.9277406627144,0.252448969755266,11.5973563510783,4.25004918813036e-31,1.05170352996154e-28
"ENSG00000211893",1234.42879466366,2.28908550683595,0.198582076929264,11.5271505980439,9.62777014657429e-31,2.35340274168213e-28
"ENSG00000088827",1005.53086569422,2.90449837111961,0.252659024148224,11.4957238551498,1.38614130531569e-30,3.34744774984913e-28
"ENSG00000211942",17.6299913177469,3.82007125735862,0.334745377533328,11.4118715708876,3.64794617012321e-30,8.70469440880353e-28
"ENSG00000224650",42.2853411711607,2.70435294764043,0.242007275078662,11.1746762437675,5.42478255575876e-29,1.27922754761916e-26
"ENSG00000211965",35.934407197347,3.24354535139708,0.291058079239217,11.143979785324,7.66173078506612e-29,1.7857178122775e-26
"ENSG00000276775",24.2541277689483,3.82971179928983,0.34437651847237,11.1207111805362,9.94758482766828e-29,2.29183207225038e-26
"ENSG00000154277",7.16369309590328,2.92124990534954,0.263907588942836,11.0692152395144,1.76943296960892e-28,4.03028573214104e-26
"ENSG00000240864",35.4520875499066,3.21773384888151,0.291373861210675,11.0433167735487,2.36151898103303e-28,5.31845915234e-26
"ENSG00000211967",25.3649089606544,3.02104183924564,0.278082186120559,10.863845258811,1.71377477441119e-27,3.7748243492635e-25
"ENSG00000211649",39.4786250971163,3.13244779493514,0.291231817569389,10.7558570388306,5.56146059567943e-27,1.19864425999783e-24
"ENSG00000232216",15.7142971980898,2.8515406193512,0.266963029750551,10.6814064180185,1.24372938019078e-26,2.65205443580255e-24
"ENSG00000250616",29.7514053235979,-1.61691507287605,0.152811247260604,-10.5811260745655,3.64550220711564e-26,7.69162591993958e-24
"ENSG00000196083",372.885856388133,-1.07359895714796,0.101476757726552,-10.5797522624932,3.69935060764292e-26,7.72393578954111e-24
"ENSG00000123485",27.7359852971428,1.77116913082322,0.168432326911189,10.5156127882572,7.32033669518698e-26,1.51266833730235e-23
"ENSG00000167900",185.256834454449,1.47447816553803,0.141269220264338,10.4373632329749,1.67395747111063e-25,3.42375546438179e-23
"ENSG00000124688",221.700709426434,1.00452181913897,0.0965650293017233,10.4025424773629,2.41404566677206e-25,4.88758902472517e-23
"ENSG00000175063",62.5800356488254,1.34760464453333,0.12966649102448,10.3928519533926,2.67240460346279e-25,5.35656778718082e-23
"ENSG00000231475",21.4252911261139,2.7059938344374,0.261912971595206,10.3316526018405,5.06798136142246e-25,9.95908023611291e-23
"ENSG00000166562",321.000938994333,1.27100720969669,0.123544403948955,10.287857394349,7.99352610868796e-25,1.54059843579367e-22
"ENSG00000133328",8.00205003601905,2.78431869729497,0.271011108794556,10.2738175924946,9.24713552331279e-25,1.76523413742173e-22
"ENSG00000137804",66.0211735302545,1.37145867051205,0.134243936721888,10.2161684467976,1.67844615196795e-24,3.17384666698544e-22
"ENSG00000142945",31.8559105742135,1.65896090692884,0.162420312966962,10.2139989550833,1.71641615846792e-24,3.21531266171317e-22
"ENSG00000211941",57.5421185524245,2.53181553181493,0.249197834485519,10.1598616899781,2.99501015120271e-24,5.50752141933093e-22
"ENSG00000211655",15.9129681651126,4.20177608847506,0.414978690742726,10.1252815679638,4.26748694672014e-24,7.77613712364167e-22
"ENSG00000089685",92.9910352326819,1.53149974554873,0.151576707598682,10.1037934509276,5.31457116440846e-24,9.59687066841469e-22
"ENSG00000258572",8.94999508609762,2.3164500657601,0.229334698903443,10.1007395602852,5.48271373795309e-24,9.81209947888676e-22
"ENSG00000108679",638.692954427927,1.55313145136934,0.15379024180873,10.0990247047077,5.57943009843801e-24,9.86011657869491e-22
"ENSG00000112312",56.4716566488702,1.04180987603748,0.10316455867894,10.0985250107036,5.6079290060428e-24,9.86011657869491e-22
"ENSG00000170312",36.1063379378271,1.60481075756031,0.159150317086242,10.0836164636145,6.52782889622632e-24,1.13777219474748e-21
"ENSG00000094804",34.0839758925252,1.35424911024721,0.134525851165774,10.066831753983,7.74322868102413e-24,1.33797651450386e-21
"ENSG00000276566",15.7615896091326,4.5400259410969,0.455918990853617,9.95796628825794,2.32775540779382e-23,3.95402791473046e-21
"ENSG00000145386",43.6651978958069,1.47580665385276,0.149480409166797,9.8729101832066,5.45583115756899e-23,9.18963695145486e-21
"ENSG00000122952",49.5774204145269,1.47974739582551,0.149976274681714,9.86654321802487,5.81335390478294e-23,9.71023880562243e-21
"ENSG00000004468",287.640429559784,1.22958169751694,0.124916571132471,9.84322325188545,7.33232864689217e-23,1.20466553605169e-20
"ENSG00000253998",14.1424800213358,3.89933812338006,0.39619384936827,9.84199560290383,7.42237211927012e-23,1.20954493299716e-20
"ENSG00000071539",15.3095175156546,1.7993763834931,0.182841761671431,9.84116739548047,7.48373552616306e-23,1.20970963618074e-20
"ENSG00000117399",48.0588303022429,1.6420804487417,0.167300288784626,9.81516804705359,9.68764422224161e-23,1.55343312632489e-20
"ENSG00000111291",9.33103158558409,2.34914280566943,0.240092133314749,9.7843389253817,1.31451469935159e-22,2.09112163760343e-20
"ENSG00000115267",574.481678894694,1.60779210640671,0.16445985705064,9.77619788342415,1.4246197826313e-22,2.24843141126471e-20
"ENSG00000259772",11.3427880588352,1.85839892961967,0.190632432048321,9.74859791511559,1.87033501552165e-22,2.92882773836844e-20
"ENSG00000125148",1113.21008923672,1.72101355281249,0.177111044059514,9.71714419025263,2.54828206854651e-22,3.95951672728266e-20
"ENSG00000211638",59.3805405606039,3.23329014580548,0.333144236515095,9.70537620469679,2.86019200710355e-22,4.40997604541413e-20
"ENSG00000253239",10.5541651762361,3.46925472890977,0.358647530411757,9.67315939671123,3.92083134283578e-22,5.99917125464124e-20
"ENSG00000131747",79.7580041974607,1.46816518980718,0.151932365670499,9.66328131157546,4.31806827470886e-22,6.55692124986852e-20
"ENSG00000211650",21.9131294582942,3.27408772199823,0.339274821132989,9.65025259187994,4.90347990423e-22,7.38987603010421e-20
"ENSG00000211670",26.2976550621142,3.36044345711489,0.348627267497377,9.6390723572423,5.46798546494564e-22,8.1791269148784e-20
"ENSG00000285888",17.766424892279,-1.88698242779699,0.195867107733817,-9.63399342354815,5.74522938309583e-22,8.53017612998318e-20
"ENSG00000127564",86.7340309049865,1.41210990687491,0.146738013339811,9.62334077404189,6.37270692577509e-22,9.39224541325264e-20
"ENSG00000261449",18.4966187232394,-1.22086808448339,0.127476093875519,-9.57723167824368,9.96808770217083e-22,1.45839671461542e-19
"ENSG00000109805",20.9776400440566,1.70056266412151,0.177747115460962,9.56731511344834,1.09717888508836e-21,1.59361257773269e-19
"ENSG00000137965",1197.71948612543,1.93578981289468,0.202939618538232,9.53874766710474,1.44567471938008e-21,2.08468374642118e-19
"ENSG00000165304",10.6275457751624,1.85465696135404,0.195081800937771,9.50707319923529,1.96102205310234e-21,2.78771106612648e-19
"ENSG00000211652",27.6589494150573,2.90598560362844,0.308129062055216,9.43106626893798,4.05941068370107e-21,5.73005829183833e-19
"ENSG00000135114",2495.99088479921,1.68609409024736,0.178832762448787,9.42832883169386,4.16674487779753e-21,5.84043596717299e-19
"ENSG00000211935",26.4130367649893,2.78308209666408,0.296055441216482,9.4005436455702,5.42818706766256e-21,7.55573483223807e-19
"ENSG00000148773",220.184956281265,1.36074275780894,0.144864183924202,9.39323110066274,5.81872898523464e-21,8.04348991586505e-19
"ENSG00000117010",47.7177088647448,1.76653420484364,0.189401000110051,9.32695288735115,1.08958269043179e-20,1.47564834101451e-18
"ENSG00000123131",123.704882157425,1.09708835900012,0.117726813296675,9.31893362504788,1.17515413787571e-20,1.57031930263871e-18
"ENSG00000211625",14.8781513720759,3.57323733266396,0.384222837422511,9.29990876293134,1.40566252453789e-20,1.86590063853229e-18
"ENSG00000184979",363.883402545778,2.4212006949487,0.260825293521754,9.28284470519252,1.65012922500078e-20,2.17599935433655e-18
"ENSG00000164611",61.393410203824,1.32701904787244,0.143766405707821,9.2303834219057,2.69664859075167e-20,3.53278590542657e-18
"ENSG00000134326",388.946445212927,1.91796697820243,0.208014282341795,9.22036197039088,2.96098952543991e-20,3.85390091220243e-18
"ENSG00000178999",58.0694523362513,1.28566775261874,0.13957671386232,9.21119087161581,3.22526557731082e-20,4.17078859558827e-18
"ENSG00000143297",83.5780314008801,1.41324890465714,0.153796344560314,9.1890929442924,3.96167775346971e-20,5.09024800580429e-18
"ENSG00000134070",96.8913830607731,1.17396324833404,0.128082045656614,9.16571282349299,4.92205825387982e-20,6.24416048359286e-18
"ENSG00000171241",35.8913810467519,1.33620608297447,0.14584728743838,9.16167935957684,5.10958645907903e-20,6.44129251482893e-18
"ENSG00000079215",19.3497757234652,-1.62735510399409,0.178187957017065,-9.13280073040091,6.67496527909609e-20,8.36206275338763e-18
"ENSG00000197705",21.958762903606,1.96476333244704,0.215468483669333,9.11856480812406,7.61257209095166e-20,9.47741583795249e-18
"ENSG00000152558",1285.80531615011,1.19838308205148,0.131813791144612,9.09148482602051,9.76955993179517e-20,1.1945629102133e-17
"ENSG00000176890",93.2005147566795,1.56982891213527,0.172671164785549,9.09143639637192,9.77391325458899e-20,1.1945629102133e-17
"ENSG00000133106",1307.55580091289,1.55078268239458,0.17065276564114,9.08735745692908,1.01475319908962e-19,1.23270988621529e-17
"ENSG00000093009",26.5406942717889,1.56232813746007,0.17217047613765,9.07430921089509,1.14400855296503e-19,1.38135586961633e-17
"ENSG00000111335",1984.83927436252,1.82821725858451,0.201863058254249,9.05672030531634,1.34431753634215e-19,1.61350303583486e-17
"ENSG00000239571",4.86431860006519,3.86135513020667,0.426428283033325,9.05511028194373,1.36429853904311e-19,1.62773809027262e-17
"ENSG00000211658",24.3625220681908,3.47569559713645,0.384676532793964,9.03537206153946,1.63445462973186e-19,1.938521218837e-17
"ENSG00000240671",16.6819110134928,3.15675191960698,0.350717953141312,9.00082784851068,2.24021987180716e-19,2.64135100650016e-17
"ENSG00000134809",219.643079108036,1.25704240055539,0.139986702333072,8.97972721412135,2.71438891119557e-19,3.18170826526339e-17
"ENSG00000115884",24.5445080972776,1.93466562554287,0.215726779212435,8.96812918918019,3.01593180117534e-19,3.49429693773171e-17
"ENSG00000137959",2546.61812858554,2.0518989659889,0.228792293065616,8.96839197900965,3.00874622292231e-19,3.49429693773171e-17
"ENSG00000157456",43.8623727218786,1.20960414388409,0.134907111349923,8.96620001555452,3.06920369988635e-19,3.53558154945529e-17
"ENSG00000157601",4021.58007647951,1.75357700142768,0.196274306455854,8.93431765518478,4.09698712536856e-19,4.66590965573224e-17
"ENSG00000134057",38.7589923742693,1.41202748583208,0.158181656397256,8.92661967254864,4.39224315548559e-19,4.97390518692391e-17
"ENSG00000075218",20.8115069983641,1.3250228056069,0.148977967009538,8.89408569739756,5.89022295201594e-19,6.5590904916782e-17
"ENSG00000143891",443.641742260453,1.4340587429283,0.162073502230194,8.84819987965393,8.89422490222278e-19,9.84949414033996e-17
"ENSG00000142089",28433.636009364,1.2107677240017,0.137303423065094,8.81819037699947,1.16324354298896e-18,1.28110184481708e-16
"ENSG00000089127",2756.08139031934,1.79519964151837,0.205119665040702,8.75196262221932,2.09673854659987e-18,2.2965588758496e-16
"ENSG00000211639",17.0880331851215,3.41886723520857,0.391085738258345,8.74198903400082,2.29041724952768e-18,2.49506105160504e-16
"ENSG00000100162",45.6124616631848,1.34917281692014,0.154822144454654,8.71434006855074,2.92457255923749e-18,3.16865580418142e-16
"ENSG00000141664",645.481881917742,1.05589912911389,0.121349937427227,8.70127460714278,3.28177060466311e-18,3.53654892472405e-16
"ENSG00000122861",217.649141151402,1.99360431071688,0.229203165616872,8.69797895396137,3.37847176883593e-18,3.60202596460358e-16
"ENSG00000211972",8.15966696120752,2.90348066851084,0.334625584523313,8.6768041739754,4.07045099386712e-18,4.27162930476819e-16
"ENSG00000272398",705.655636113777,1.76438210782805,0.204507821814996,8.62745538126244,6.27319963573759e-18,6.44820582044739e-16
"ENSG00000146670",58.818649418395,1.27906592065499,0.148835557757738,8.59381951413079,8.41251277699239e-18,8.47338724130832e-16
"ENSG00000276422",12.277910554401,-1.5945241631493,0.185718070785346,-8.58572435308282,9.02658625669897e-18,9.04644474646371e-16
"ENSG00000111247",18.4715471706347,1.42276219210403,0.165773139840138,8.58258577641748,9.27639122168437e-18,9.25054654962395e-16
"ENSG00000105974",14.0133167893096,1.84817027705544,0.215847140894078,8.56240332579797,1.10538719067777e-17,1.096850537126e-15
"ENSG00000011590",31.1994682488569,1.37854510621296,0.161200015674873,8.55176781740127,1.21217428840399e-17,1.19688775550589e-15
"ENSG00000134321",5007.89543113841,2.19866979476393,0.257268127252225,8.54621914594323,1.27186410600546e-17,1.24966883043007e-15
"ENSG00000108688",7.7312094336925,3.58981658574021,0.420301109684432,8.54105902417315,1.32997254313723e-17,1.3003887636411e-15
"ENSG00000156970",20.838075669509,1.58128223358152,0.185210251898025,8.53776838688255,1.36838860738184e-17,1.33145540030882e-15
"ENSG00000088325",49.1715693811316,1.30525451042222,0.153380468947715,8.50991341581538,1.74063285824461e-17,1.67736754858918e-15
"ENSG00000286129",37.2492899013305,1.14106757080983,0.134475165522724,8.48534051900471,2.15087934691056e-17,2.05296312521311e-15
"ENSG00000076382",38.4260093122634,1.10139123441984,0.129945674718456,8.47578218210146,2.3350528976957e-17,2.21818958679681e-15
"ENSG00000282651",28.8045642129186,3.48729097291721,0.411583834994961,8.47285698905037,2.39446480911477e-17,2.25327007670876e-15
"ENSG00000112029",34.4388621253343,1.22472575067462,0.144657301847742,8.46639426445057,2.53106388582833e-17,2.37068432371697e-15
"ENSG00000168078",5.63954631528702,2.09570189101369,0.248752818418485,8.42483676903722,3.61253511160752e-17,3.36789087335168e-15
"ENSG00000137807",26.1766009831933,1.31810710305948,0.156541998996144,8.42014993747429,3.76002784036669e-17,3.47308746692673e-15
"ENSG00000187608",16939.5280576734,1.99929490189776,0.237922232961035,8.4031444939624,4.34679298621644e-17,3.97840724272705e-15
"ENSG00000117143",77.6826744647722,1.03314973280069,0.123389350461471,8.37308672860948,5.61282650652558e-17,5.06772497733327e-15
"ENSG00000086548",584.987235919697,1.87236263037938,0.223780770786137,8.36695049267107,5.91285255902619e-17,5.31467339431036e-15
"ENSG00000182481",132.604059904646,1.0445824545005,0.124945003278607,8.36033796542673,6.25388389514249e-17,5.57123772418827e-15
"ENSG00000164821",1289.56144544681,2.01938754584943,0.241579077013523,8.35911607418053,6.31899150588946e-17,5.604330342657e-15
"ENSG00000187193",68.2669679833492,1.12913551348931,0.135516408965421,8.33209440915322,7.94245705725887e-17,6.9519043343099e-15
"ENSG00000117632",177.444723549601,1.06987929298682,0.129368453308614,8.27001688297667,1.33940045511727e-16,1.14730524454575e-14
"ENSG00000198417",58.289564633901,1.03882398025262,0.125876521595858,8.25272232726523,1.54826500805612e-16,1.3149755856558e-14
"ENSG00000169607",21.915777054875,1.33338847627588,0.161614477429894,8.25042717385442,1.57829334844274e-16,1.33482328591503e-14
"ENSG00000111331",4899.4942080356,1.74070601953752,0.211347080941248,8.23624349002207,1.77702091382411e-16,1.49658013431472e-14
"ENSG00000225964",44.3229762330897,1.79897611406839,0.218775416188675,8.22293539835813,1.98581812855551e-16,1.6654283919986e-14
"ENSG00000138160",34.5092249048096,1.25421139729527,0.152930907894721,8.20116361408563,2.38071246265337e-16,1.96374488071704e-14
"ENSG00000166803",54.0618814323604,1.35175600500414,0.164824179149972,8.20119967819889,2.37999825180786e-16,1.96374488071704e-14
"ENSG00000138642",210.328286681403,1.48860756279402,0.181682912336055,8.19343736652885,2.53869593446134e-16,2.07696413511604e-14
"ENSG00000166851",61.5196941884902,1.09854593803288,0.134605617818515,8.16121909201452,3.3165995055688e-16,2.6914137850049e-14
"ENSG00000152253",9.34462651859,1.57859062406438,0.193466537866499,8.15950211066309,3.36408400551727e-16,2.71893950833017e-14
"ENSG00000108771",317.803516480708,1.5904916367951,0.195605853638298,8.13110450025763,4.25396416849068e-16,3.41065831172909e-14
"ENSG00000123836",327.747068264531,-1.10805758766079,0.136699674654169,-8.10578072306332,5.24078888505233e-16,4.1685068417456e-14
"ENSG00000082438",46.9697170052726,1.23602004725517,0.152524047400473,8.10377162369568,5.32810797855951e-16,4.22120934080027e-14
"ENSG00000239855",20.1154936579105,2.67494583846693,0.330525248001544,8.09301514677158,5.82056236215631e-16,4.59320283413626e-14
"ENSG00000126787",14.0826517061769,1.59588958342652,0.197394677976207,8.08476499867375,6.22841776284749e-16,4.89578061327511e-14
"ENSG00000225698",10.3130316050523,3.09601050360099,0.383338825309919,8.07643342961139,6.66885416669528e-16,5.2215044108297e-14
"ENSG00000106714",134.297436377147,-1.22495267024252,0.152195245082587,-8.04856071277271,8.37733496300728e-16,6.50834503870225e-14
"ENSG00000173801",359.696746198902,1.47973476006156,0.184201850489225,8.03322418385866,9.49439518695355e-16,7.2914044876359e-14
"ENSG00000054793",51.7575734459205,-1.17910537263175,0.146851038447288,-8.02926138690526,9.80612331498498e-16,7.47353367777791e-14
"ENSG00000287255",26.475640043279,-1.23994323909236,0.154745657592549,-8.01278212508664,1.12142203065449e-15,8.51431181152976e-14
"ENSG00000184661",17.8603141732162,1.4438818737583,0.180883504323896,7.98238556442849,1.43531856635413e-15,1.08156110315798e-13
"ENSG00000185745",4677.78048241177,2.06527420310694,0.259779333021627,7.95010972999532,1.8634638485234e-15,1.38338034740011e-13
"ENSG00000142583",116.198643028093,1.45180256144229,0.182765685459596,7.94351826926093,1.96525733965168e-15,1.45356524413204e-13
"ENSG00000138646",1002.94089439029,1.58157309815977,0.199301157817871,7.93559413039169,2.09490035967367e-15,1.54375672093011e-13
"ENSG00000185507",2448.39580735904,1.33347727005682,0.168191791936725,7.92831359189325,2.22141785310259e-15,1.62504012582439e-13
"ENSG00000282122",37.7155799289854,4.18628589186553,0.529920436442921,7.89983854928464,2.79264920522021e-15,2.02078919384238e-13
"ENSG00000211665",5.44272485315821,3.30140090083097,0.419175033537576,7.87594831917635,3.38168007844461e-15,2.42947654094422e-13
"ENSG00000124469",910.042664270438,1.69782763492422,0.216103072473111,7.85656407145935,3.9481395062757e-15,2.81624584568648e-13
"ENSG00000211890",625.18340119807,1.50080666523057,0.191202787974575,7.84929279080457,4.1838981651013e-15,2.97383173125143e-13
"ENSG00000085840",18.827128558337,1.35341862281773,0.172830124643598,7.83091851382209,4.84318511233308e-15,3.43027570288354e-13
"ENSG00000183010",21.7893749775988,1.4632042958951,0.187186992411914,7.81680541495773,5.41807587633369e-15,3.78396908938093e-13
"ENSG00000130595",32.6079606758302,1.16831764896231,0.149653425622512,7.80682195614615,5.86480274660232e-15,4.08173980044781e-13
"ENSG00000074695",133.789478902007,1.0057118747839,0.128893879993903,7.80263480959276,6.06278071080569e-15,4.20492652482316e-13
"ENSG00000158373",128.787769289888,1.06992282292609,0.137295196673421,7.79286419954718,6.55070153763379e-15,4.52766419380454e-13
"ENSG00000174371",9.78672600622911,1.58493655209237,0.203425852524313,7.79122482430273,6.63627096925722e-15,4.5398435258632e-13
"ENSG00000226625",5.5684382777217,-1.73113661092429,0.22257273941204,-7.77784653905664,7.37694783636225e-15,5.01232347227271e-13
"ENSG00000165480",17.1120165635594,1.16806793825706,0.150651641616962,7.7534365090221,8.94385173682855e-15,6.03604593309735e-13
"ENSG00000135069",19.969122969071,1.33233621797562,0.172173230603315,7.73834708977093,1.0071758310536e-14,6.75178339720348e-13
"ENSG00000137310",58.7290510747963,1.03724862079334,0.134093591166903,7.73525872315777,1.03193030109956e-14,6.89467031841318e-13
"ENSG00000149554",23.0671385611677,1.09331052202583,0.141424866840696,7.73068093645342,1.06972828347309e-14,7.12346635014442e-13
"ENSG00000211632",4.15876154470226,2.70259541151886,0.349719763839038,7.72788870108797,1.09344878241047e-14,7.23336217644735e-13
"ENSG00000196141",254.366054629402,1.56500180986446,0.202725773204422,7.71979697069086,1.16515148907592e-14,7.65714637607793e-13
"ENSG00000104738",102.957438498849,1.08459906556654,0.140520273490816,7.71845256647202,1.1775046468393e-14,7.71304024223754e-13
"ENSG00000119333",67.0278356775309,1.02498983477103,0.132852622552975,7.71523975269901,1.20755020765404e-14,7.85848583188884e-13
"ENSG00000011426",27.3893255364935,1.34112828993686,0.174027533473371,7.70641439989191,1.294019654026e-14,8.39395791109943e-13
"ENSG00000137628",659.130502316515,1.4518819781302,0.188827343433264,7.68893928036078,1.48359846455325e-14,9.53116911009787e-13
"ENSG00000232772",10.3126396606853,-1.35135403789133,0.175798918580873,-7.68693032243922,1.50707156504519e-14,9.65103592644273e-13
"ENSG00000166920",55.8607692510544,1.4196791376972,0.18522723916531,7.66452679473446,1.79491734053035e-14,1.13493133039717e-12
"ENSG00000123989",50.1905974362475,1.21557195889149,0.159037315529092,7.64331285929641,2.11702742888261e-14,1.33020996189727e-12
"ENSG00000271454",12.1843838975626,-1.58365000225729,0.20729158892308,-7.63972146908932,2.17692152150691e-14,1.36356921803389e-12
"ENSG00000100526",23.6175888258749,1.18138139621155,0.154777132090369,7.63279032410155,2.2972635144802e-14,1.43446572848103e-12
"ENSG00000110492",30.42502511031,1.33105542709136,0.174653153774279,7.6211359390144,2.51452957362137e-14,1.55559354239712e-12
"ENSG00000241294",18.4139085850257,2.24151821379314,0.294467760779032,7.61210058399287,2.69676551354216e-14,1.65809717648586e-12
"ENSG00000222037",3.28506141797029,2.93685434282838,0.386399236644765,7.60056973282369,2.94829841335107e-14,1.80720774915012e-12
"ENSG00000164047",4603.31532572628,1.5020284588143,0.197893068628446,7.59010140791958,3.19655220840615e-14,1.9534052580882e-12
"ENSG00000073111",94.5680278922097,1.11502256810241,0.147552631408881,7.55677860473112,4.13174349713272e-14,2.48698698668253e-12
"ENSG00000179869",312.329015040776,1.52279729830404,0.201895500407611,7.54250240956154,4.61037596551724e-14,2.75851868217396e-12
"ENSG00000155363",538.381349757195,1.06317078832565,0.141613954974319,7.5075283966079,6.02541172437369e-14,3.54174054555268e-12
"ENSG00000143476",33.2906355857352,1.21575360741055,0.162634619118049,7.47536787679927,7.69881752510247e-14,4.49898246277417e-12
"ENSG00000169385",417.338348459302,1.06044318629886,0.142008619825228,7.46745646569882,8.17597623511051e-14,4.73639501897558e-12
"ENSG00000138778",27.4508601725399,1.1332898680379,0.151885469020288,7.46147656749525,8.5558180283477e-14,4.92795449885636e-12
"ENSG00000118785",11.4750365651656,-1.85284303935914,0.248833070823213,-7.44612857619525,9.61191321730738e-14,5.50460538650598e-12
"ENSG00000121236",47.0040935375196,1.35100781080543,0.183754257803307,7.3522530958252,1.94893320594835e-13,1.07615474325148e-11
"ENSG00000111206",43.249483512696,1.12491942081816,0.153280435701515,7.3389628341658,2.15255370173117e-13,1.18207633965752e-11
"ENSG00000132530",1807.36322917156,1.42394637566771,0.19423244895867,7.33114566233319,2.28193472459244e-13,1.24629699236324e-11
"ENSG00000131153",44.7199784008348,1.09731577572269,0.150140418126652,7.30859677503388,2.69946494120564e-13,1.46238041301421e-11
"ENSG00000277224",59.8296653248095,1.0782036366757,0.147555578935961,7.30710180157703,2.72965756284982e-13,1.47475084069439e-11
"ENSG00000163666",8.25885314402759,2.49084298679897,0.341632139665047,7.29100894676102,3.076423349188e-13,1.64876549762364e-11
"ENSG00000133063",273.607818650222,1.40305166091845,0.193123069280061,7.26506504970563,3.72858796976472e-13,1.99295512709238e-11
"ENSG00000117650",5.70348226043113,1.63904798766391,0.226945782395929,7.22220069639554,5.11529021146275e-13,2.66313966230024e-11
"ENSG00000123352",29.3728529430558,1.06010526272581,0.146968564458024,7.21314293730203,5.46749684687154e-13,2.83913230048428e-11
"ENSG00000128965",18.2331245300549,1.28371129483962,0.179247292582912,7.1616774587869,7.96957590280975e-13,4.04410580749161e-11
"ENSG00000139970",23.4411964197822,-1.38505336849609,0.193577108512835,-7.15504730459521,8.36440734525199e-13,4.22307760272622e-11
"ENSG00000160957",36.7410169078869,1.2149924971097,0.170027809639566,7.14584572773895,8.94434689541314e-13,4.49324534264814e-11
"ENSG00000220749",5.67808203250561,1.70483531858871,0.238966653055736,7.1341975827526,9.73534036352389e-13,4.87837905616182e-11
"ENSG00000133101",37.0711614932459,2.02424258991859,0.284072718421169,7.12579018910724,1.03485253958659e-12,5.17271429014305e-11
"ENSG00000072571",10.9077328106737,1.33089858274473,0.187868046210583,7.0842200661038,1.3982955455264e-12,6.90330933855446e-11
"ENSG00000173868",424.639644200826,-1.02472721394208,0.144706807376118,-7.08140295900967,1.42702282182479e-12,7.01424645842165e-11
"ENSG00000273983",27.1095937276915,1.38438881535596,0.195922808575662,7.06599106770837,1.59473674398332e-12,7.75847167388388e-11
"ENSG00000235777",6.25276328663941,-1.15693920071051,0.163769032704497,-7.06445645800493,1.61245892885947e-12,7.82569655449374e-11
"ENSG00000138035",94.4705247408592,1.18269583160106,0.167570433109798,7.05790281526645,1.69034205416527e-12,8.15770901596256e-11
"ENSG00000151729",58.7441158061273,1.00251404212302,0.142045875139158,7.05767795890508,1.69307870217543e-12,8.15770901596256e-11
"ENSG00000211968",7.71739160650066,3.14394266337329,0.44626222394009,7.04505668352372,1.8538602321274e-12,8.84732726018131e-11
"ENSG00000211951",14.7806302813211,2.26508932558818,0.322572648666079,7.02195097741519,2.18791309287385e-12,1.02944906182074e-10
"ENSG00000104147",11.5677875588354,1.32131346761288,0.188654606107553,7.00387599791547,2.48976495692332e-12,1.16873182193375e-10
"ENSG00000136514",196.790554947381,1.63641354867889,0.233927180148078,6.99539723277573,2.64508409690114e-12,1.2358523458808e-10
"ENSG00000095585",52.56189333471,1.02437972084377,0.146465759285601,6.99398771317106,2.67180968000443e-12,1.24543612153509e-10
"ENSG00000197153",6.68800632985954,1.64592185461954,0.236640266130005,6.95537526870135,3.51624768443502e-12,1.62395549739206e-10
"ENSG00000233392",12.781133873047,-1.97612576207348,0.284534050918779,-6.94512925849277,3.78113957893096e-12,1.73828352569019e-10
"ENSG00000143228",11.4774068773127,1.21969020691026,0.175748199237933,6.93998693698708,3.92136200636601e-12,1.79862196923571e-10
"ENSG00000066279",29.7282533349036,1.08442355013044,0.156589053365139,6.92528326103197,4.35104017502893e-12,1.97760202422403e-10
"ENSG00000165948",21.6683324943797,1.08600270346234,0.15708573270453,6.91343946241794,4.73041599259247e-12,2.1451687365503e-10
"ENSG00000108691",29.1324960859314,1.96642686827572,0.285786832245969,6.88074692882724,5.95395425415189e-12,2.68182155213979e-10
"ENSG00000211973",19.3894733710894,2.25100717807714,0.327565802148456,6.87192363584083,6.33418625314875e-12,2.84032280219493e-10
"ENSG00000134627",39.9991151944387,1.00580428874134,0.14655005104671,6.86321349980804,6.73284830808575e-12,2.9923106759927e-10
"ENSG00000227502",21.143892274302,1.03113899332261,0.15102738581945,6.82749679952294,8.64090542855536e-12,3.76859500345675e-10
"ENSG00000152778",672.791881288833,1.39135731841778,0.204158656124979,6.81507874721725,9.42121450309163e-12,4.07859230021531e-10
"ENSG00000205837",12.1512719286023,1.45418110447799,0.214011364624938,6.79487795905833,1.08404255903584e-11,4.65279422983177e-10
"ENSG00000211974",7.67777693861339,3.54763865828512,0.522391570022978,6.79114836812753,1.11244444279161e-11,4.76449495968268e-10
"ENSG00000168081",20.4500282058157,1.0883197525182,0.160290020131274,6.78969128350531,1.12373747097821e-11,4.80259997191627e-10
"ENSG00000251194",4.71333111175048,-1.0309200651382,0.152125168269068,-6.77678833074339,1.22876704169246e-11,5.24029927312419e-10
"ENSG00000092621",70.0955894397512,1.05212659412666,0.155521714645135,6.76514271031141,1.33177860163508e-11,5.66755207880543e-10
"ENSG00000051180",34.7563920133984,1.04290524064483,0.154557188095046,6.74769807537835,1.50209104052543e-11,6.28557678836987e-10
"ENSG00000224288",6.15821925868479,-1.44489661480716,0.214567112669584,-6.73400782081726,1.65052300191524e-11,6.89230896883105e-10
"ENSG00000260475",7.49355753323306,-1.12126038950212,0.166637522268785,-6.72873896728694,1.71139753017761e-11,7.13165324217878e-10
"ENSG00000224041",5.3884029424833,2.99088258491859,0.444858822639498,6.72321741799492,1.77755038407669e-11,7.37665008249135e-10
"ENSG00000250510",26.958326417747,-1.12914275993227,0.168095369558018,-6.71727462155072,1.85154824424295e-11,7.66785805942267e-10
"ENSG00000133985",16.6810552092174,-1.16451629909544,0.173569803423672,-6.70921022047213,1.95680594389372e-11,8.03130053690652e-10
"ENSG00000247317",24.1680578285936,1.39533048284466,0.207978250057378,6.70902117149127,1.95934242793219e-11,8.03130053690652e-10
"ENSG00000287317",7.78946295311374,-1.53765014887153,0.231109263224496,-6.65334711130935,2.86501414369995e-11,1.14623440112419e-09
"ENSG00000266872",13.4200468974952,-1.03746458042133,0.156502283972093,-6.62906990294355,3.37808592101136e-11,1.34079909308419e-09
"ENSG00000137812",47.2066831052233,1.0134160282219,0.15328652096317,6.61125336953398,3.81079596269672e-11,1.49478658074937e-09
"ENSG00000161888",45.6980138180196,1.18677863558415,0.180458678287873,6.57645643226405,4.81792082247213e-11,1.86429353215504e-09
"ENSG00000112984",14.4888089276567,1.27772475756928,0.194329117850918,6.57505561544053,4.86349858771159e-11,1.87830377056052e-09
"ENSG00000077152",20.9952007577919,1.06874961862337,0.163160307122621,6.55030403822518,5.74200590857655e-11,2.20484226880284e-09
"ENSG00000157404",12.2335292284163,-1.20928706719948,0.184687186718878,-6.54775834037797,5.84071292555649e-11,2.23845602064731e-09
"ENSG00000151364",12.4518183421624,1.86011315591059,0.284131767360642,6.5466567613666,5.8839383151806e-11,2.25071869445572e-09
"ENSG00000182853",6.68145002087097,-2.08372201077241,0.320507728479692,-6.50131596094862,7.96204018366706e-11,2.93906323096543e-09
"ENSG00000154839",20.2518012116236,1.19802199420919,0.184344525889221,6.49882055586031,8.09521501247545e-11,2.97725669192767e-09
"ENSG00000117226",224.694149118306,1.08046855112089,0.166851883509919,6.47561494897153,9.44265685163731e-11,3.44751573650671e-09
"ENSG00000035720",53.2435075462935,1.15274328067089,0.178274010367488,6.46613198578222,1.0054326860194e-10,3.6442844048052e-09
"ENSG00000167513",43.328242603983,1.21895203289756,0.188667732562459,6.46083999813812,1.04123367383166e-10,3.76723605745158e-09
"ENSG00000197561",1656.80152109784,1.62782861886222,0.251971306997077,6.46037296175593,1.04445242608352e-10,3.76793684473863e-09
"ENSG00000273962",3.26318822444904,3.1881207114454,0.496997328877678,6.4147642777977,1.41040922052653e-10,5.02135744515699e-09
"ENSG00000162407",13.8931777366667,1.01133651961989,0.157816184495314,6.40831941827819,1.47132409533744e-10,5.21046292702184e-09
"ENSG00000012223",10199.0354069921,1.38972508041453,0.216920139388061,6.40662081600623,1.48780221568852e-10,5.25952515189782e-09
"ENSG00000242766",4.97973779051979,3.27431130402775,0.512179562219783,6.39289722892672,1.62771669522897e-10,5.72385148055604e-09
"ENSG00000167861",23.4482517911037,1.13033804807478,0.176946876172332,6.38800792941903,1.68060626853518e-10,5.89948722355853e-09
"ENSG00000176658",28.5289866085487,1.00709964862335,0.157679990788313,6.38698444608226,1.69188839094786e-10,5.92870820072707e-09
"ENSG00000248385",9.7441632527997,1.53953300902825,0.241613874670983,6.37187335009096,1.86733065568829e-10,6.46438267057272e-09
"ENSG00000112742",7.34077797551333,1.31396089048962,0.206280180804062,6.36978737059429,1.89290438285777e-10,6.53035722031002e-09
"ENSG00000274641",5.58724064356316,1.39835265044974,0.2197903774947,6.36221051344006,1.98870617078125e-10,6.84907671600332e-09
"ENSG00000275713",14.0873962797327,1.00978030352881,0.15879814088874,6.35889247743969,2.03213584979167e-10,6.97851723744761e-09
"ENSG00000279296",522.150261288077,1.26530996401186,0.199450885301779,6.34396764946611,2.23921868546335e-10,7.63314614480059e-09
"ENSG00000211599",5.66782734250661,2.40210979400467,0.378735378871022,6.34244891820025,2.26141204168703e-10,7.69571187836584e-09
"ENSG00000237649",23.3056954486441,1.04867900451703,0.165827539762343,6.3239134224626,2.55020645851047e-10,8.6345165970243e-09
"ENSG00000240247",92996.8686110646,1.51015646560872,0.238952043765858,6.31991441382474,2.61708206255736e-10,8.84600216895442e-09
"ENSG00000005381",1796.57531698468,1.45117726506017,0.23085777103607,6.28602302858342,3.25701652178366e-10,1.0808549530237e-08
"ENSG00000035499",9.4048899870871,1.25660272113344,0.20017952152735,6.27737898235387,3.44328076668936e-10,1.13702009369887e-08
"ENSG00000223648",6.09733574245772,3.21391676020333,0.512415550632772,6.27209060348486,3.5623217317234e-10,1.1743943551096e-08
"ENSG00000211898",102.169253926683,1.20348862652655,0.192369940727012,6.25611580467446,3.94683721938055e-10,1.29265368015137e-08
"ENSG00000119922",12707.9047174595,1.42263753996632,0.227664205801441,6.24884151181448,4.13508244142587e-10,1.34551286454448e-08
"ENSG00000085999",11.3157135047558,1.17801826626509,0.188998121872176,6.2329628178094,4.57694837094922e-10,1.48207355649929e-08
"ENSG00000196415",726.26845262447,1.6449861087662,0.265399278031912,6.1981559293029,5.71285296457792e-10,1.8292080642492e-08
"ENSG00000173369",51.0667423875874,1.11094133155785,0.180499702831854,6.15480975385736,7.51676731679342e-10,2.36524464831723e-08
"ENSG00000251039",4.04578087433274,3.19016473524022,0.518747590224879,6.14974371998003,7.7608245349447e-10,2.43439697931818e-08
"ENSG00000099194",69.0828715157111,1.01912308341633,0.165777850987047,6.14752258729642,7.87024955842391e-10,2.45718508020325e-08
"ENSG00000285710",4.3933559526363,1.33045239225242,0.216786881173972,6.137144392906,8.40180152136539e-10,2.61906235916404e-08
"ENSG00000225523",3.70038995072423,3.36694055506202,0.550070122327463,6.12092971131715,9.30309381378938e-10,2.86878788313222e-08
"ENSG00000132561",15.9838484439564,1.41433987800617,0.231392355978764,6.11230164464021,9.82043329772316e-10,3.01903013833686e-08
"ENSG00000126709",3357.36877360601,1.16563376095059,0.190906121124288,6.10579563445064,1.02289825141401e-09,3.13022481699884e-08
"ENSG00000139734",13.9843218704813,1.09932698650156,0.180130334382908,6.10295312151417,1.04126389856989e-09,3.18156914374008e-08
"ENSG00000241244",5.40163984313994,2.65950313638856,0.440395039995479,6.03890347270001,1.55165026554732e-09,4.66986154994451e-08
"ENSG00000149131",1173.30588102931,1.15807701269941,0.192568275228252,6.0138515096879,1.81166471027965e-09,5.37174666462209e-08
"ENSG00000017427",19.5073792586304,1.38070932592988,0.230545792621709,5.98887236339816,2.11300900122276e-09,6.14704679542945e-08
"ENSG00000268170",14.7272504523883,-1.00031494416413,0.167132455783959,-5.98516272301514,2.16173632190973e-09,6.26153798213276e-08
"ENSG00000136982",5.14910672963491,1.32928497429868,0.222457537583962,5.97545486089441,2.29449067513329e-09,6.62691226114866e-08
"ENSG00000285639",25.7491673628653,1.20187381599967,0.201388601831099,5.96793366194408,2.40277014446573e-09,6.92965824110375e-08
"ENSG00000281990",8.56374403782839,4.09344960481095,0.686664183839261,5.96135593081868,2.50153411983021e-09,7.19379482035533e-08
"ENSG00000172232",602.082828007014,1.55128925238286,0.260697282675603,5.95053863416442,2.67261474441532e-09,7.63103845257273e-08
"ENSG00000178445",22.2571394454175,1.14288105874131,0.192314919204841,5.94275817740376,2.80265740706989e-09,7.94575177755429e-08
"ENSG00000129173",8.79146911730891,1.16230291264981,0.196525376183083,5.91426377205865,3.33363295048672e-09,9.34536207825956e-08
"ENSG00000175518",19.6673739000138,1.0981411724728,0.185796536574364,5.91045017695085,3.41174035855007e-09,9.5376462687277e-08
"ENSG00000214872",33.0207827092721,1.16855421873062,0.198122675324421,5.8981346623608,3.67633891324123e-09,1.02203241576986e-07
"ENSG00000162825",42.6235876778023,1.20750692074569,0.205132079009451,5.88648507135764,3.94495372782872e-09,1.08915499339668e-07
"ENSG00000206047",1275.84779808664,4.55887460378406,0.776258430176892,5.87288256920468,4.28281863280106e-09,1.17114347443198e-07
"ENSG00000101425",1407.41656568487,1.20812141778378,0.206221053669352,5.85838058863207,4.67402511684444e-09,1.27118262472225e-07
"ENSG00000233975",4.98631995479576,1.82187465569654,0.311150185157573,5.85529028296705,4.76177557483417e-09,1.2915430260078e-07
"ENSG00000142675",18.9204832617811,1.06172021462689,0.181532834598578,5.84864009298739,4.95608131275382e-09,1.33880988993042e-07
"ENSG00000211664",12.3072551106194,2.36606355274207,0.405350751282259,5.8370770135677,5.3124544325997e-09,1.42738386926311e-07
"ENSG00000286522",7.78777763958232,1.57822201754896,0.270507763334666,5.8342947281569,5.40185643092948e-09,1.44559159281109e-07
"ENSG00000184357",12.0641354601012,1.28519200530199,0.220481754256223,5.82901750594954,5.57546551255512e-09,1.48807763959594e-07
"ENSG00000119917",14046.8316807426,1.30550037475655,0.224712555341813,5.80964589526713,6.26051165214845e-09,1.66058223509741e-07
"ENSG00000169116",20.6904598380113,1.09169919587235,0.187913830209528,5.80957343403133,6.26322176079446e-09,1.66058223509741e-07
"ENSG00000179639",37.2529377036062,-1.01229519902747,0.174554576625573,-5.79930482830531,6.65903898477793e-09,1.7539261157804e-07
"ENSG00000173391",57.6742411565913,1.28407346160568,0.222361010826995,5.7747239807465,7.70793345195028e-09,2.00646517027132e-07
"ENSG00000157445",4.63942316279093,-1.33855340302391,0.231874078571327,-5.77275998796973,7.79834852244159e-09,2.02474219927227e-07
"ENSG00000177335",12.2155685726512,1.07021947511004,0.185513568323137,5.76895525639334,7.97644769854793e-09,2.06563201123637e-07
"ENSG00000065328",18.0335711607248,1.03123570646764,0.179360700005823,5.74950759243335,8.95037340364387e-09,2.28828169008467e-07
"ENSG00000149516",301.287258930437,1.25678918541952,0.218835841978163,5.74306829292129,9.29762063433496e-09,2.36799883093532e-07
"ENSG00000234571",17.6027649378685,-1.15565683733975,0.201776539886833,-5.72740933107438,1.0197590772214e-08,2.57107559041833e-07
"ENSG00000211611",6.35004953899358,2.62657129297044,0.459766096616701,5.71284249164671,1.1110450623035e-08,2.77332344069881e-07
"ENSG00000081041",93.6588624574998,1.0350687368642,0.182703932786259,5.66527890822744,1.4678557916037e-08,3.55334559020586e-07
"ENSG00000230825",21.9609152246329,1.11983454887116,0.198361496912333,5.64542295910419,1.64775646345104e-08,3.93778337758198e-07
"ENSG00000132669",163.903350700733,1.02648806221665,0.182026845637452,5.63921249429955,1.70829620427785e-08,4.06663766253505e-07
"ENSG00000148346",2409.53972064153,1.21958955328051,0.217098237891143,5.61768517850449,1.9353271169026e-08,4.56241098448419e-07
"ENSG00000282639",7.61145717027428,2.78711676945716,0.497212153275522,5.60548802175543,2.07668985092538e-08,4.86275366494723e-07
"ENSG00000090889",12.1541272493583,1.0130728525123,0.180772162366625,5.60414191681617,2.09289179856315e-08,4.88926843944053e-07
"ENSG00000233730",5.32622344588959,-1.07222423906676,0.192227375463341,-5.57789563782107,2.43445628169752e-08,5.5958992787093e-07
"ENSG00000173825",28.8009437730939,-1.00572323930255,0.180639563573653,-5.5675690275485,2.58317759750867e-08,5.90390099936874e-07
"ENSG00000217275",12.9390295121394,1.02702704411228,0.184604483356887,5.56339166544931,2.64581141906058e-08,6.01277143805559e-07
"ENSG00000177602",14.8057511639606,1.04453352835215,0.188654633418492,5.53674992988413,3.08136014581267e-08,6.8931677190479e-07
"ENSG00000211685",15.9471409546476,2.13116314980249,0.38521362534434,5.53241892183188,3.15844451211197e-08,7.03420686675249e-07
"ENSG00000162366",14.5852584935362,-1.30569284355495,0.237038154753285,-5.50836570979026,3.62180376971147e-08,7.96002574123867e-07
"ENSG00000179348",26.6613832626966,-1.0659095782394,0.193988108093091,-5.49471608707009,3.9133948268975e-08,8.56332815614994e-07
"ENSG00000169245",21.3038686843165,1.71245888837994,0.316229052614001,5.41524845432281,6.12036598243344e-08,1.29405712818456e-06
"ENSG00000224852",4.73972350771605,-1.25002800253573,0.231577021884706,-5.39789307402905,6.74280304471287e-08,1.41669543216168e-06
"ENSG00000283378",78.443671182962,-1.17134639546491,0.217492080749171,-5.38569676390105,7.21645396809218e-08,1.49901186461297e-06
"ENSG00000138180",9.55245832593296,1.0475057138076,0.195665266647419,5.35355984102772,8.62404963122738e-08,1.76929837060718e-06
"ENSG00000239819",3.81016568405461,2.33864925882518,0.438509714481892,5.33317548412432,9.65099616417579e-08,1.95794096269979e-06
"ENSG00000244242",34.4845985662552,1.03371551647897,0.194146660913385,5.32440533159691,1.0128383306726e-07,2.04650519153242e-06
"ENSG00000102837",794.70630526634,1.33619244817215,0.252346116383401,5.29507831276471,1.18965416463324e-07,2.35679489252717e-06
"ENSG00000118113",1564.01428387971,1.17815635584329,0.222587875024491,5.29299430938753,1.20329666165858e-07,2.3785876021977e-06
"ENSG00000239839",35218.0933371621,1.40376412671282,0.266536240972382,5.26669139472961,1.38904419552608e-07,2.7031069762257e-06
"ENSG00000179044",66.9564129314817,1.17730074281698,0.223843483333298,5.25948187226878,1.44461869106393e-07,2.80038075857693e-06
"ENSG00000259316",6.77068866587757,1.01046470766865,0.192395467848551,5.25201928594319,1.50440705419373e-07,2.91065009597095e-06
"ENSG00000287080",4.89892343984073,1.35842660784864,0.259119006103551,5.24248154651295,1.5843124116671e-07,3.0475967350725e-06
"ENSG00000054179",5.82001921611583,-1.52644667754087,0.293137290301455,-5.2072756624417,1.91633302651978e-07,3.6066647120716e-06
"ENSG00000169397",180.342279053466,1.10687110325116,0.213320001518354,5.18878255846966,2.11673387929146e-07,3.94310537885855e-06
"ENSG00000225972",85.0162636372335,1.74158970358175,0.337820645516048,5.15536787552263,2.53133475122094e-07,4.63361404141302e-06
"ENSG00000129757",23.1454312150613,-1.0613468578839,0.206047300422328,-5.15098647596205,2.59119875849428e-07,4.73454766775382e-06
"ENSG00000197353",5.68238682160007,-1.92464009003028,0.37539274748747,-5.12700392565394,2.94389380788988e-07,5.31119779346038e-06
"ENSG00000124216",14.5469509945328,1.07214068495776,0.209665218625137,5.11358389335266,3.16103269918195e-07,5.66217510477239e-06
"ENSG00000233646",8.45487202042857,1.09541022919979,0.21524664529395,5.08909315498903,3.59779854560316e-07,6.34402866658591e-06
"ENSG00000162062",8.62035595166403,1.02409711752552,0.202006869488754,5.06961530623855,3.98620581348464e-07,6.94778341960749e-06
"ENSG00000100448",583.217796096432,1.31591216908652,0.260831151920895,5.04507287337217,4.53348548836361e-07,7.78656239320996e-06
"ENSG00000272512",19.5760982868389,1.05978660384449,0.211280328660534,5.0160211817318,5.27525154569924e-07,8.93164507130715e-06
"ENSG00000211892",119.876031244597,1.23024056673535,0.246187162884406,4.99717593850739,5.81759872515868e-07,9.74982849891979e-06
"ENSG00000276368",5.3542336108885,1.50290448257005,0.301659347582672,4.98212468671526,6.28898877943866e-07,1.04178918260387e-05
"ENSG00000213648",16.0697104982512,1.31746140929645,0.264496129149206,4.98102340300508,6.32488894934566e-07,1.04428397117532e-05
"ENSG00000275676",4.51430718750909,-1.25582233239941,0.254180986263696,-4.94066197027256,7.78577853627334e-07,1.2615856506149e-05
"ENSG00000175305",8.69652970852571,1.00897265468446,0.204463398910185,4.9347348232613,8.02597298065402e-07,1.29543922664239e-05
"ENSG00000100479",5.74468074169853,1.03831784976199,0.211279796351343,4.91442091337187,8.9045260542535e-07,1.41877838021826e-05
"ENSG00000159189",26.2872576651639,1.02377907500528,0.209842796672516,4.87879065300013,1.0673828240133e-06,1.66884721720146e-05
"ENSG00000233785",6.80017621851169,1.28999802722265,0.264464882086231,4.87776682123729,1.07293655916408e-06,1.67622294558729e-05
"ENSG00000078081",31.9756363546002,1.14556084353465,0.235775270812611,4.85869802878995,1.18160188099996e-06,1.83454903971829e-05
"ENSG00000131203",25.8451429621653,-1.1131319524576,0.229591999435136,-4.84830462383809,1.24521085950294e-06,1.91697438309347e-05
"ENSG00000274553",9.49957739986603,-1.10650052560797,0.228274426193065,-4.84723823014733,1.25192059103976e-06,1.92432354341252e-05
"ENSG00000211654",3.69644018325959,2.27064519497846,0.469061154823355,4.84082975456274,1.29298108374016e-06,1.97835975896854e-05
"ENSG00000260592",5.26167009932858,-1.34929238903913,0.286232816226859,-4.71396818445069,2.42938611791376e-06,3.51078697530378e-05
"ENSG00000257764",2654.23171902702,1.04174129260977,0.225343852544646,4.62289643514184,3.7841867747944e-06,5.22384571032912e-05
"ENSG00000100101",15.5563096318278,1.04489022581996,0.226073888036875,4.62189700408713,3.80246801171558e-06,5.24546929296814e-05
"ENSG00000197632",21.2908766684334,1.00763453146098,0.218211603545846,4.61769454551155,3.8802684763439e-06,5.33690236059565e-05
"ENSG00000121900",4.56262360238332,1.26163486283607,0.273717524037507,4.6092586409016,4.04107359163396e-06,5.54030636598571e-05
"ENSG00000121211",4.21195232986465,1.05954609055574,0.232194813013195,4.56317725967258,5.03852393285031e-06,6.76891244705439e-05
"ENSG00000230202",26.5260732427898,1.22661505924748,0.2689075428134,4.56147509442921,5.07955020467618e-06,6.819457756365e-05
"ENSG00000286239",3.55659019343686,1.09733305540381,0.243037623795206,4.51507481956156,6.32944153592638e-06,8.28115705914546e-05
"ENSG00000196747",3.76630032179506,1.00742456487992,0.226095553177851,4.45574692080506,8.36016095435133e-06,0.000106461922597851
"ENSG00000286640",5.08008304481807,-1.06917093586581,0.240199985628909,-4.45116985776012,8.54037537505723e-06,0.000108247537181377
"ENSG00000287586",12.370305475639,-1.04906474035778,0.236761862360376,-4.43088565826953,9.38468443619888e-06,0.0001177137764951
"ENSG00000211642",11.9346968516329,1.48223644261392,0.335849741484467,4.41339164372252,1.01763661813941e-05,0.000126613956387252
"ENSG00000287188",9.29216869538052,1.05659003558407,0.243331618233395,4.34218143640761,1.41074953186933e-05,0.000169020105300591
"ENSG00000149054",9.79027897415087,1.04294182370496,0.243846194181318,4.27704778090344,1.89388164601099e-05,0.000218291913241197
"ENSG00000229358",8.59073959976594,1.01158346835878,0.238965942058735,4.23317004776415,2.30420144748724e-05,0.000258019071583431
"ENSG00000225630",25.3394449751652,1.15554200377276,0.27415424727801,4.21493380184976,2.49851464860995e-05,0.000277914692656703
"ENSG00000223552",4.85264255214706,1.16405015940304,0.277010120149375,4.20219361940762,2.6434088527601e-05,0.000292893792397587
"ENSG00000254859",7.94623722806655,-1.12700237434758,0.271972162301019,-4.14381517877633,3.41575067514367e-05,0.000365733475067199
"ENSG00000137960",15.5012608095619,1.22823112942941,0.305788660989277,4.01660128749013,5.90434934588375e-05,0.000585875140044029
"ENSG00000211643",3.35002610261603,1.77612796090103,0.442667225365093,4.01233219702715,6.01218138001046e-05,0.000595102042374961
"ENSG00000223629",13.4934321029726,1.30556283075615,0.325434046942842,4.01175858217889,6.0268115101625e-05,0.000595374124739759
"ENSG00000185736",44.958443099754,-1.00454048570566,0.251221363895262,-3.99862682906405,6.37110383538944e-05,0.000622634838013388
"ENSG00000175161",17.3490542240697,1.13635828913295,0.301282482323959,3.77173701028878,0.000162115071438048,0.00138627751361102
"ENSG00000222047",12.0361151963882,1.05167020511621,0.280399776294798,3.7506100005249,0.000176404894954704,0.00149634351014477
"ENSG00000123838",28.624087220788,-1.2113871938548,0.324784196798933,-3.72982185030618,0.000191615202631642,0.00161037112014618
"ENSG00000254806",2.54582585920731,1.36147217005875,0.369481709032677,3.68481615402061,0.000228867779542234,0.00187624775997731
"ENSG00000255337",3.28647339514836,1.11507829566455,0.305291022237299,3.65250929258513,0.000259690195538783,0.00208793833910123
"ENSG00000230583",7.04425439479119,-1.13260166632772,0.31049671027887,-3.64770907012344,0.000264588991745719,0.00211967296185099
"ENSG00000197550",31.1501687787233,1.01413164196953,0.288067316837795,3.52046755286915,0.000430786695900522,0.00321230972196059
"ENSG00000215378",13.853588630961,1.34647047843172,0.38744727994078,3.47523533688901,0.000510405365673963,0.0037148021603373
"ENSG00000282059",10.3013949390571,-1.04092999490861,0.302962047155822,-3.43584288751927,0.000590713429991561,0.00422715458434518
"ENSG00000288587",4.22697770075771,1.02021926302544,0.302230157601392,3.37563686933915,0.000736450508238613,0.00509189858128139
"ENSG00000281778",13.6444840125416,1.13217546329388,0.337248787646611,3.35709275990115,0.000787666822684165,0.00539760471585689
"ENSG00000118473",13.2387668779309,1.01663816835339,0.308967962331986,3.29043231757799,0.00100033563512574,0.00660649999026697
"ENSG00000215604",7.69688387880711,1.27831969571369,0.393886122514035,3.24540424921454,0.00117283999279193,0.00756383681323085
"ENSG00000260342",3.86522778857412,-1.19963046970285,0.437814769671837,-2.7400411151091,0.00614314990447932,0.0299375873292934
