"PC","Variance_Explained_Percent"
"PC1",43.7731923093242
"PC2",3.76281429668286
"PC3",3.06260902093698
"PC4",1.9875347427377
"PC5",1.39160556463763
"PC6",1.28263433084945
"PC7",1.26332789032299
"PC8",0.953016154921023
"PC9",0.736349256420204
"PC10",0.65656063515904
"PC11",0.558792444742747
"PC12",0.498423096328057
"PC13",0.47362972732357
"PC14",0.433722253055499
"PC15",0.385865459017856
"PC16",0.373644032864628
"PC17",0.343848798142539
"PC18",0.324231821389403
"PC19",0.302750710982833
"PC20",0.296494644236166
"PC21",0.289689204004014
"PC22",0.272287248716097
"PC23",0.258671679709936
"PC24",0.255264890237036
"PC25",0.242115313321632
"PC26",0.239354723656348
"PC27",0.233574854112181
"PC28",0.225861078871235
"PC29",0.221374940916004
"PC30",0.210175921479509
"PC31",0.208807631394414
"PC32",0.206146508644234
"PC33",0.202400569714152
"PC34",0.198463644189887
"PC35",0.19692687253348
"PC36",0.195439795820189
"PC37",0.189070344604677
"PC38",0.187184989657999
"PC39",0.185977353956779
"PC40",0.182018105039618
"PC41",0.180983732808795
"PC42",0.179390473884695
"PC43",0.175471604944673
"PC44",0.174945515364112
"PC45",0.171960086785726
"PC46",0.169313272012336
"PC47",0.168993613893412
"PC48",0.166685794271093
"PC49",0.164180980385867
"PC50",0.163269620485079
"PC51",0.161270050873651
"PC52",0.157290454103885
"PC53",0.157136757264957
"PC54",0.156682120345389
"PC55",0.1554094767648
"PC56",0.153828425483805
"PC57",0.152626790419629
"PC58",0.151211362243874
"PC59",0.150815794278206
"PC60",0.148792080564481
"PC61",0.14824571087374
"PC62",0.146541439299929
"PC63",0.145161073217572
"PC64",0.145093036629715
"PC65",0.143801865490426
"PC66",0.142259740613045
"PC67",0.141202131672951
"PC68",0.140860933493966
"PC69",0.139185046914441
"PC70",0.138536577496301
"PC71",0.137638103356536
"PC72",0.136267275153768
"PC73",0.135533062280088
"PC74",0.13531363422818
"PC75",0.134046125188534
"PC76",0.133524020273458
"PC77",0.133095267064077
"PC78",0.131800649890513
"PC79",0.131482532574685
"PC80",0.130035665727593
"PC81",0.129717933037555
"PC82",0.128631351725533
"PC83",0.127616301021392
"PC84",0.127021612263803
"PC85",0.126173420876269
"PC86",0.125479862530853
"PC87",0.124647679342265
"PC88",0.124146590630436
"PC89",0.123243167542542
"PC90",0.123088466086976
"PC91",0.121969897691443
"PC92",0.121069446105335
"PC93",0.120249836282383
"PC94",0.119666687829818
"PC95",0.119143730138951
"PC96",0.118444835549884
"PC97",0.117889865983254
"PC98",0.117237909289002
"PC99",0.116260141258881
"PC100",0.116103584190936
"PC101",0.115397221779839
"PC102",0.114912970140623
"PC103",0.113780187663589
"PC104",0.113578039704152
"PC105",0.112766616070769
"PC106",0.112215783304443
"PC107",0.111703393663876
"PC108",0.11095949368495
"PC109",0.110581710777458
"PC110",0.110173294107621
"PC111",0.109648515558735
"PC112",0.109124004540044
"PC113",0.108388585230332
"PC114",0.107226082056259
"PC115",0.106817518487593
"PC116",0.106660321408155
"PC117",0.106043770787332
"PC118",0.105703858842801
"PC119",0.105122325880057
"PC120",0.104712469510954
"PC121",0.103925270244533
"PC122",0.103289359324835
"PC123",0.103118336501063
"PC124",0.102217946744459
"PC125",0.10134642642671
"PC126",0.101037358568738
"PC127",0.100788305418787
"PC128",0.100457359472424
"PC129",0.0997982937314911
"PC130",0.0992853511194042
"PC131",0.0992417440679118
"PC132",0.0987640639701391
"PC133",0.0984192590387384
"PC134",0.0981120922752107
"PC135",0.0971819810282049
"PC136",0.0967806410706849
"PC137",0.0965082459533733
"PC138",0.0958330904501779
"PC139",0.0955236963436961
"PC140",0.0951675287174867
"PC141",0.0948264333826431
"PC142",0.0947407330948193
"PC143",0.0944484969670237
"PC144",0.0934488647408209
"PC145",0.0931511051762168
"PC146",0.0928641177734386
"PC147",0.0923431180347593
"PC148",0.0921265145354454
"PC149",0.0914815534335698
"PC150",0.0913392019279399
"PC151",0.0907638153365981
"PC152",0.0904385497832568
"PC153",0.0898385230430059
"PC154",0.0895883679330366
"PC155",0.0890532870288025
"PC156",0.0888955056963787
"PC157",0.0884449580979971
"PC158",0.0878529074279821
"PC159",0.0873168039887198
"PC160",0.0869960664847842
"PC161",0.0865966381175609
"PC162",0.086320001650609
"PC163",0.0859773882199065
"PC164",0.0858191923132528
"PC165",0.0851737883087201
"PC166",0.0848693893805576
"PC167",0.0847957440608381
"PC168",0.0844608259790586
"PC169",0.0842211487450023
"PC170",0.0837968488336023
"PC171",0.0830185012040112
"PC172",0.0826204944930635
"PC173",0.082509125033666
"PC174",0.0820311780414118
"PC175",0.0816152817569238
"PC176",0.0814382730944954
"PC177",0.0809558389877836
"PC178",0.0808509731203922
"PC179",0.0805946431587589
"PC180",0.0802162499943689
"PC181",0.0797966079965078
"PC182",0.079502587791162
"PC183",0.0790880162648223
"PC184",0.0790740077335506
"PC185",0.0786883673291007
"PC186",0.0781384987217736
"PC187",0.0780400630790564
"PC188",0.077383466343407
"PC189",0.0771955676014423
"PC190",0.077025941500222
"PC191",0.0767026557491521
"PC192",0.076401484497013
"PC193",0.0761797630693247
"PC194",0.075416353997594
"PC195",0.0751373840251978
"PC196",0.0748842975484499
"PC197",0.0744302164733544
"PC198",0.0743513479330318
"PC199",0.0740108341710954
"PC200",0.0737779611775016
"PC201",0.0737297164178494
"PC202",0.073312641092716
"PC203",0.0727905033059542
"PC204",0.072240958626538
"PC205",0.0719234171065683
"PC206",0.0718135955541961
"PC207",0.0716262889858966
"PC208",0.0715303426943264
"PC209",0.071025770609024
"PC210",0.0707600230406681
"PC211",0.070599299018103
"PC212",0.0700377290634826
"PC213",0.0699833638901648
"PC214",0.0698623421010269
"PC215",0.0696676292487253
"PC216",0.0691400441659031
"PC217",0.0687997328076124
"PC218",0.0685894442849159
"PC219",0.0682077238732166
"PC220",0.0680381177826503
"PC221",0.067743486220803
"PC222",0.0675637936019822
"PC223",0.0669855420435927
"PC224",0.0667586906648913
"PC225",0.0666563357554724
"PC226",0.06620315606349
"PC227",0.0659234603700213
"PC228",0.065695684163964
"PC229",0.0656571990696091
"PC230",0.0653730925279886
"PC231",0.0650611034540983
"PC232",0.0649449601665425
"PC233",0.0646594642641163
"PC234",0.0643656264221492
"PC235",0.0639853355371545
"PC236",0.0638994902458079
"PC237",0.0635271904816586
"PC238",0.0633143889145219
"PC239",0.0629546048438021
"PC240",0.0626198235561409
"PC241",0.0620647686754312
"PC242",0.0619101883984013
"PC243",0.0618634933615072
"PC244",0.061672641706088
"PC245",0.0613718082180415
"PC246",0.0612946912438965
"PC247",0.0608528324060935
"PC248",0.0606776514863363
"PC249",0.0604202028371059
"PC250",0.0601044735899492
"PC251",0.0600955031079793
"PC252",0.0598807605821835
"PC253",0.0596308952538979
"PC254",0.0595519413339208
"PC255",0.0592851508160559
"PC256",0.0588153151920072
"PC257",0.0586682508274189
"PC258",0.0585079380733102
"PC259",0.0581702254745105
"PC260",0.0579302514770031
"PC261",0.0576406846964767
"PC262",0.0574463377410954
"PC263",0.0573308867590216
"PC264",0.0570981360036234
"PC265",0.0568662425058728
"PC266",0.0567404021842312
"PC267",0.0564074079394635
"PC268",0.0561765124699191
"PC269",0.0560715019145055
"PC270",0.0560166793074597
"PC271",0.0555522776627771
"PC272",0.0555160325261438
"PC273",0.0552968527853348
"PC274",0.0551875004859776
"PC275",0.0549921805281173
"PC276",0.0547833782703368
"PC277",0.0545247115207174
"PC278",0.0543270749796277
"PC279",0.0541700901766435
"PC280",0.0540269469079834
"PC281",0.0539159945946881
"PC282",0.0534740544663024
"PC283",0.0534027926615699
"PC284",0.0531451057652936
"PC285",0.0529128164185756
"PC286",0.052770104291676
"PC287",0.0523615180943266
"PC288",0.0522603544030898
"PC289",0.0521992246602218
"PC290",0.051909176176031
"PC291",0.0518300483841021
"PC292",0.0516312730059747
"PC293",0.0513998453282426
"PC294",0.0511459565264437
"PC295",0.0509869267063733
"PC296",0.0508291176693256
"PC297",0.0506421313267916
"PC298",0.050397638703028
"PC299",0.0500765078656045
"PC300",0.0499701521960636
"PC301",0.0498241975806061
"PC302",0.0497666128779255
"PC303",0.0495205916412545
"PC304",0.04934468747041
"PC305",0.0491286683200323
"PC306",0.0489336633314854
"PC307",0.0488373033630155
"PC308",0.0485748749963174
"PC309",0.0483292064718183
"PC310",0.0479286249088357
"PC311",0.0478404526300789
"PC312",0.0476415287580953
"PC313",0.047497123405548
"PC314",0.0474886794673947
"PC315",0.0473200427551131
"PC316",0.0469372725517534
"PC317",0.046855608209484
"PC318",0.0468005302189988
"PC319",0.0466096766914256
"PC320",0.0463680157862855
"PC321",0.0462276861011883
"PC322",0.0460119666502368
"PC323",0.0459096926211245
"PC324",0.0458514400450525
"PC325",0.0455970321173563
"PC326",0.0454896284058952
"PC327",0.0450832932749502
"PC328",0.0450141560718004
"PC329",0.0447808432284415
"PC330",0.0446491930742226
"PC331",0.0443054465836695
"PC332",0.0442753830783355
"PC333",0.0439016457381432
"PC334",0.0438560814078961
"PC335",0.0435929428274478
"PC336",0.0435634788979236
"PC337",0.0434695970820197
"PC338",0.0433047128933896
"PC339",0.0431281157748371
"PC340",0.0429387447987817
"PC341",0.0427377444638196
"PC342",0.042631494030264
"PC343",0.042490922972587
"PC344",0.0423088279563304
"PC345",0.0421594171821611
"PC346",0.042024729095705
"PC347",0.0418326125329434
"PC348",0.0417699687568242
"PC349",0.0415450670214965
"PC350",0.0413405624657889
"PC351",0.0412531237299256
"PC352",0.0410338253688119
"PC353",0.0408239572863837
"PC354",0.0407294290813729
"PC355",0.0406205332569259
"PC356",0.0404433517332927
"PC357",0.0402637355860515
"PC358",0.0401379364679586
"PC359",0.0400748983605259
"PC360",0.0398769736608335
"PC361",0.039816074203572
"PC362",0.0395444474379848
"PC363",0.0393551074584345
"PC364",0.0392309619445372
"PC365",0.0389618539754674
"PC366",0.038707061982471
"PC367",0.0386029210816847
"PC368",0.0385717778375314
"PC369",0.0384229538584564
"PC370",0.0383266277621549
"PC371",0.0382372788793778
"PC372",0.0380902709124579
"PC373",0.0379502389251639
"PC374",0.0378853982670624
"PC375",0.0376363574599565
"PC376",0.0374907411893958
"PC377",0.0373703218334825
"PC378",0.0372553048356376
"PC379",0.0370301071507844
"PC380",0.0369476030752567
"PC381",0.0368275947838335
"PC382",0.0366867656486327
"PC383",0.0365806341352965
"PC384",0.0363213450247274
"PC385",0.036201375491978
"PC386",0.0359959425431708
"PC387",0.0359571498866693
"PC388",0.0358246480933958
"PC389",0.0357844621063598
"PC390",0.0356056748828885
"PC391",0.0353286690910911
"PC392",0.035108018949174
"PC393",0.0350610451855777
"PC394",0.0348400034585727
"PC395",0.0347394664570136
"PC396",0.0346147236738912
"PC397",0.0344903670762036
"PC398",0.034325077778298
"PC399",0.0342722520710572
"PC400",0.0340097923510674
"PC401",0.0339376635239076
"PC402",0.0337448551772736
"PC403",0.0337097746364126
"PC404",0.0336771573924713
"PC405",0.0334459483325443
"PC406",0.0333444133704329
"PC407",0.0332549932604359
"PC408",0.033193098827048
"PC409",0.0329244867246655
"PC410",0.0328470981411812
"PC411",0.0326207805295487
"PC412",0.0325192676208584
"PC413",0.0324579311513856
"PC414",0.0323465293199244
"PC415",0.0322483403946788
"PC416",0.0319975284359492
"PC417",0.0318941494785969
"PC418",0.0318187460546669
"PC419",0.0316827776021244
"PC420",0.0314644292691191
"PC421",0.031364796731665
"PC422",0.0311873847970744
"PC423",0.0311333738355177
"PC424",0.0308006981322125
"PC425",0.0306433270629588
"PC426",0.030601754923932
"PC427",0.0305163572805448
"PC428",0.030271600453134
"PC429",0.0302445627469078
"PC430",0.030168590164652
"PC431",0.0299760254288684
"PC432",0.0298469813167398
"PC433",0.0297586035447309
"PC434",0.0295539343800332
"PC435",0.0294968165583914
"PC436",0.0294182729501782
"PC437",0.0292302125661775
"PC438",0.0291718355048539
"PC439",0.0291299512716512
"PC440",0.0290226747699967
"PC441",0.0288993602354349
"PC442",0.0286193487890672
"PC443",0.0285255359998373
"PC444",0.028414952675089
"PC445",0.0283014766943144
"PC446",0.0282107307092173
"PC447",0.0280820254778877
"PC448",0.0280481742378255
"PC449",0.0279546198789282
"PC450",0.0276760650899351
"PC451",0.02762095690792
"PC452",0.0275805333068843
"PC453",0.0274386822783167
"PC454",0.0272850102322895
"PC455",0.0271843324881033
"PC456",0.0269744917056992
"PC457",0.0268548707962287
"PC458",0.0267220844566949
"PC459",0.0265904045644963
"PC460",0.0264781705476631
"PC461",0.0263452231284249
"PC462",0.0262628845447511
"PC463",0.0262075345893602
"PC464",0.0260823692871344
"PC465",0.0259335993891977
"PC466",0.0257849046553518
"PC467",0.0256849720442589
"PC468",0.0255279225689993
"PC469",0.0254517801802122
"PC470",0.0252676740056113
"PC471",0.0252338061490076
"PC472",0.0251185052342674
"PC473",0.0248683294200161
"PC474",0.0248014329646079
"PC475",0.0247034687435868
"PC476",0.0246682960035325
"PC477",0.0244046335864132
"PC478",0.0243515602535389
"PC479",0.0242005395289858
"PC480",0.024138868695109
"PC481",0.0240513682386971
"PC482",0.0239437016676683
"PC483",0.0239101819162581
"PC484",0.0237576285625525
"PC485",0.0237038411606229
"PC486",0.023571076974742
"PC487",0.0234988726005141
"PC488",0.0232909720182297
"PC489",0.0231707613900121
"PC490",0.0230771662348717
"PC491",0.0230570557549183
"PC492",0.0229505797541597
"PC493",0.0228720596665635
"PC494",0.0226752845292402
"PC495",0.022632741821429
"PC496",0.0225742056645277
"PC497",0.0223701238916419
"PC498",0.0222629556345633
"PC499",0.0221341026326184
"PC500",0.0220219388561889
"PC501",0.0218465017213124
"PC502",0.0217857214661841
"PC503",0.0215998050127668
"PC504",0.0215526747459548
"PC505",0.021476053739133
"PC506",0.0213883093270123
"PC507",0.0212831884055628
"PC508",0.0211578025624023
"PC509",0.021011382953635
"PC510",0.0208816856474287
"PC511",0.0208408209541663
"PC512",0.020778761167634
"PC513",0.0207042918590508
"PC514",0.0205309927363697
"PC515",0.0204545128852414
"PC516",0.0203211353071425
"PC517",0.0202663913813276
"PC518",0.0202267608886421
"PC519",0.0200681929724301
"PC520",0.0199202255233619
"PC521",0.0198660508081257
"PC522",0.0196770928822479
"PC523",0.0196611866702737
"PC524",0.0195450736848973
"PC525",0.0195095606572044
"PC526",0.0193679105493774
"PC527",0.0192514215750253
"PC528",0.0190539733932268
"PC529",0.01896489191779
"PC530",0.018948109038409
"PC531",0.0188625765477893
"PC532",0.0187717470351402
"PC533",0.0187288915770787
"PC534",0.0186018749598739
"PC535",0.0185091233724262
"PC536",0.0183457170263513
"PC537",0.0182400180550168
"PC538",0.0181555640977625
"PC539",0.0180975057247162
"PC540",0.0180310875470233
"PC541",0.0178851255562387
"PC542",0.0178134136474399
"PC543",0.0177347669587343
"PC544",0.0176134167914767
"PC545",0.0175106931374002
"PC546",0.0174000054866209
"PC547",0.0173783406784432
"PC548",0.0172732889770761
"PC549",0.0170707038667862
"PC550",0.0168677182263116
"PC551",0.0168369559796412
"PC552",0.016747171066564
"PC553",0.0166816336145574
"PC554",0.0166132299230111
"PC555",0.0165013646439292
"PC556",0.0164265844272339
"PC557",0.01637394848815
"PC558",0.0162816144226637
"PC559",0.016150604495877
"PC560",0.0160578042050928
"PC561",0.0160140084247504
"PC562",0.0158193586073161
"PC563",0.0156633673894022
"PC564",0.0155504473676339
"PC565",0.0155083757475293
"PC566",0.0154490504450228
"PC567",0.0154300381049858
"PC568",0.0152952923290758
"PC569",0.0151433916860388
"PC570",0.0150754398898339
"PC571",0.0148437992756986
"PC572",0.0147841180211469
"PC573",0.0147210605835884
"PC574",0.014602033084982
"PC575",0.014452834207113
"PC576",0.0144328014556178
"PC577",0.0143110694211844
"PC578",0.014199157435783
"PC579",0.0141338010535398
"PC580",0.0140581891024816
"PC581",0.0139979535055216
"PC582",0.0139123144429397
"PC583",0.0138157803981534
"PC584",0.0137749602905092
"PC585",0.0136688183268475
"PC586",0.0135584367153109
"PC587",0.0134218293066617
"PC588",0.0133518570579256
"PC589",0.0132977828435792
"PC590",0.0132066216875794
"PC591",0.013142869013428
"PC592",0.0130836402872431
"PC593",0.0129436225049896
"PC594",0.0128356306103472
"PC595",0.0127344077597769
"PC596",0.0126337548772126
"PC597",0.012614959862029
"PC598",0.0124885163966573
"PC599",0.0123594488120277
"PC600",0.0122754778841144
"PC601",0.0121926071376769
"PC602",0.0120574288869472
"PC603",0.0119803534161473
"PC604",0.0118708819774545
"PC605",0.0117401191172203
"PC606",0.0116480439690213
"PC607",0.0115903186094344
"PC608",0.0114312417842981
"PC609",0.011375982540669
"PC610",0.01134795563605
"PC611",0.0112108986304925
"PC612",0.0110853172486426
"PC613",0.010963468766571
"PC614",0.0108273606329521
"PC615",0.0106497541587815
"PC616",0.0106432028432803
"PC617",0.0105520153438327
"PC618",0.0104600162651347
"PC619",0.0103529904883009
"PC620",0.010264707550436
"PC621",0.0101833021752016
"PC622",0.00987075334200759
"PC623",0.00977905160128499
"PC624",0.00974591362353068
"PC625",0.00964718418456094
"PC626",0.00954192376556601
"PC627",0.00947902095416357
"PC628",0.00924257815140417
"PC629",0.00905147772918945
"PC630",0.00889949468495813
"PC631",0.00869881835557038
"PC632",0.00864100811203942
"PC633",0.00847098266653937
"PC634",0.00840595349987044
"PC635",1.29241622479045e-30
