"Gene","logFC","t","PValue","FDR"
"ENSG00000183688",1.58984035946633,15.7991237814698,1.73662195527562e-30,6.96052859435791e-28
"ENSG00000168264",1.21301245081174,13.8141733007467,4.20926291622711e-26,7.41066306690527e-24
"ENSG00000143321",1.05744576006475,13.7996610683024,4.53875677056875e-26,7.9167685225902e-24
"ENSG00000103355",3.13021508699478,13.6882183779222,8.10181802855162e-26,1.36269685733799e-23
"ENSG00000198938",1.35861980701449,13.4699643397895,2.52879323484592e-25,3.7216724185959e-23
"ENSG00000240247",2.55264838398312,13.3854250176681,3.93467283703075e-25,5.53144529134218e-23
"ENSG00000123933",1.36716394470499,13.3100067886838,5.84020348909284e-25,7.85841095196649e-23
"ENSG00000198899",1.2542986307784,13.2970969654873,6.24899745088365e-25,8.23207090767456e-23
"ENSG00000136938",1.00534190742918,13.1344958623135,1.46701140736787e-24,1.77151031358948e-22
"ENSG00000182557",2.3143084429535,13.0087623050249,2.84251715111391e-24,3.30539124028913e-22
"ENSG00000228830",2.09338832329069,12.9251413356279,4.41646291311596e-24,4.89396049160462e-22
"ENSG00000164821",2.53700867179303,12.8756314871339,5.73453291254655e-24,6.10322774048316e-22
"ENSG00000119950",1.23917490051181,12.7570775399158,1.07261254827523e-23,1.07478059491537e-21
"ENSG00000172232",2.86369005855744,12.3839203995086,7.75226009656625e-23,6.57824665311329e-21
"ENSG00000102760",1.9949664003754,12.2640355926745,1.46657117438107e-22,1.19598561831128e-20
"ENSG00000224940",2.19101656696093,12.080084470433,3.9077251080955e-22,3.04188948703732e-20
"ENSG00000283633",1.53025783653781,11.8762663418008,1.16021450267664e-21,8.34203084023758e-20
"ENSG00000239839",2.51240374650506,11.8620544869804,1.25178661596334e-21,8.89854953642162e-20
"ENSG00000104918",1.84308845381205,11.7451144401702,2.33977452478511e-21,1.55747959356544e-19
"ENSG00000161905",2.89447281002661,11.694324554389,3.07077838961187e-21,1.97431137554636e-19
"ENSG00000197561",2.37585926967928,11.6714709615477,3.47052593421346e-21,2.22373359009228e-19
"ENSG00000100448",2.7023347151407,11.611191812779,4.7932202112525e-21,2.99982333354068e-19
"ENSG00000198840",1.13453635592767,11.5331392127079,7.28303703255852e-21,4.35548735299484e-19
"ENSG00000255587",1.7812072142673,11.5249010514921,7.61194041369467e-21,4.52346162502146e-19
"ENSG00000124102",2.38951592711151,11.4419067899613,1.18800534617413e-20,6.80232362043413e-19
"ENSG00000148346",2.09979842661128,11.4202105550714,1.33467735576595e-20,7.57308796021657e-19
"ENSG00000110400",1.43650607031187,11.3871472327473,1.5938135585683e-20,8.85671381012086e-19
"ENSG00000272398",1.96852094895631,11.2850761380431,2.75705329989887e-20,1.47710288518378e-18
"ENSG00000007255",1.32831810060227,11.1946879240068,4.48061473523941e-20,2.30616995580437e-18
"ENSG00000105205",1.66033792065196,11.1599873196217,5.39920044633713e-20,2.73414349484137e-18
"ENSG00000170801",1.94360904644961,10.9367962415723,1.79303154983093e-19,8.40227073027736e-18
"ENSG00000173320",1.90526759765668,10.8543582220877,2.79407501197797e-19,1.26525925662599e-17
"ENSG00000155252",1.52062160541335,10.7623581883792,4.58447286199017e-19,1.97625399940894e-17
"ENSG00000142583",1.51043494346944,10.7554780188086,4.75744605379595e-19,2.03683565366837e-17
"ENSG00000110046",1.13051170973112,10.5731444236927,1.2697044256466e-18,5.09993432203214e-17
"ENSG00000184545",1.81790460370078,10.5717378945943,1.27935687903791e-18,5.12777125262046e-17
"ENSG00000177084",1.02916889837321,10.554032238979,1.40732841186317e-18,5.59309127060726e-17
"ENSG00000183018",1.59231597897793,10.4550667772163,2.39786452335129e-18,9.08872673860997e-17
"ENSG00000104885",1.34310137119662,10.3538624421289,4.13504886780693e-18,1.52140723772943e-16
"ENSG00000168028",1.08060369896587,10.3326962646322,4.63417544562874e-18,1.69183327606113e-16
"ENSG00000198520",1.17922972984271,10.3268749263004,4.78171798149108e-18,1.73226929491017e-16
"ENSG00000162889",1.30149743682816,10.257959978184,6.92964472063202e-18,2.41295096575353e-16
"ENSG00000215378",2.22894263682023,10.2160538167797,8.68317704472966e-18,2.98492133519375e-16
"ENSG00000122641",1.7209138138778,10.1502792921843,1.23715388430171e-17,4.15427894340029e-16
"ENSG00000164587",1.02795929770514,10.1478523212901,1.25341845402907e-17,4.20140513113874e-16
"ENSG00000154146",2.02143626311313,10.1279232385197,1.39531739383183e-17,4.62763891989506e-16
"ENSG00000196415",2.18821974886271,10.0942894902871,1.67213874911444e-17,5.45922872717812e-16
"ENSG00000180071",1.70207029618169,10.0479338185119,2.14578086977215e-17,6.82793125856893e-16
"ENSG00000183779",1.91412171724436,10.006835030916,2.67668872610298e-17,8.33445656567404e-16
"ENSG00000099381",1.2772841331333,9.95115889659244,3.61106953022739e-17,1.08493345790149e-15
"ENSG00000160223",1.63053122413409,9.89872595231136,4.78701629953322e-17,1.4134453456208e-15
"ENSG00000183856",1.53126994002385,9.89155634881756,4.97511254333366e-17,1.46210873777409e-15
"ENSG00000228278",1.90600641428522,9.79322563483525,8.43898005827463e-17,2.34128875313369e-15
"ENSG00000205903",1.20414972004908,9.74744271821371,1.07916655450317e-16,2.92929964751163e-15
"ENSG00000255092",1.68018076284286,9.74229019466788,1.10944469885587e-16,3.00283322371364e-15
"ENSG00000133317",1.22987895146349,9.73888701806059,1.12990675920831e-16,3.05382834002383e-15
"ENSG00000250696",1.74021294733352,9.73318695473669,1.16502687852181e-16,3.13973910409069e-15
"ENSG00000263020",1.7914339355507,9.70641926259423,1.34509912012263e-16,3.57390369885332e-15
"ENSG00000106263",1.18698674724557,9.70475123551098,1.35719878032202e-16,3.59590866718794e-15
"ENSG00000148344",1.63954233795953,9.65225858831166,1.79890813648933e-16,4.63581825925937e-15
"ENSG00000164047",1.499842193706,9.61036651480651,2.25229508090276e-16,5.68749795362551e-15
"ENSG00000122861",2.1649578666096,9.59268336162313,2.47639329671131e-16,6.19525855557074e-15
"ENSG00000113296",1.725685411399,9.57386196193462,2.73941847064879e-16,6.78123063733009e-15
"ENSG00000099998",1.75283742393278,9.56260633138152,2.90985498264761e-16,7.16405592497843e-15
"ENSG00000197506",1.5696876358953,9.51215972195677,3.81347439668561e-16,9.17474210533379e-15
"ENSG00000143545",1.31708934141776,9.46645438357675,4.87170603710916e-16,1.1414576906351e-14
"ENSG00000172366",1.23229579428802,9.4428678052251,5.52776226722278e-16,1.28241361563969e-14
"ENSG00000012223",1.83700135571327,9.43748320013091,5.68949031432548e-16,1.31185579609869e-14
"ENSG00000005381",1.72653236618277,9.405345838097,6.75781179566844e-16,1.54120652066346e-14
"ENSG00000273036",1.83552155798363,9.39167322373783,7.27097290627182e-16,1.64628110106188e-14
"ENSG00000196642",1.36501912933915,9.3811959009652,7.69036827867091e-16,1.7257721904146e-14
"ENSG00000177600",1.22053405710044,9.31979891556623,1.06808319620447e-15,2.29686658106162e-14
"ENSG00000222047",1.79475156572029,9.31266510065273,1.1096191367245e-15,2.37534151109275e-14
"ENSG00000167513",1.52252761750756,9.27745971231157,1.33942935603733e-15,2.82555097525546e-14
"ENSG00000112715",1.42643204734367,9.26718771349348,1.41502545732452e-15,2.97502785324545e-14
"ENSG00000133250",1.24469033373843,9.25632889196157,1.49957250193109e-15,3.1457624489285e-14
"ENSG00000105472",1.46578421932273,9.23172389876908,1.7102603037015e-15,3.50575447237529e-14
"ENSG00000120875",1.70090210130877,9.23113886572964,1.71561380549295e-15,3.51290574650828e-14
"ENSG00000135519",1.81201028524082,9.2088439304359,1.93257962635848e-15,3.9315264580282e-14
"ENSG00000279700",1.06012887455326,9.19848453375142,2.04250405962999e-15,4.13727865325911e-14
"ENSG00000198695",1.27387004015856,9.17614812124539,2.30119774222637e-15,4.61169819872983e-14
"ENSG00000174059",1.44736809869796,9.15177634546257,2.62087227266052e-15,5.19158694767391e-14
"ENSG00000223629",1.83761573493668,9.14660654202667,2.69417965715413e-15,5.31444569439472e-14
"ENSG00000166147",1.64052599102181,9.14175577284303,2.76482150574285e-15,5.43671268530103e-14
"ENSG00000160973",1.87583797855748,9.13663763725057,2.84136059773808e-15,5.56977637254839e-14
"ENSG00000109099",1.71194798122741,9.13211346688981,2.91077473984504e-15,5.6821942538032e-14
"ENSG00000188761",1.3086656441587,9.10111326339276,3.43412113529259e-15,6.66240720356764e-14
"ENSG00000101421",1.28909564840865,9.07515066801896,3.94392161860411e-15,7.55036539138864e-14
"ENSG00000137309",1.0252135938436,9.07363609156105,3.97588971486988e-15,7.6021278675927e-14
"ENSG00000133169",1.57159311881418,9.03156395934806,4.97500141282009e-15,9.37190766147048e-14
"ENSG00000076984",1.19472636780142,8.98046449173666,6.53062514798905e-15,1.21205829101298e-13
"ENSG00000095932",1.83169101878598,8.96820930926657,6.9707381010997e-15,1.28237074559098e-13
"ENSG00000105366",1.92363990626612,8.94991663485351,7.68326404266978e-15,1.40249348871912e-13
"ENSG00000186187",1.31585727432996,8.92069424052525,8.97510842647052e-15,1.61593335303862e-13
"ENSG00000005961",1.64066777001989,8.92001698768222,9.00748461991564e-15,1.61911255028598e-13
"ENSG00000161835",1.88535617100363,8.84377300795163,1.35063109675785e-14,2.35149617381925e-13
"ENSG00000140988",1.11686342012046,8.81123133602141,1.60528653600619e-14,2.75664428124746e-13
"ENSG00000179869",1.64724417344613,8.74340225588945,2.30019575181004e-14,3.87877227941766e-13
"ENSG00000161888",1.42168002215703,8.69866395968522,2.91530699186357e-14,4.79638018451755e-13
"ENSG00000267007",1.81748263589152,8.67952069857608,3.22622321592653e-14,5.23927525358828e-13
"ENSG00000122966",1.13637912040934,8.66544960639662,3.47562227350264e-14,5.6248945350724e-13
"ENSG00000101220",1.06787767404014,8.66232130867716,3.53362721524688e-14,5.71386004127216e-13
"ENSG00000229314",1.51378541565483,8.65554306451335,3.66263861372051e-14,5.912321011591e-13
"ENSG00000272636",1.5770980061049,8.65380676741517,3.69643384360421e-14,5.96176547481302e-13
"ENSG00000055118",1.64382597201705,8.64481963934638,3.87638681608757e-14,6.22535164888812e-13
"ENSG00000182378",1.04693321497991,8.63707788060577,4.03838211071831e-14,6.44703747472132e-13
"ENSG00000260417",1.13965407272548,8.61870013681525,4.4504439035116e-14,7.03924955955931e-13
"ENSG00000279071",1.68534108261423,8.59597697082617,5.01826193033633e-14,7.83864164541259e-13
"ENSG00000283486",1.57745282338144,8.56397409046703,5.94232306413566e-14,9.1830583988669e-13
"ENSG00000232442",1.11445284120006,8.56001741654485,6.06775160958278e-14,9.36920531322298e-13
"ENSG00000162430",1.08457875366974,8.55853700859778,6.11535599720925e-14,9.42725665101701e-13
"ENSG00000175130",1.03289226419679,8.54535799276331,6.55587503934018e-14,1.00406157716334e-12
"ENSG00000175352",1.67137914821288,8.53235696441368,7.02138458761962e-14,1.07038396131271e-12
"ENSG00000274677",1.34017661033271,8.49602406521789,8.5041920588595e-14,1.28059128700876e-12
"ENSG00000186792",1.20604329319727,8.48689048118433,8.92359590849977e-14,1.33839729079872e-12
"ENSG00000286588",1.14871008218219,8.48183482217962,9.16453429062571e-14,1.37017061084768e-12
"ENSG00000285600",1.67142953451692,8.45377807106427,1.06242067394123e-13,1.57341829054283e-12
"ENSG00000144668",1.6181435339318,8.43167702465456,1.19351294973276e-13,1.75651538648951e-12
"ENSG00000285639",1.60445978386321,8.43015248261189,1.20312780601402e-13,1.76790340169206e-12
"ENSG00000112759",1.19452591800507,8.41557530653224,1.2990446478885e-13,1.8970079904592e-12
"ENSG00000283646",1.52720485962749,8.40164177130236,1.39782990086983e-13,2.01780227376136e-12
"ENSG00000184207",1.12295912096615,8.4016736508774,1.39759555897579e-13,2.01780227376136e-12
"ENSG00000126351",1.08844593847359,8.40172281308393,1.39723425173398e-13,2.01780227376136e-12
"ENSG00000165891",1.39584079878584,8.38764814772759,1.50456424216873e-13,2.16028820076025e-12
"ENSG00000103266",1.2282206582037,8.38541749358438,1.52231215179212e-13,2.18410634542727e-12
"ENSG00000149516",1.71518213997773,8.37910148529018,1.57370283842322e-13,2.24927269121522e-12
"ENSG00000159335",1.2698032985396,8.37767010720928,1.58558725779112e-13,2.26282520926281e-12
"ENSG00000235257",1.32161427328758,8.36011377800504,1.73882744738416e-13,2.4702889482521e-12
"ENSG00000258928",1.16158537334552,8.35063150096316,1.827633440143e-13,2.57316582551673e-12
"ENSG00000106089",1.63331232325645,8.31740489261961,2.17595346366674e-13,3.00958967316843e-12
"ENSG00000204136",1.16918134681437,8.28847685575424,2.53253347512373e-13,3.45208868338501e-12
"ENSG00000144677",1.23043517612705,8.28267563554499,2.6107530173347e-13,3.54843905775981e-12
"ENSG00000167962",1.18126226152627,8.27090715679416,2.7768905961774e-13,3.76880872123846e-12
"ENSG00000112149",1.30558158952823,8.25637359664171,2.99664432056404e-13,4.02932089298968e-12
"ENSG00000105516",1.13557047118965,8.23413356785885,3.3668608157741e-13,4.50141405589443e-12
"ENSG00000158457",1.46824178326031,8.22482407266916,3.5350253063326e-13,4.69956293018302e-12
"ENSG00000204839",1.24028405058102,8.21696023050565,3.68356721349051e-13,4.86954660826206e-12
"ENSG00000188735",1.03675502372222,8.20549960459656,3.91123452710732e-13,5.14883550116336e-12
"ENSG00000183570",1.30819720766395,8.203892236992,3.94426486973246e-13,5.18145478493863e-12
"ENSG00000228727",1.3676499999669,8.19149758671088,4.20846080310509e-13,5.50859498446704e-12
"ENSG00000111206",1.0330896136475,8.18860355539231,4.27264004648425e-13,5.57782350628346e-12
"ENSG00000140691",1.12218640785622,8.1716993830731,4.66744097124515e-13,6.03053861565954e-12
"ENSG00000184897",1.80850322265913,8.14606504761728,5.33640238687064e-13,6.80438699754626e-12
"ENSG00000180758",1.28681646006268,8.14523266791256,5.35965325212628e-13,6.82658201241074e-12
"ENSG00000130511",1.37835421348726,8.13893262080219,5.5389301424673e-13,7.0453994614314e-12
"ENSG00000248527",1.05470594826404,8.13397182945769,5.68428255636335e-13,7.21566811299009e-12
"ENSG00000071655",1.07135161502639,8.11985325990197,6.11904880631987e-13,7.72073954544231e-12
"ENSG00000204815",1.11512198567061,8.11793495017775,6.18061794856289e-13,7.78799203445002e-12
"ENSG00000143847",1.39650714529379,8.10910930995536,6.47191266054454e-13,8.12244441701119e-12
"ENSG00000180902",1.34299607707045,8.101381890587,6.7381442139679e-13,8.43409705665962e-12
"ENSG00000186918",1.01908009233724,8.06614244713271,8.09709677323184e-13,1.00021710828945e-11
"ENSG00000114315",1.57506269489761,8.05272492992479,8.68334120052372e-13,1.06564678524733e-11
"ENSG00000108309",1.31742347673829,8.05224248001441,8.7051887500402e-13,1.0669378378221e-11
"ENSG00000103495",1.09036264707835,8.04512018093846,9.03415025115194e-13,1.10295089067531e-11
"ENSG00000158050",1.45568026058822,8.04143287850671,9.20928288555017e-13,1.12287683493847e-11
"ENSG00000178951",1.15704530277863,8.02799190563745,9.87673350911591e-13,1.19805477041034e-11
"ENSG00000279693",1.5685820940949,8.0179345037742,1.04074168663368e-12,1.25756843443267e-11
"ENSG00000130522",1.50975572863667,7.98803518629368,1.2158297935689e-12,1.44869080653073e-11
"ENSG00000176170",1.28059999378213,7.98728270832931,1.22059471894959e-12,1.45344900856968e-11
"ENSG00000101335",1.5514599502618,7.9800755901511,1.26718307775808e-12,1.50417106608738e-11
"ENSG00000101412",1.37302840648512,7.97425730645743,1.30607959638056e-12,1.54741894173666e-11
"ENSG00000086548",1.59161669976919,7.97413355281581,1.30691967673736e-12,1.54743889820103e-11
"ENSG00000005187",1.34076118619161,7.96937118283186,1.3396594341656e-12,1.58421245579482e-11
"ENSG00000134317",1.14414400936858,7.95261110993245,1.46149621954682e-12,1.71858088538221e-11
"ENSG00000124469",1.60144049171118,7.93216410755503,1.62513439053076e-12,1.89914898565872e-11
"ENSG00000146373",1.05984475808656,7.90000753037765,1.92005668544351e-12,2.22038231064364e-11
"ENSG00000286245",1.20758611900198,7.89687197019598,1.95151547349626e-12,2.25399438931469e-11
"ENSG00000179094",1.03319898461267,7.89604825028952,1.95986437368091e-12,2.26225031074761e-11
"ENSG00000228594",1.30579329422345,7.88614942745164,2.06301402917913e-12,2.3740414344335e-11
"ENSG00000204103",1.17560127752479,7.88151341039284,2.11316039778326e-12,2.42434321397327e-11
"ENSG00000176014",1.12062888313287,7.86440961627703,2.30886801795788e-12,2.63124354036845e-11
"ENSG00000160226",1.03560609815741,7.84992939342391,2.48855853240715e-12,2.82066580225547e-11
"ENSG00000101425",1.40727473905082,7.84968208613575,2.4917451380234e-12,2.82257936921736e-11
"ENSG00000011426",1.35318121271348,7.84254396529962,2.58548890719928e-12,2.91999040970144e-11
"ENSG00000167393",1.18369484371095,7.84194047630607,2.59357322041937e-12,2.92614395405109e-11
"ENSG00000231881",1.08827587344761,7.8219121680336,2.87659887986359e-12,3.22363888749972e-11
"ENSG00000122786",1.09104608010436,7.81441861913156,2.99020354255051e-12,3.32916396776398e-11
"ENSG00000125968",1.36772919238464,7.77036108253739,3.75414694058482e-12,4.10212413380144e-11
"ENSG00000110042",1.20034659489121,7.76973934570309,3.76621034001586e-12,4.11292002233153e-11
"ENSG00000132141",1.15593969829516,7.76641028541675,3.83146114358952e-12,4.17449768785074e-11
"ENSG00000275993",1.29977005602633,7.75584826700721,4.04600314501064e-12,4.3828986340259e-11
"ENSG00000245694",1.40562504689868,7.75564796280234,4.05018503995931e-12,4.38490722889388e-11
"ENSG00000225345",1.61918786739125,7.75130347986074,4.14195152517156e-12,4.47653946248892e-11
"ENSG00000162390",1.27639728542875,7.74838297960151,4.2047973645513e-12,4.53625908643071e-11
"ENSG00000205309",1.36893168258943,7.74017752032669,4.38648227189419e-12,4.71377940889576e-11
"ENSG00000274383",1.11649564075777,7.73941886129726,4.40366906363449e-12,4.72955061691827e-11
"ENSG00000273420",1.36751427552638,7.72281254194185,4.79708050406173e-12,5.11127842395446e-11
"ENSG00000008438",1.15532852644689,7.70428531614295,5.27729516382737e-12,5.58817798179764e-11
"ENSG00000183134",1.4187698083751,7.69683615762569,5.4835618503819e-12,5.77836349332249e-11
"ENSG00000139289",1.32702239451783,7.69180131040251,5.62748973086776e-12,5.90588588022768e-11
"ENSG00000267607",1.70350389716326,7.6865958758545,5.78023764280322e-12,6.05270242996815e-11
"ENSG00000121410",1.11708520400721,7.66800300525485,6.3602033531383e-12,6.62685347159398e-11
"ENSG00000148773",1.00218460556222,7.66699383707319,6.39328476169981e-12,6.65396123430393e-11
"ENSG00000104081",1.23605625033959,7.63193658763231,7.65488550395751e-12,7.8713282272681e-11
"ENSG00000173272",1.07091245269793,7.62527509898723,7.92116441861469e-12,8.11915435663103e-11
"ENSG00000177595",1.01431119054408,7.62526052535818,7.92175693146185e-12,8.11915435663103e-11
"ENSG00000259884",1.90547228262558,7.61907126452368,8.17740857507743e-12,8.34485496951835e-11
"ENSG00000132561",1.3747405804567,7.61102165410931,8.52218917117290e-12,8.66852049711421e-11
"ENSG00000124107",1.02954127882377,7.588563741678,9.56225685151594e-12,9.64313675422148e-11
"ENSG00000126368",1.2672091347361,7.58660295149451,9.65883191552102e-12,9.72491050906387e-11
"ENSG00000156103",1.49968756739006,7.58514071553877,9.73148108609459e-12,9.79282268695779e-11
"ENSG00000267655",1.35041777288923,7.58309062053476,9.83425114106501e-12,9.88040655975374e-11
"ENSG00000175505",1.13806539153827,7.57832934391548,1.00771050496405e-11,1.00921055249935e-10
"ENSG00000232931",1.02484213744594,7.56597157723409,1.07355483007338e-11,1.06946726012281e-10
"ENSG00000173391",1.53792261527832,7.56413347430394,1.08370663777694e-11,1.0790098119684e-10
"ENSG00000158747",1.25452163158684,7.55363804491336,1.14352418953174e-11,1.13437117864134e-10
"ENSG00000161714",1.16573618880334,7.52790689120456,1.30439740131106e-11,1.28113859467663e-10
"ENSG00000125817",1.19190481047352,7.50582530027555,1.46022339903431e-11,1.4186533466224e-10
"ENSG00000125520",1.11427813611626,7.50588341214779,1.45978999816643e-11,1.4186533466224e-10
"ENSG00000073792",1.19086941124176,7.4954427790566,1.53974124780231e-11,1.48823220246793e-10
"ENSG00000132622",1.25164543664269,7.48410042298118,1.63152559649591e-11,1.56729623594033e-10
"ENSG00000287878",1.18756013524151,7.47841016111403,1.67959606351733e-11,1.61100970695212e-10
"ENSG00000145911",1.14869572722428,7.47700415084044,1.6916886677672e-11,1.62095783944041e-10
"ENSG00000260293",1.38337386690733,7.45853728930451,1.85876492417846e-11,1.7690824680705e-10
"ENSG00000164626",1.24965037839474,7.45453640430202,1.89706523977615e-11,1.80307341003547e-10
"ENSG00000236867",1.29492971500004,7.44893182517905,1.95203717572147e-11,1.8534514272299e-10
"ENSG00000125740",1.40123932338655,7.437392308667,2.07024516376001e-11,1.95631327838352e-10
"ENSG00000225178",1.01333035173322,7.43388810965816,2.10752689282935e-11,1.98905769574746e-10
"ENSG00000166886",1.06012482121676,7.41801335669,2.28493544831089e-11,2.14419599318504e-10
"ENSG00000232748",1.01315548877029,7.41156239393945,2.36119006549296e-11,2.20854510693924e-10
"ENSG00000169397",1.40220051045861,7.40669970315793,2.42033336146401e-11,2.26049776218439e-10
"ENSG00000253982",1.12074437076704,7.40055422978369,2.49718413315676e-11,2.32076737545176e-10
"ENSG00000169710",1.01039785778962,7.37475683249516,2.84706863582402e-11,2.61880268367446e-10
"ENSG00000279549",1.19829766769807,7.34611787510989,3.29263192594794e-11,2.99500725354936e-10
"ENSG00000119969",1.00373173326297,7.34440482329546,3.32137360309253e-11,3.01823617631728e-10
"ENSG00000112379",1.38465384557544,7.34408696195821,3.32673398809636e-11,3.02164970432783e-10
"ENSG00000137834",1.22493931076583,7.34161677806183,3.3686842735652e-11,3.05680512261181e-10
"ENSG00000257242",1.06278117835962,7.33165311606605,3.54328356089138e-11,3.19982625695454e-10
"ENSG00000184313",1.42234797037452,7.3223835480056,3.71376150204086e-11,3.33777858661478e-10
"ENSG00000117400",1.17901625443023,7.3175660399963,3.80554639767379e-11,3.41050823213029e-10
"ENSG00000197653",1.47844319224769,7.31515145513931,3.85239226185844e-11,3.44606826083846e-10
"ENSG00000090971",1.2179443314895,7.31111217166244,3.93204042060125e-11,3.51051077930267e-10
"ENSG00000196876",1.17852992604659,7.30986266309927,3.95700765993783e-11,3.53112791558071e-10
"ENSG00000182979",1.14459293260072,7.30849025552845,3.98461172365887e-11,3.55407744556277e-10
"ENSG00000160298",1.05011815576396,7.3051669459243,4.05224863813996e-11,3.61269568600476e-10
"ENSG00000180846",1.37302685306118,7.30148638960104,4.12848489834783e-11,3.67544416422857e-10
"ENSG00000274286",1.3354403598139,7.30042719399833,4.15068649004756e-11,3.69346396313254e-10
"ENSG00000172301",1.20190629809304,7.28770433471676,4.42679610124151e-11,3.92248282950082e-10
"ENSG00000254501",1.78198865002913,7.28657538137136,4.45215833916551e-11,3.94124806359022e-10
"ENSG00000174775",1.27879262065889,7.28462871968834,4.49622928757911e-11,3.978392077004e-10
"ENSG00000157554",1.23830617656234,7.26987909952369,4.84449919916155e-11,4.25854763946828e-10
"ENSG00000130881",1.22427984055545,7.2675353707755,4.90224872195304e-11,4.29928125810761e-10
"ENSG00000103056",1.30671601351161,7.26388739080705,4.99349505708896e-11,4.36913422598429e-10
"ENSG00000161010",1.03811895360436,7.25563242402844,5.20623513622266e-11,4.53421440111708e-10
"ENSG00000197483",1.05314618937944,7.25469473386142,5.2309614258376e-11,4.55154047759486e-10
"ENSG00000099194",1.24180230326215,7.25220772205399,5.29710735826426e-11,4.60271717781283e-10
"ENSG00000214796",1.33979998554844,7.19723368045779,6.99048926420756e-11,5.9452296505256e-10
"ENSG00000111676",1.10620966542266,7.19386081406473,7.11031238701022e-11,6.03351643002246e-10
"ENSG00000159164",1.04709606180676,7.1740699424791,7.85551736101044e-11,6.63597471061501e-10
"ENSG00000179388",1.01788096204238,7.17356979850023,7.8753192214814e-11,6.64674119597969e-10
"ENSG00000131747",1.08044046048331,7.16609304032822,8.17730366054367e-11,6.88311199094377e-10
"ENSG00000183684",1.28406314003783,7.15892148811524,8.47772820428258e-11,7.11057185718055e-10
"ENSG00000271787",1.42206338902052,7.14797324188341,8.95757066357067e-11,7.48636717659025e-10
"ENSG00000205189",1.15597330974158,7.14043239101709,9.30361977600044e-11,7.7652454293441e-10
"ENSG00000165244",1.1831904206397,7.14016217865791,9.31626248453482e-11,7.768913354744e-10
"ENSG00000172236",1.38290415849839,7.12481736329901,1.00628373220456e-10,8.34347400848128e-10
"ENSG00000173457",1.14875639772969,7.121248250429,1.02448077662626e-10,8.47942393237497e-10
"ENSG00000160957",1.01599415144307,7.1070375587675,1.10022205317747e-10,9.05460158923423e-10
"ENSG00000104866",1.110913011674,7.09838414016346,1.14903297282827e-10,9.43158306847009e-10
"ENSG00000107281",1.29377097873415,7.09306775407871,1.18007783063251e-10,9.66955466439982e-10
"ENSG00000177374",1.20025185689931,7.08623756079929,1.22118409135477e-10,9.97679498853615e-10
"ENSG00000176894",1.1756989854374,7.08055498517309,1.2564615891944e-10,1.02508546631633e-09
"ENSG00000279095",1.51896162768154,7.05838091389638,1.40403293264105e-10,1.13759881226202e-09
"ENSG00000151789",1.26236230515417,7.05398198240062,1.43528610146731e-10,1.159803391977e-09
"ENSG00000178922",1.14800916541294,7.04702256431363,1.48614301907329e-10,1.19948424135829e-09
"ENSG00000177706",1.08129544351661,7.0393119965785,1.54457386503221e-10,1.24397958398789e-09
"ENSG00000254872",1.11046310527687,7.0328909595918,1.59496357669131e-10,1.27909424681613e-09
"ENSG00000268758",1.46389673611012,7.01952276891529,1.70515027263466e-10,1.3577777996182e-09
"ENSG00000167969",1.04295324565566,7.00176090426944,1.8632837802868e-10,1.47729544836039e-09
"ENSG00000138166",1.09135977423326,6.99121790956374,1.96392379673514e-10,1.55381757593014e-09
"ENSG00000272734",1.26063853213143,6.98819920972026,1.99371720385268e-10,1.57606566035152e-09
"ENSG00000180155",1.27785831499653,6.98761960550487,1.99948864614107e-10,1.57996506359083e-09
"ENSG00000204959",1.24537600686984,6.98719045875674,2.00377254903902e-10,1.58268625906906e-09
"ENSG00000130821",1.19323963562635,6.979810458159,2.07887973729788e-10,1.6372047028101e-09
"ENSG00000276633",1.0997461308308,6.97612035331348,2.11747239466685e-10,1.66312354505351e-09
"ENSG00000285508",1.91120736419027,6.96286818606477,2.26200475599468e-10,1.76665197319352e-09
"ENSG00000129911",1.26500255854525,6.96084302929712,2.28493526290187e-10,1.78160639414509e-09
"ENSG00000188340",1.25676297734507,6.94984827621644,2.41349965534843e-10,1.86946983994465e-09
"ENSG00000279946",1.31682722796666,6.93648132174815,2.579474480647e-10,1.98416252619143e-09
"ENSG00000070404",1.11339696327871,6.93651854619433,2.5789969447673e-10,1.98416252619143e-09
"ENSG00000181649",1.31222052117497,6.92995498945047,2.66456433440617e-10,2.04294110425492e-09
"ENSG00000099385",1.12231490997154,6.9232844203806,2.7544038830979e-10,2.10667723710102e-09
"ENSG00000158481",1.38667294052871,6.90990826751281,2.94367957502345e-10,2.2459714797202e-09
"ENSG00000105722",1.04853407696871,6.90776222850543,2.97522148564857e-10,2.26636564280824e-09
"ENSG00000182263",1.39657081404607,6.90043445175777,3.08546384890128e-10,2.34181982214352e-09
"ENSG00000244491",1.24222151862611,6.86698972475938,3.64215843789068e-10,2.73568503401055e-09
"ENSG00000206047",4.22079417483448,6.86631227889879,3.65440487503915e-10,2.74160410338461e-09
"ENSG00000162078",1.13880889165033,6.86522523853832,3.67414085091281e-10,2.7553131110468e-09
"ENSG00000279345",1.23824622687179,6.865074098204,3.6768932424646e-10,2.75627994037199e-09
"ENSG00000185340",1.04722902320974,6.85286279901262,3.90614163587851e-10,2.91999587843966e-09
"ENSG00000164855",1.10091264700417,6.84397407051083,4.08184818786948e-10,3.04168734822331e-09
"ENSG00000139970",1.33665106576497,6.84328592489546,4.09577246371931e-10,3.050856531101e-09
"ENSG00000260107",1.22092839897209,6.84134542297108,4.13529099234471e-10,3.07664343261413e-09
"ENSG00000167100",1.26712330618788,6.83208791920846,4.32907203256924e-10,3.20436380941215e-09
"ENSG00000141582",1.01094727941465,6.81898746193417,4.61872580168485e-10,3.41072350655191e-09
"ENSG00000248587",1.30165168255477,6.81628021962859,4.68093058962343e-10,3.45259868626962e-09
"ENSG00000151650",1.24568108163082,6.80210378353896,5.02044096279165e-10,3.68139614079678e-09
"ENSG00000088247",1.12739136259328,6.79688068383786,5.1515715095795e-10,3.77461315042624e-09
"ENSG00000164877",1.12105970431019,6.79550416163902,5.18669039882827e-10,3.79886756349638e-09
"ENSG00000276180",1.02574668276933,6.79152091280063,5.28965286891583e-10,3.87277422248878e-09
"ENSG00000274618",1.18454657556838,6.7876812963549,5.39081420230932e-10,3.93308125263761e-09
"ENSG00000146216",1.20686359726814,6.78243305980998,5.53218785730885e-10,4.02375887474842e-09
"ENSG00000107404",1.07879933071281,6.78027420595928,5.59139986813896e-10,4.06525629934395e-09
"ENSG00000277128",1.27215582049916,6.76662200597914,5.98062229562122e-10,4.32819680387678e-09
"ENSG00000166676",1.072595581504,6.76187822655697,6.12204097231376e-10,4.42374406737425e-09
"ENSG00000223839",1.17941432184102,6.75225682293475,6.4190952914564e-10,4.62420333080136e-09
"ENSG00000263272",1.02523607841088,6.75145490896225,6.44448750457046e-10,4.64072078024076e-09
"ENSG00000288302",1.00315520799162,6.74628404549437,6.61062077395879e-10,4.74765055813327e-09
"ENSG00000102145",1.27491066955492,6.72407456126381,7.37364523720351e-10,5.25228113295983e-09
"ENSG00000137166",1.11430968255814,6.70215518591705,8.21187401715149e-10,5.81998806377351e-09
"ENSG00000225914",1.16939162958255,6.68050146625128,9.13221916707295e-10,6.4191322637806e-09
"ENSG00000260853",1.05840882035619,6.67874697169058,9.21110528676059e-10,6.47216715374845e-09
"ENSG00000162722",1.29374351664119,6.67497646159383,9.38292102567318e-10,6.58552407904737e-09
"ENSG00000112655",1.06886764121244,6.66937671437987,9.64395014169019e-10,6.75112347711482e-09
"ENSG00000009950",1.15792526399056,6.66844535343058,9.68805534928259e-10,6.77696200036337e-09
"ENSG00000164045",1.07681735231704,6.66403646106417,9.89956028636318e-10,6.90951895792922e-09
"ENSG00000247982",1.06112251646247,6.66304083028735,9.94795072424965e-10,6.94072206457092e-09
"ENSG00000163362",1.25657373952251,6.65925418496043,1.01341357748681e-09,7.0653904414125e-09
"ENSG00000242593",1.31940841212051,6.65704161862659,1.02445139127282e-09,7.13178688425621e-09
"ENSG00000253661",1.27968628050793,6.65108903644124,1.05473991790665e-09,7.31022464073787e-09
"ENSG00000076604",1.16795785693756,6.64396929695161,1.09213065727345e-09,7.54715969248614e-09
"ENSG00000197061",1.15353202176686,6.63365671795475,1.14862152900339e-09,7.92010701440915e-09
"ENSG00000130340",1.01778467699079,6.59373608660853,1.39583044422001e-09,9.49265484051137e-09
"ENSG00000161996",1.09884492974268,6.59229855245194,1.40565012081293e-09,9.54909375256907e-09
"ENSG00000069188",1.00005179802681,6.58777419425305,1.43700292720684e-09,9.75504906044049e-09
"ENSG00000174516",1.03199425594029,6.58528756814554,1.45452768357889e-09,9.84917056191917e-09
"ENSG00000102837",1.66860080996217,6.58004126852272,1.4921966690024e-09,1.00897346915532e-08
"ENSG00000259001",1.43957771437577,6.57921961319993,1.49818283333815e-09,1.01265763237977e-08
"ENSG00000229456",1.07114838031353,6.57204736221035,1.55145307245701e-09,1.04641149226442e-08
"ENSG00000174738",1.00015902854999,6.57150658179444,1.55554457434355e-09,1.0484203467436e-08
"ENSG00000149970",1.11298836178681,6.56773825403802,1.58435268178839e-09,1.06669177339277e-08
"ENSG00000182240",1.19895578871389,6.54615898065982,1.75975565331992e-09,1.17762973347214e-08
"ENSG00000278022",1.05617913760075,6.53044171351535,1.89944428551586e-09,1.26571388222666e-08
"ENSG00000177469",1.10647264380552,6.52229239575347,1.97612405835129e-09,1.31309435665685e-08
"ENSG00000153234",1.08290889906226,6.51721731879144,2.02541257583432e-09,1.34394935201011e-08
"ENSG00000182512",1.0315198828082,6.51684490888584,2.0290767846837e-09,1.34543289228693e-08
"ENSG00000250479",1.35378602261734,6.50071854368548,2.19418045498962e-09,1.44726790655093e-08
"ENSG00000273604",1.04945188395003,6.49871152667269,2.21563453432397e-09,1.45937494257325e-08
"ENSG00000138669",1.26523094154764,6.47949937055859,2.43176604671649e-09,1.58785472402237e-08
"ENSG00000164556",1.05794970139435,6.47863563864101,2.4419567199286e-09,1.59285251696728e-08
"ENSG00000160789",1.05987677534218,6.47789106201031,2.45077535691569e-09,1.5974984835148e-08
"ENSG00000181143",1.2103235971849,6.47470484876574,2.48886857446232e-09,1.62008660005947e-08
"ENSG00000049323",1.20514263390064,6.47348125179101,2.50365219086722e-09,1.6280220908373e-08
"ENSG00000183048",1.08000711277079,6.47115975657988,2.53193922519386e-09,1.64414585054126e-08
"ENSG00000136830",1.1716757599042,6.47075323070747,2.53692501474955e-09,1.64681576250352e-08
"ENSG00000110107",1.16918830279019,6.47048234629924,2.54025262137282e-09,1.64840781541237e-08
"ENSG00000166025",1.07336162339235,6.46884831817574,2.56041692565417e-09,1.66092059385238e-08
"ENSG00000065618",1.20287546944559,6.46342539475943,2.62847541632817e-09,1.70038529851614e-08
"ENSG00000239948",1.06071628592441,6.45735080810894,2.70683306415916e-09,1.74747502613537e-08
"ENSG00000229358",1.27741139367886,6.44813841925347,2.83008332421631e-09,1.82396419984921e-08
"ENSG00000254911",1.10722182541135,6.42548797534616,3.15714903362367e-09,2.02225003384572e-08
"ENSG00000186919",1.91771983199307,6.4200595565153,3.24091333613305e-09,2.07308405521475e-08
"ENSG00000228358",1.28424306363603,6.41449186914762,3.32910321520839e-09,2.12444601517939e-08
"ENSG00000163359",1.19249346469984,6.41237931908295,3.36318091612486e-09,2.14546569921978e-08
"ENSG00000277209",1.34766877858812,6.4037478887694,3.50602555694968e-09,2.23130099465602e-08
"ENSG00000189157",1.19527150489462,6.40349253578468,3.51034136011176e-09,2.23329316250541e-08
"ENSG00000006118",1.0440722620806,6.3975136958112,3.61290245934408e-09,2.29080634564536e-08
"ENSG00000185198",1.15334129261635,6.38711726706209,3.79832535174215e-09,2.40271500927195e-08
"ENSG00000225872",1.10479372021836,6.3829345789876,3.87554398338723e-09,2.4466319557322e-08
"ENSG00000173511",1.01693215455494,6.37959728505571,3.93826379197554e-09,2.48289870526223e-08
"ENSG00000166803",1.01984533470311,6.37848507740744,3.95938771160999e-09,2.49497148685967e-08
"ENSG00000123358",1.35759599987464,6.37139902633939,4.09661912234646e-09,2.57669819788857e-08
"ENSG00000006432",1.04461332422475,6.36774972131328,4.1691117740821e-09,2.61879718573386e-08
"ENSG00000231806",1.20210936685167,6.36511472626039,4.22224022173975e-09,2.64775503652242e-08
"ENSG00000134072",1.19413577691087,6.36219320960497,4.28192619437307e-09,2.68072202225324e-08
"ENSG00000072195",1.08549082807589,6.36041271153478,4.31870852805444e-09,2.70285153659434e-08
"ENSG00000165716",1.08184888696435,6.34970739721887,4.54652186893669e-09,2.83412901942519e-08
"ENSG00000213316",1.13513767271908,6.34378533513973,4.67759307610097e-09,2.90909535713404e-08
"ENSG00000247081",1.24823632874425,6.34320041140036,4.69073937343922e-09,2.91630852530851e-08
"ENSG00000259207",1.22836195968831,6.33810801584678,4.80674169620128e-09,2.98645778605012e-08
"ENSG00000134668",1.13072404171788,6.33630727741812,4.84843469985963e-09,3.01136870675753e-08
"ENSG00000259768",1.07531301852475,6.33618390339819,4.85130422542213e-09,3.01215784438043e-08
"ENSG00000165548",1.24147832003452,6.32832814683684,5.03750780832902e-09,3.12057126252226e-08
"ENSG00000152078",1.23004307348432,6.31913749794355,5.26430719921734e-09,3.25357673946379e-08
"ENSG00000204099",1.18708270007134,6.30919142159125,5.52109280978031e-09,3.3989002075373e-08
"ENSG00000258504",1.08406862511208,6.30455565879215,5.64495762735089e-09,3.46948488691798e-08
"ENSG00000118513",1.02183491636291,6.30411807700117,5.65679003372413e-09,3.4756233090442e-08
"ENSG00000071246",1.01988082371026,6.29765455063982,5.83444014143842e-09,3.57777289662816e-08
"ENSG00000114805",1.28139676688018,6.29279214863251,5.97169621382719e-09,3.64769174046941e-08
"ENSG00000229183",1.23573610874928,6.27793847049773,6.4109945276864e-09,3.89205010997604e-08
"ENSG00000152207",1.21819605203946,6.27433175891575,6.52237877632125e-09,3.95584582705537e-08
"ENSG00000163736",1.29436209018134,6.27025982473358,6.65042272625963e-09,4.02572825569662e-08
"ENSG00000105507",1.04257221545407,6.26600431907923,6.78688568912548e-09,4.10437729090677e-08
"ENSG00000274422",1.29221618554626,6.26306000996349,6.88291286932292e-09,4.15711165861831e-08
"ENSG00000167992",1.05424901033058,6.26012504307076,6.97996722925189e-09,4.21033053681227e-08
"ENSG00000231407",1.08109865219145,6.25826003864911,7.04233900315029e-09,4.23845310355735e-08
"ENSG00000242550",1.20866182056135,6.24109337504747,7.642850457346e-09,4.57647860506942e-08
"ENSG00000276672",1.11967846956741,6.23267442553683,7.95551655494903e-09,4.74801697428927e-08
"ENSG00000130956",1.0029732610286,6.23115415193585,8.01330489159017e-09,4.77855769382006e-08
"ENSG00000184933",1.37543058913699,6.2270153143651,8.17273276336659e-09,4.86285343639608e-08
"ENSG00000157168",1.05234774778852,6.22409302682254,8.28717667438351e-09,4.92317357906139e-08
"ENSG00000214548",1.17031577380672,6.2237666199603,8.30005714622357e-09,4.92927101262798e-08
"ENSG00000257764",1.84132957089541,6.22005482712594,8.44792387069016e-09,5.0123461378287e-08
"ENSG00000124145",1.13198900455043,6.2182349988888,8.52136518258058e-09,5.04955889617656e-08
"ENSG00000279127",1.18766162027254,6.21147368511728,8.7997752415567e-09,5.19818645344764e-08
"ENSG00000168061",1.16888068975753,6.20372873583557,9.12970725804823e-09,5.38790904240317e-08
"ENSG00000143469",1.34633863370838,6.20055126021594,9.26856380732884e-09,5.46653741397811e-08
"ENSG00000260260",1.12812783394906,6.19918865578483,9.3287452012144e-09,5.4968690053324e-08
"ENSG00000196220",1.13275349341041,6.18965044879638,9.76092327872572e-09,5.7300178474489e-08
"ENSG00000229140",1.16585600810492,6.1893851349315,9.77322231723402e-09,5.73545052997054e-08
"ENSG00000163975",1.03843324662525,6.18739598554278,9.86591978046541e-09,5.78624523114593e-08
"ENSG00000284196",1.24649937277859,6.18659298276403,9.90358576029248e-09,5.8065281217675e-08
"ENSG00000245248",1.15475092189061,6.17330892730693,1.0547635889563e-08,6.14588199466714e-08
"ENSG00000096006",1.33252966424817,6.17112992035968,1.06571464396632e-08,6.2039346301105e-08
"ENSG00000204860",1.11594984429046,6.1699145299093,1.07187139365387e-08,6.23784779538205e-08
"ENSG00000153885",1.01986068346573,6.16817624720715,1.08073783416864e-08,6.27781045947236e-08
"ENSG00000280109",1.0749435419277,6.16610523462047,1.0913957214359e-08,6.33581281984884e-08
"ENSG00000231028",1.12442706750466,6.15289109155935,1.16187668005264e-08,6.70160223479229e-08
"ENSG00000153246",1.16525519535641,6.15255493710175,1.16372687712665e-08,6.7081661295324e-08
"ENSG00000143520",1.30478499497023,6.15215319157733,1.1659418926025e-08,6.71865558665193e-08
"ENSG00000177324",1.2012461009897,6.12807396917009,1.30656209670694e-08,7.46754149810844e-08
"ENSG00000286835",1.04732987514101,6.12738452791078,1.3108249602609e-08,7.48963318210336e-08
"ENSG00000198106",1.08726489107807,6.12318769638594,1.33707110526472e-08,7.62802709902388e-08
"ENSG00000268854",1.30365333395466,6.1176543610521,1.37246731055714e-08,7.82048977503791e-08
"ENSG00000136492",1.03331138285889,6.11555561966847,1.38613260327197e-08,7.89119552143773e-08
"ENSG00000267469",1.22085536899789,6.11327915492128,1.40110648832442e-08,7.96921619174378e-08
"ENSG00000279591",1.13875603246726,6.11062442527384,1.41876961976284e-08,8.06237770651351e-08
"ENSG00000175894",1.25303109691977,6.10040467660574,1.48883509161873e-08,8.43762799516056e-08
"ENSG00000157103",1.19307913670669,6.09895765580405,1.49902698935614e-08,8.49027974308204e-08
"ENSG00000137648",1.20254438564779,6.0874367669472,1.5826596967286e-08,8.92371845763946e-08
"ENSG00000106976",1.00945553625215,6.08257570798329,1.61930915195779e-08,9.11672020459679e-08
"ENSG00000235027",1.16889913057815,6.07968855644822,1.6414704341408e-08,9.23596775338838e-08
"ENSG00000272168",1.20346422030043,6.07837486235454,1.65165264109051e-08,9.28493955621101e-08
"ENSG00000116329",1.15207265348998,6.07432315015052,1.68344969523988e-08,9.4383408806336e-08
"ENSG00000185347",1.00344337031147,6.07002600565403,1.71783093733902e-08,9.6167902518848e-08
"ENSG00000088899",1.06266037559743,6.06121152894983,1.79053102029806e-08,9.99408099566662e-08
"ENSG00000265784",1.51201846048528,6.06084462469036,1.79362190315573e-08,1.00083677167203e-07
"ENSG00000130558",1.09414400143453,6.05074811626065,1.88076715508949e-08,1.04574650730743e-07
"ENSG00000115194",1.12807955616922,6.04787546436817,1.90631375345102e-08,1.05901322581864e-07
"ENSG00000283445",1.09988918729656,6.04748065800618,1.90985135206601e-08,1.06066567718808e-07
"ENSG00000279637",1.1268657247599,6.04398318327782,1.94147318982143e-08,1.07664032822656e-07
"ENSG00000286279",1.36083729953103,6.04079956294643,1.97070474332529e-08,1.09188635161064e-07
"ENSG00000146205",1.1019004330074,6.03758887645797,2.00062312891302e-08,1.10716035553653e-07
"ENSG00000241743",1.16867400786592,6.03652141727855,2.01066871869329e-08,1.11239287291466e-07
"ENSG00000124493",1.0726340873322,6.03323991916641,2.04186174431793e-08,1.12898713059763e-07
"ENSG00000206172",1.96768104594486,6.03246652187403,2.04928246890768e-08,1.13275772151652e-07
"ENSG00000154025",1.09311105834677,6.03142720228873,2.05929649457301e-08,1.1379591482771e-07
"ENSG00000255949",1.44421810759683,6.01951400389764,2.1775764471504e-08,1.20050292980449e-07
"ENSG00000185630",1.14182101169805,6.00918724594175,2.28549262799031e-08,1.25705431025055e-07
"ENSG00000117691",1.27977992947987,6.00490143872562,2.3318086883136e-08,1.28178033470825e-07
"ENSG00000157423",1.10819720178478,5.99893404758523,2.3978378250055e-08,1.31500637401612e-07
"ENSG00000253553",1.27103484484628,5.9982237832193,2.40581829096018e-08,1.31857437079337e-07
"ENSG00000179862",1.16159878220787,5.99367556928681,2.45754418572131e-08,1.34383794980023e-07
"ENSG00000163827",1.21217205649349,5.98300878113823,2.58318283162106e-08,1.40763662661491e-07
"ENSG00000236138",1.04048684103849,5.97977715629084,2.62247774452786e-08,1.42657336850753e-07
"ENSG00000165188",1.07169486328252,5.97584335686415,2.6711043742926e-08,1.45093034033806e-07
"ENSG00000169668",1.05613542824746,5.96585701558941,2.79856419119081e-08,1.51448871685299e-07
"ENSG00000184232",1.07560455617824,5.96410376638633,2.82155043755699e-08,1.52392225547625e-07
"ENSG00000256422",1.3039374966157,5.96211817740933,2.8478069488899e-08,1.53672263830387e-07
"ENSG00000261008",1.03495288345422,5.95941892008258,2.88388617903341e-08,1.55485540471183e-07
"ENSG00000188211",1.00362347781395,5.95786886746678,2.90480740906629e-08,1.56479159199287e-07
"ENSG00000279249",1.11040298286147,5.95660747837198,2.92194254384361e-08,1.57228021590817e-07
"ENSG00000286522",1.17695795687309,5.92820111395882,3.33523545364653e-08,1.77734555801395e-07
"ENSG00000075043",1.13333533771661,5.9270799209548,3.35267558931059e-08,1.78452461620355e-07
"ENSG00000242759",1.20253055402607,5.92343053919308,3.41006446768593e-08,1.81209575295536e-07
"ENSG00000087495",1.08981018248802,5.92248501975519,3.42509012538258e-08,1.81751683892837e-07
"ENSG00000285413",1.01695802906963,5.9219218961519,3.43406985503529e-08,1.82125585386134e-07
"ENSG00000013588",1.15765208799108,5.91931718706041,3.4759071511041e-08,1.84085293540903e-07
"ENSG00000196119",1.28539781503638,5.91423613108728,3.55896635229711e-08,1.88113939799588e-07
"ENSG00000186960",1.22897132183475,5.90801795957158,3.66327070624818e-08,1.93193431031084e-07
"ENSG00000242866",1.0338574735857,5.90591487956014,3.69922314313261e-08,1.94980317768137e-07
"ENSG00000197457",1.084720675607,5.90513433186847,3.7126547265246e-08,1.9552415358756e-07
"ENSG00000272273",1.10516176016391,5.90410207488519,3.73049129955383e-08,1.96408594468963e-07
"ENSG00000198547",1.1927639399855,5.8908131880586,3.96776922885501e-08,2.07682235991027e-07
"ENSG00000166165",1.10113854908925,5.88547320182614,4.06723792869891e-08,2.12357616687445e-07
"ENSG00000179846",1.0471108975703,5.88231775009312,4.12716203729138e-08,2.1530733441843e-07
"ENSG00000261560",1.00465293303463,5.88148990004742,4.14302652359618e-08,2.16075120851343e-07
"ENSG00000277152",1.11547303522919,5.87709977096323,4.22816299077486e-08,2.19967231207448e-07
"ENSG00000144369",1.11824340207714,5.87335962168849,4.30204835484504e-08,2.23564101816747e-07
"ENSG00000242193",1.02979331933791,5.862600358722,4.52173719876861e-08,2.33948050948649e-07
"ENSG00000115457",1.08847159248423,5.86244912496019,4.52490239099863e-08,2.34047532239517e-07
"ENSG00000167291",1.0171469045908,5.85840404442419,4.61037454914404e-08,2.37945851388426e-07
"ENSG00000226620",1.12459327746968,5.85798201667663,4.6193827706977e-08,2.38280209842287e-07
"ENSG00000267374",1.04362224733527,5.85386949282363,4.70807481910567e-08,2.42523143129102e-07
"ENSG00000142156",1.00365110682396,5.85314351544142,4.72390420892377e-08,2.43205541097857e-07
"ENSG00000182912",1.02144381578494,5.85098025211686,4.77138307174729e-08,2.45582825971518e-07
"ENSG00000174233",1.14446046064117,5.84792117939325,4.83932374436107e-08,2.48672069547938e-07
"ENSG00000279359",1.0266540578661,5.84092990311653,4.9981833924962e-08,2.56066844568516e-07
"ENSG00000137960",1.10349061776475,5.83545673212859,5.12611096583654e-08,2.62192990427447e-07
"ENSG00000115414",1.08056624680476,5.82190032745638,5.45697700501826e-08,2.7783387248793e-07
"ENSG00000153404",1.01735790184317,5.80833390989581,5.80905200313534e-08,2.94485795573368e-07
"ENSG00000264578",1.33191091007968,5.79910763332861,6.06113308551642e-08,3.06440217565642e-07
"ENSG00000279628",1.23773053110444,5.79005234372608,6.31897173827758e-08,3.18877014748655e-07
"ENSG00000139354",1.02250570415095,5.78562440505077,6.44894112306673e-08,3.25000408978949e-07
"ENSG00000173621",1.00730400542229,5.78386901709502,6.50118852994552e-08,3.27545839869253e-07
"ENSG00000151693",1.01813857871869,5.7816924212967,6.56654994662509e-08,3.30485353712325e-07
"ENSG00000167768",1.22244667697774,5.76895843211569,6.96206541418847e-08,3.48621446763643e-07
"ENSG00000124216",1.15303670728841,5.76857907784856,6.97419975466424e-08,3.49136260904504e-07
"ENSG00000238241",1.02290458783898,5.7538187112105,7.46279554881829e-08,3.72014137466629e-07
"ENSG00000260902",1.13367948215206,5.75083352944669,7.56561752249066e-08,3.7644242706994e-07
"ENSG00000265185",1.059047019237,5.74120304943928,7.90689667456259e-08,3.91870874915575e-07
"ENSG00000278969",1.09078189054729,5.73325744797615,8.19980053375354e-08,4.05002208848582e-07
"ENSG00000173166",1.10369137413103,5.73042508400062,8.30676399570919e-08,4.09855474466133e-07
"ENSG00000134548",1.05602972702535,5.73027747468655,8.31237578812986e-08,4.10024967522363e-07
"ENSG00000227036",1.08682951010032,5.72687628289506,8.44271683803196e-08,4.16018571265619e-07
"ENSG00000006468",1.00524122354938,5.72514160657256,8.50996324818918e-08,4.19003365576027e-07
"ENSG00000159173",1.21297446145699,5.72271952844457,8.60473712019973e-08,4.23227252925124e-07
"ENSG00000227115",1.09214238108443,5.72256525146269,8.610808795926e-08,4.2341533828675e-07
"ENSG00000260664",1.11809624508251,5.71852366508774,8.77137371620875e-08,4.30576424669249e-07
"ENSG00000287277",1.08459870969057,5.71818377357425,8.78501008582406e-08,4.31081062768308e-07
"ENSG00000281344",1.01125740463478,5.71609531145771,8.86925626082278e-08,4.34648931949478e-07
"ENSG00000143416",1.59728841512277,5.71507027358218,8.91089450825708e-08,4.36385024679735e-07
"ENSG00000187720",1.11628399124144,5.71436923379999,8.93948190752653e-08,4.37407688763597e-07
"ENSG00000243896",1.00122075978423,5.71337931553961,8.98000259780279e-08,4.39048245360522e-07
"ENSG00000286269",1.10174242017942,5.71272780397788,9.00676939757785e-08,4.40242661939729e-07
"ENSG00000151320",1.09169733135731,5.70935784280202,9.14647545543266e-08,4.46839482960167e-07
"ENSG00000225937",1.13907056026871,5.70726121299963,9.23446404522207e-08,4.50761279762445e-07
"ENSG00000162302",1.02558819623206,5.70485071761426,9.33665063745189e-08,4.55421607219883e-07
"ENSG00000196834",1.06474671717327,5.69954970705009,9.56528960184775e-08,4.65850376214085e-07
"ENSG00000182809",1.097409099744,5.67114861913014,1.08869776764191e-07,5.25256530733884e-07
"ENSG00000184185",1.11677326903462,5.66948376596114,1.09697788870663e-07,5.28513285612671e-07
"ENSG00000149633",1.11358134931036,5.66591651266222,1.11492797885998e-07,5.36475434629994e-07
"ENSG00000147862",1.03104232563433,5.66246118265534,1.13258928326899e-07,5.44000941311098e-07
"ENSG00000008118",1.00423562638036,5.66214525596993,1.13421770387946e-07,5.44644229051271e-07
"ENSG00000212864",1.02961385691856,5.66021798036259,1.14420152617609e-07,5.49158429302044e-07
"ENSG00000107731",1.03404224403409,5.65964405860025,1.14719121128136e-07,5.50312911589466e-07
"ENSG00000279717",1.16672747827174,5.65925133636008,1.1492413994887e-07,5.51156045915687e-07
"ENSG00000182050",1.4149345774031,5.6571008154001,1.16053193869645e-07,5.56287548630121e-07
"ENSG00000185974",1.04250442274126,5.6537051297327,1.17858151940005e-07,5.64652051435861e-07
"ENSG00000134107",1.08122287221567,5.64951169140675,1.20125156774397e-07,5.74490404497609e-07
"ENSG00000241369",1.16984463017375,5.64821354424404,1.20835569013014e-07,5.7759463310509e-07
"ENSG00000198326",1.04437649717084,5.64407163314195,1.23129875040719e-07,5.8736910256193e-07
"ENSG00000013725",1.12789720695557,5.63805683866452,1.26537817113679e-07,6.02862771569924e-07
"ENSG00000261786",1.24139156539687,5.6355598606931,1.27979588925842e-07,6.08961731797172e-07
"ENSG00000007062",1.05679591051334,5.63543399704646,1.28052688097939e-07,6.09001903152983e-07
"ENSG00000260230",1.19308030471695,5.63500950984666,1.28299523903104e-07,6.10021815064783e-07
"ENSG00000105392",1.09052958229087,5.63340574054319,1.29236318564345e-07,6.14011038868886e-07
"ENSG00000206077",1.0857381348994,5.6312060632022,1.30532105698598e-07,6.19698540108416e-07
"ENSG00000172379",1.18068436953658,5.62142587526503,1.36449259934857e-07,6.45350529413214e-07
"ENSG00000149596",1.07085030723024,5.6187013274708,1.38143939789554e-07,6.52873943240243e-07
"ENSG00000249238",1.11838638843886,5.61784731808498,1.38679370108934e-07,6.55075720690097e-07
"ENSG00000152760",1.07203342154971,5.61233669546782,1.42183536431815e-07,6.69702315433785e-07
"ENSG00000287475",1.00691537032109,5.6102314287128,1.43545039924442e-07,6.755187264793e-07
"ENSG00000244694",1.2236987818909,5.60618852676511,1.46195551067353e-07,6.87283739214522e-07
"ENSG00000255537",1.16917975895255,5.60614026702662,1.46227477798694e-07,6.87283739214522e-07
"ENSG00000124006",1.00181425154176,5.59498012266663,1.53797012743506e-07,7.19450739027108e-07
"ENSG00000129757",1.14537293912381,5.58831367671678,1.58500382292163e-07,7.39982701764504e-07
"ENSG00000205592",1.10230910766227,5.58608638276996,1.60102983896699e-07,7.4653960659555e-07
"ENSG00000261115",1.17072043181895,5.57326499026875,1.69641732914029e-07,7.87314847162968e-07
"ENSG00000154736",1.16354915058761,5.57271241328671,1.70065110300531e-07,7.88891048471167e-07
"ENSG00000198816",1.05515751828906,5.57218537035539,1.70469888025969e-07,7.90379461145262e-07
"ENSG00000231764",1.23966140029437,5.567347813972,1.74229563925385e-07,8.06619937386681e-07
"ENSG00000260816",1.01161245953864,5.56691458896243,1.74570195024277e-07,8.07799885499224e-07
"ENSG00000122863",1.1150586603218,5.55971540591639,1.80327091695963e-07,8.31782995437943e-07
"ENSG00000255346",1.18368866240575,5.55673341232358,1.82765759551159e-07,8.41580586715408e-07
"ENSG00000151067",1.01264731785054,5.55341612140106,1.85516588504743e-07,8.53213255432702e-07
"ENSG00000266290",1.02076409049884,5.55264113110461,1.86165060440946e-07,8.55777796141178e-07
"ENSG00000172377",1.06813387621202,5.54980302437881,1.88558845506647e-07,8.65936502109755e-07
"ENSG00000188536",1.78659883887464,5.54666133201687,1.91243843507204e-07,8.77197838809037e-07
"ENSG00000196350",1.22784475109428,5.54591601120062,1.91886294005412e-07,8.79716234235568e-07
"ENSG00000187391",1.1347599519623,5.53236788827266,2.03939664785169e-07,9.31123462245036e-07
"ENSG00000155066",1.01963913234864,5.52782068657484,2.08148962791889e-07,9.48644415318336e-07
"ENSG00000148082",1.02416174085761,5.52104155367271,2.14582700502819e-07,9.76403118857997e-07
"ENSG00000287176",1.22120668880862,5.52045555232062,2.15147899690559e-07,9.78738501417715e-07
"ENSG00000143479",1.00232537993128,5.51734891730954,2.18168682815587e-07,9.91522713360684e-07
"ENSG00000183775",1.19473088037308,5.5140195469247,2.21452137481379e-07,1.00499045190899e-06
"ENSG00000142408",1.0176767353213,5.50630257180462,2.29249800192117e-07,1.03887604907845e-06
"ENSG00000225683",1.17979088185978,5.49456183581369,2.41631376714516e-07,1.09052512567035e-06
"ENSG00000234377",1.08934848707872,5.49319731992422,2.43112145603058e-07,1.09694529314261e-06
"ENSG00000187997",1.0476606944264,5.49178672503711,2.44652254440694e-07,1.10336585328077e-06
"ENSG00000166833",1.06043302238695,5.48513165973593,2.5204809649208e-07,1.13454768021931e-06
"ENSG00000145864",1.15603456858995,5.4838416065889,2.53506851916752e-07,1.13948033319202e-06
"ENSG00000184330",1.03542581139759,5.48174022307747,2.55900744456891e-07,1.14941779305649e-06
"ENSG00000287516",1.14904639327199,5.48001613143495,2.57881334354674e-07,1.1577618151986e-06
"ENSG00000082781",1.05281206259264,5.47807058703466,2.60134339659965e-07,1.16676326012584e-06
"ENSG00000243509",1.0679520185633,5.47415021917395,2.64732918998831e-07,1.1851327775903e-06
"ENSG00000146352",1.1019359883757,5.4720400652393,2.67240954859344e-07,1.1949406854119e-06
"ENSG00000113389",1.11904241863256,5.47167569319785,2.67676378901343e-07,1.19660361313325e-06
"ENSG00000101276",1.05486249594636,5.47053867388342,2.6903958274081e-07,1.20241225614979e-06
"ENSG00000141338",1.13822865642303,5.46996928640242,2.69724787274676e-07,1.2046632814878e-06
"ENSG00000172572",1.12114909337509,5.46908127123285,2.70796839817307e-07,1.20911848032198e-06
"ENSG00000118257",1.06482052476136,5.4651131654055,2.75638475699614e-07,1.22823340293148e-06
"ENSG00000279486",1.20434891926049,5.46443208307848,2.76477962755719e-07,1.23069278411915e-06
"ENSG00000177694",1.14357828708885,5.46446183976143,2.76441233123723e-07,1.23069278411915e-06
"ENSG00000261402",1.01305703464586,5.46371702270478,2.77362022104001e-07,1.23433635067214e-06
"ENSG00000227906",1.10921862190601,5.46310365289694,2.78122560315054e-07,1.23742862333845e-06
"ENSG00000004939",1.43490610460207,5.46152164582826,2.80093574905429e-07,1.24590384039397e-06
"ENSG00000251629",1.15890848367235,5.46134220626692,2.80317998821749e-07,1.24660775774413e-06
"ENSG00000254519",1.02270803067932,5.45599363549821,2.87088789563461e-07,1.27251261595211e-06
"ENSG00000236279",1.01547088765601,5.45396739533822,2.89695386884936e-07,1.28285888531698e-06
"ENSG00000276046",1.0326158616276,5.45204616529213,2.92188272847238e-07,1.29268264065201e-06
"ENSG00000228065",1.17192723311495,5.44652329140591,2.99471907613135e-07,1.32118309030825e-06
"ENSG00000145113",1.01959802505242,5.4439978154552,3.02861428567666e-07,1.33488619357924e-06
"ENSG00000215182",1.08164700289338,5.43567286228435,3.14302478391482e-07,1.38143492485738e-06
"ENSG00000164237",1.03527454396271,5.43548549856981,3.14564777902289e-07,1.38226528717596e-06
"ENSG00000071282",1.08886218242483,5.43008364955425,3.22219837052225e-07,1.41227949985803e-06
"ENSG00000215386",1.03501049756244,5.42804472680539,3.25156343593694e-07,1.42448725595768e-06
"ENSG00000279419",1.0483093066731,5.42631937677405,3.27661666159965e-07,1.43412882600405e-06
"ENSG00000236670",1.05304774341579,5.42196833362202,3.3406380107232e-07,1.46045344270141e-06
"ENSG00000187398",1.09583829689245,5.41532738785289,3.44071812747897e-07,1.49898816108808e-06
"ENSG00000280180",1.09522056201797,5.41457952466258,3.45217057068302e-07,1.50293480958e-06
"ENSG00000260196",1.08555645027542,5.41425698676903,3.45712126897417e-07,1.50474238597355e-06
"ENSG00000244306",1.00151346269444,5.41295220138201,3.47721962466563e-07,1.51314075512708e-06
"ENSG00000203499",1.07245958762406,5.41267552129458,3.48149614568666e-07,1.51430211019269e-06
"ENSG00000136535",1.15940936375,5.40955466633116,3.53009141404043e-07,1.53331478113197e-06
"ENSG00000279110",1.01739286129748,5.40874453351939,3.54281414879439e-07,1.53806220612269e-06
"ENSG00000075391",1.07414039618782,5.40489531816088,3.60387935747635e-07,1.56176395988359e-06
"ENSG00000241322",1.05426984601412,5.4031595446818,3.63175177410526e-07,1.5727572395539e-06
"ENSG00000263934",1.08491090924749,5.39196266402901,3.81667952229349e-07,1.64867252558965e-06
"ENSG00000229727",1.13476731114336,5.39024458553982,3.84585815906034e-07,1.65975431845083e-06
"ENSG00000267601",1.57216548767622,5.38831171075302,3.87894545356836e-07,1.67135348706132e-06
"ENSG00000187902",1.08719818598708,5.38760740184884,3.89107098018487e-07,1.67504559242968e-06
"ENSG00000168418",1.05916682041549,5.38438895902261,3.94695352905937e-07,1.69484181856441e-06
"ENSG00000203757",1.07916551764804,5.3826072136329,3.97822696958862e-07,1.70629931395745e-06
"ENSG00000260966",1.05734889234376,5.38230077293274,3.98363001618752e-07,1.70786577708103e-06
"ENSG00000267272",1.07863402207594,5.38049859545938,4.01555076812008e-07,1.71881266461818e-06
"ENSG00000185823",1.09125568037177,5.37804073894576,4.05948843842835e-07,1.7356478257629e-06
"ENSG00000163285",1.15921107008465,5.37741593950336,4.07073231522778e-07,1.73966550259212e-06
"ENSG00000163873",1.18428472160258,5.3755762263176,4.10401682256289e-07,1.75349215022544e-06
"ENSG00000167080",1.13903826965743,5.3747979075938,4.11817828313372e-07,1.75874501241607e-06
"ENSG00000258636",1.22678468015223,5.37371260825439,4.1380050011485e-07,1.76601128707828e-06
"ENSG00000163710",1.05772624916488,5.37269204291478,4.15673423118111e-07,1.7723983577861e-06
"ENSG00000069431",1.07046036649998,5.37191341096408,4.17107924063753e-07,1.77811248552002e-06
"ENSG00000118785",1.05813140338179,5.36985818156477,4.20917626831555e-07,1.79273033105422e-06
"ENSG00000165238",1.07915187919608,5.36718974637344,4.25914783504618e-07,1.81155626363965e-06
"ENSG00000170500",1.14314717023518,5.36618017642835,4.2782047591648e-07,1.81781535400072e-06
"ENSG00000229794",1.12832507436735,5.36438161337601,4.31236162120824e-07,1.82964568063786e-06
"ENSG00000169894",1.09832415244061,5.35837420183156,4.42839248409069e-07,1.87381081795374e-06
"ENSG00000138696",1.17661066276222,5.3543659928782,4.5075006308081e-07,1.90386315881532e-06
"ENSG00000006704",1.01743929243657,5.35396948339678,4.51540100574833e-07,1.9063452296344e-06
"ENSG00000280341",1.05033293250663,5.35382295873183,4.51832390420676e-07,1.90672459022058e-06
"ENSG00000186094",1.10812833017816,5.35297893196437,4.53519672536918e-07,1.91341625783885e-06
"ENSG00000137699",1.06162920271603,5.35081447903678,4.57874790498466e-07,1.93006160291119e-06
"ENSG00000242512",1.17786149862505,5.3472752294636,4.650843493193e-07,1.95826083425949e-06
"ENSG00000283247",1.11854364654203,5.34105549055546,4.78023815349442e-07,2.00915052064989e-06
"ENSG00000196341",1.06055438627644,5.33938672964948,4.81554911543644e-07,2.02308907753326e-06
"ENSG00000168772",1.04223738211923,5.33851887070197,4.83401360415581e-07,2.02948848395559e-06
"ENSG00000130477",1.02964299667123,5.33640682249415,4.87923884434189e-07,2.04619548864008e-06
"ENSG00000139767",1.03419531435376,5.33286757339375,4.95595314379298e-07,2.07605615572097e-06
"ENSG00000144868",1.03178607080499,5.3285955712461,5.0501207220108e-07,2.11174637427835e-06
"ENSG00000050030",1.02201511188514,5.32399731032499,5.15343338594134e-07,2.15399108330071e-06
"ENSG00000259380",1.06404430378607,5.32366667446618,5.16094109089462e-07,2.15617228366096e-06
"ENSG00000261649",1.01860064676337,5.31662053321535,5.3235008638039e-07,2.21524429583251e-06
"ENSG00000159239",1.05636292346063,5.31630145375076,5.33097944405836e-07,2.2173767005337e-06
"ENSG00000228590",1.00695344079414,5.3062998152781,5.57067085305285e-07,2.30840953651143e-06
"ENSG00000288535",1.46151729091438,5.30305143360845,5.65075976401472e-07,2.33588144278672e-06
"ENSG00000128573",1.20364050218653,5.29807004852067,5.77576496006052e-07,2.38134953638915e-06
"ENSG00000145934",1.08878628658323,5.28477520567412,6.1227622448727e-07,2.51560731011804e-06
"ENSG00000165495",1.01672035925183,5.28391258057435,6.14596699512808e-07,2.52239055020093e-06
"ENSG00000107338",1.04969186977382,5.28325594494593,6.16368813638867e-07,2.52911254875386e-06
"ENSG00000143921",1.01849432107655,5.27189344725829,6.47835644747957e-07,2.64842184803863e-06
"ENSG00000140015",1.23274848740009,5.27116123199411,6.49916344736287e-07,2.6561318586655e-06
"ENSG00000128655",1.20935265219928,5.26495768420973,6.67808434096064e-07,2.72180339279568e-06
"ENSG00000226476",1.11728881917694,5.26249020580687,6.75057950101362e-07,2.75075528098842e-06
"ENSG00000245384",1.06160676961386,5.25769026424933,6.8938104230069e-07,2.80608471799058e-06
"ENSG00000140937",1.08637413691711,5.24919044067736,7.15475798959879e-07,2.90351854821331e-06
"ENSG00000238099",1.03237060419047,5.24670853827247,7.23275500482727e-07,2.93390695049389e-06
"ENSG00000113327",1.01657005852037,5.24311803853158,7.34706171356621e-07,2.97642900129377e-06
"ENSG00000233821",1.02566599271081,5.24096715350364,7.4163794700384e-07,3.00262004863583e-06
"ENSG00000286757",1.00550089930913,5.23684306050925,7.55107853632351e-07,3.0538260512508e-06
"ENSG00000120664",1.03227987061425,5.23078563664197,7.75326152065363e-07,3.12820605110458e-06
"ENSG00000225756",1.02206150763979,5.23033994293613,7.76834465526269e-07,3.1329496171235e-06
"ENSG00000224819",1.1353493687266,5.22927455619388,7.8045155196619e-07,3.14619009970877e-06
"ENSG00000136531",1.1441860926333,5.22616137069748,7.91115537809989e-07,3.18645167869672e-06
"ENSG00000270112",1.04297744647374,5.2174294106546,8.21790572630566e-07,3.29903687917998e-06
"ENSG00000177181",1.10967064478407,5.21589921617424,8.27284288608185e-07,3.31653148091104e-06
"ENSG00000171561",1.00500285404548,5.1945498820397,9.07773875899518e-07,3.60544892983241e-06
"ENSG00000123243",1.11465492604236,5.18648107005249,9.40142133733232e-07,3.71832826270557e-06
"ENSG00000002746",1.06066119548421,5.18556722390836,9.43878257515729e-07,3.72997243865771e-06
"ENSG00000174963",1.03539385196631,5.18384237766033,9.50969534145293e-07,3.75484470430288e-06
"ENSG00000248801",1.06236253557229,5.18228487166909,9.57417456988149e-07,3.77792837342747e-06
"ENSG00000183454",1.14453451645999,5.18006294825174,9.66689859329274e-07,3.81291950796584e-06
"ENSG00000159263",1.05761923277623,5.1776305259684,9.76941124930957e-07,3.85093469584628e-06
"ENSG00000237975",1.12863055468887,5.17611922500717,9.83363707751697e-07,3.87300972749874e-06
"ENSG00000158856",1.10514921888541,5.17185266849876,1.00171832454715e-06,3.93871212644941e-06
"ENSG00000074211",1.03176522284063,5.16845918630984,1.01655512872977e-06,3.99183518149619e-06
"ENSG00000158258",1.12599175324154,5.16773495760735,1.01974919756953e-06,4.00125710973021e-06
"ENSG00000162409",1.06729633431031,5.16636451927722,1.02582004825943e-06,4.02256412762515e-06
"ENSG00000259828",1.06911792784175,5.16255453363557,1.04288352247008e-06,4.08437417802314e-06
"ENSG00000233123",1.00384048675042,5.16086440860605,1.05054126782105e-06,4.11265511288716e-06
"ENSG00000081277",1.00286193095424,5.15092766163467,1.09668454740556e-06,4.27906866280569e-06
"ENSG00000285634",1.09913145128303,5.14952151681555,1.10337181673592e-06,4.29981760109046e-06
"ENSG00000120457",1.07587082954662,5.13815498142619,1.15890746179072e-06,4.49763056555698e-06
"ENSG00000223609",1.44987832160964,5.13665717110452,1.16642578470855e-06,4.5249441788179e-06
"ENSG00000108688",1.14360468214356,5.12871625780198,1.20708660513291e-06,4.66443024974231e-06
"ENSG00000277693",1.04511152262661,5.12471384271929,1.2281009937674e-06,4.74174349673913e-06
"ENSG00000156687",1.02020996345427,5.11731443378011,1.26789388251152e-06,4.88337455709509e-06
"ENSG00000279442",1.03806497529482,5.11539928749921,1.27839623979345e-06,4.91779219220525e-06
"ENSG00000267075",1.03259462462565,5.11485120344977,1.28141741502643e-06,4.92639617638119e-06
"ENSG00000198478",1.04804058020669,5.11166270867683,1.2991316474314e-06,4.98635737047937e-06
"ENSG00000281392",1.01575891678909,5.10947738397513,1.31141017446726e-06,5.02938616991334e-06
"ENSG00000262619",1.03140469707083,5.1081476650367,1.31893662847628e-06,5.05516341958008e-06
"ENSG00000286746",1.00061802176278,5.10079950290515,1.36129365763691e-06,5.20480006546865e-06
"ENSG00000260918",1.05743229135907,5.09984055273095,1.36691817200607e-06,5.22524442456377e-06
"ENSG00000231533",1.07327610986778,5.09834370060539,1.37574291520829e-06,5.25258310431573e-06
"ENSG00000234352",1.01709791736767,5.08959032739929,1.42847092756348e-06,5.43297705096726e-06
"ENSG00000168631",1.15109085500156,5.08903901033559,1.43185702128437e-06,5.44365743026338e-06
"ENSG00000019485",1.02800483340118,5.08778214449466,1.4396057305483e-06,5.4720122582867e-06
"ENSG00000152822",1.01870620357829,5.08483066548389,1.45796284359384e-06,5.5362031944408e-06
"ENSG00000197428",1.12385630545018,5.08404071416113,1.46291460475391e-06,5.55388660305402e-06
"ENSG00000260139",1.03688402731602,5.08257134865004,1.47216884379295e-06,5.58676806594913e-06
"ENSG00000251372",1.06467304450001,5.082238813235,1.47427109075828e-06,5.59249271198237e-06
"ENSG00000155875",1.04144945482475,5.08100600161384,1.48209031557419e-06,5.617629248448e-06
"ENSG00000172260",1.08931495204609,5.07831139007862,1.49932204434382e-06,5.67495050660013e-06
"ENSG00000141639",1.0172101648464,5.07643626757787,1.51142821800595e-06,5.71474309307636e-06
"ENSG00000232044",1.07617094436537,5.06784037427259,1.56815456133701e-06,5.90936099749284e-06
"ENSG00000228793",1.06126359891859,5.06479549634703,1.5887415264974e-06,5.97976281241918e-06
"ENSG00000151338",1.12964301772824,5.06003415900678,1.6214624008407e-06,6.08953522867566e-06
"ENSG00000242808",1.02162037194287,5.05790966075527,1.6362732456221e-06,6.13537328842139e-06
"ENSG00000172058",1.00449509619299,5.05678409474125,1.64417337954626e-06,6.1576417741337e-06
"ENSG00000285347",1.01161417386819,5.05058295528291,1.6883684798256e-06,6.3118645411698e-06
"ENSG00000215475",1.05195388936431,5.0480235475031,1.70694452635441e-06,6.37695766314091e-06
"ENSG00000036530",1.04704269407139,5.04361375698922,1.73941837809814e-06,6.48312956468234e-06
"ENSG00000236666",1.0170052997509,5.04357764157491,1.7396868005876e-06,6.48312956468234e-06
"ENSG00000256988",1.04087283118175,5.04060093496892,1.76194992510945e-06,6.55960725083237e-06
"ENSG00000176495",1.07406722171657,5.03989563050253,1.76726548441946e-06,6.57679715438438e-06
"ENSG00000236333",1.16347666802603,5.0383456853644,1.77900162507929e-06,6.61655135503331e-06
"ENSG00000163600",1.05451946386692,5.03257023452224,1.82340497240233e-06,6.77501042803058e-06
"ENSG00000288091",1.1278995632288,5.03023873329984,1.84163428481477e-06,6.83600131179127e-06
"ENSG00000244734",1.60386856803821,5.02675066158625,1.86923813141404e-06,6.927544347743e-06
"ENSG00000250986",1.0826281429172,5.02399967904754,1.89129248161232e-06,6.99826512838595e-06
"ENSG00000274461",1.02519302374694,5.02200799045046,1.90741749709046e-06,7.04824064538842e-06
"ENSG00000287933",1.13029499701644,5.01608607638857,1.95615663364732e-06,7.21136568779807e-06
"ENSG00000248115",1.0015051290748,5.01378851089087,1.97539082776135e-06,7.27942339854622e-06
"ENSG00000171056",1.01031869521771,5.01102346818771,1.99878265726791e-06,7.35986467897048e-06
"ENSG00000112246",1.04071914164227,5.00671171606369,2.03579827056059e-06,7.48738145662248e-06
"ENSG00000164742",1.04591562346731,5.00069028353047,2.08860943577442e-06,7.65620248124508e-06
"ENSG00000226674",1.03345057231004,4.99327464091759,2.15548246174118e-06,7.88416261209648e-06
"ENSG00000166473",1.03895939853888,4.986580026292,2.21763929652672e-06,8.08983134546287e-06
"ENSG00000285769",1.01427278850749,4.98277614063428,2.25373012185836e-06,8.21194739566107e-06
"ENSG00000185942",1.08364739795415,4.97977807075411,2.28257748502051e-06,8.30581314715403e-06
"ENSG00000279652",1.04582755013941,4.97905630545021,2.28957575726495e-06,8.32806103791412e-06
"ENSG00000258916",1.10249656857251,4.97846553336788,2.29531944199239e-06,8.34573010002945e-06
"ENSG00000253877",1.00329951967568,4.97809230424965,2.2989553227474e-06,8.35572455526056e-06
"ENSG00000196758",1.0599235011329,4.97152075202859,2.36389863034314e-06,8.56697237368295e-06
"ENSG00000163792",1.1063974284528,4.9708558225445,2.37056834200475e-06,8.58417076375227e-06
"ENSG00000064042",1.04950795181408,4.97037027831364,2.37545025209989e-06,8.59891080881201e-06
"ENSG00000255303",1.06771610349713,4.9694178946504,2.38505442181118e-06,8.63036019940051e-06
"ENSG00000228198",1.21437115943668,4.96762634761323,2.40322345526028e-06,8.6894286852578e-06
"ENSG00000236304",1.03307833863594,4.96699714154247,2.40963645464219e-06,8.70760244246107e-06
"ENSG00000135643",1.00413248002115,4.96404054002234,2.4399942818453e-06,8.80548127996201e-06
"ENSG00000224924",1.01143638515884,4.963082099363,2.44991496362707e-06,8.83958975001086e-06
"ENSG00000279942",1.06917749390988,4.96127220782201,2.46875598196817e-06,8.90415952294014e-06
"ENSG00000203930",1.07826454155496,4.96072038980781,2.47452840009413e-06,8.92327067399948e-06
"ENSG00000213088",1.00600145396635,4.95743739264798,2.50914325431464e-06,9.03771331257728e-06
"ENSG00000273274",1.10839057997736,4.94152601719399,2.68368995743215e-06,9.60763044813888e-06
"ENSG00000268416",1.07989223692061,4.93935123576096,2.70844575789632e-06,9.68705167785283e-06
"ENSG00000175602",1.03999893531423,4.93892726172938,2.71329769898458e-06,9.70256303216999e-06
"ENSG00000213973",1.24205639687822,4.93616166377956,2.74515506083073e-06,9.80903471849949e-06
"ENSG00000267559",1.06447981952805,4.93365232005448,2.7743750352573e-06,9.90405095966971e-06
"ENSG00000253452",1.13394337173599,4.92830227811032,2.83768646868705e-06,1.01128145473187e-05
"ENSG00000177551",1.05446432049197,4.92822165555974,2.83865120119637e-06,1.01143391957891e-05
"ENSG00000285219",1.01752427672733,4.92356094220022,2.89496671077986e-06,1.02955225406213e-05
"ENSG00000232416",1.03419874430165,4.90675763407201,3.10715873773832e-06,1.09714445180048e-05
"ENSG00000075429",1.06804985115298,4.90520105773639,3.12756313447314e-06,1.10331524957313e-05
"ENSG00000163737",1.00320290137182,4.90503256326073,3.12977964048322e-06,1.10389044874411e-05
"ENSG00000144460",1.00600297753946,4.90474602525688,3.13355248756463e-06,1.10501425984168e-05
"ENSG00000251209",1.00658466466452,4.89664823584668,3.24202233874397e-06,1.13666884082e-05
"ENSG00000175820",1.07241004224357,4.88778301327263,3.36495537512252e-06,1.17539457364283e-05
"ENSG00000188738",1.17138734003198,4.88381434574171,3.42144484435609e-06,1.19313546793743e-05
"ENSG00000145681",1.16969961787635,4.88086141446835,3.46407312957376e-06,1.20643759687392e-05
"ENSG00000228016",1.00741952427284,4.86802158324025,3.65550351647477e-06,1.26655095168938e-05
"ENSG00000259362",1.06224331026422,4.85751361351139,3.81977731532414e-06,1.31692835040403e-05
"ENSG00000007314",1.04843564073306,4.85424359424872,3.8723451852271e-06,1.33320284242609e-05
"ENSG00000280356",1.0586366299787,4.85145583499771,3.9177145434302e-06,1.34822628003541e-05
"ENSG00000144285",1.08214709137575,4.8446165585988,4.03121761729586e-06,1.38450460300127e-05
"ENSG00000082175",1.06155781625949,4.8405538421734,4.1001463615576e-06,1.40484825680287e-05
"ENSG00000255248",1.00774567355346,4.83935321755484,4.12073447823595e-06,1.41138902001834e-05
"ENSG00000170683",1.02797125164908,4.83879584568017,4.13032627872336e-06,1.41338939942944e-05
"ENSG00000203618",1.4249218137379,4.83131103581232,4.26125110013403e-06,1.45212460608403e-05
"ENSG00000100626",1.00434660470187,4.82871288613002,4.3076331655082e-06,1.46686900889088e-05
"ENSG00000250579",1.00199827887254,4.82510549453671,4.37284555339383e-06,1.48692535261431e-05
"ENSG00000279905",1.06084775277441,4.81991762978861,4.46831152732492e-06,1.51583022783625e-05
"ENSG00000253304",1.02129117505572,4.8191899877351,4.48186215368806e-06,1.51960617802692e-05
"ENSG00000153292",1.03155753831178,4.81470614506742,4.56624756067382e-06,1.54571377444696e-05
"ENSG00000280219",1.013767550157,4.80692367965146,4.71638716151764e-06,1.59338775732907e-05
"ENSG00000274080",1.04230734563989,4.78587460754619,5.14686422225905e-06,1.72520690780989e-05
"ENSG00000235142",1.02642665942379,4.78469953908087,5.17198709907682e-06,1.73301125884755e-05
"ENSG00000253819",1.03570018502869,4.78354580048652,5.19676966293183e-06,1.74007726466957e-05
"ENSG00000231649",1.01298850773762,4.76774883719669,5.54789912782129e-06,1.84616364193424e-05
"ENSG00000135454",1.01142790233803,4.76540470943,5.60192604296875e-06,1.86249704901951e-05
"ENSG00000260072",1.00457928671107,4.76221085107642,5.67635918931383e-06,1.88591277616039e-05
"ENSG00000285517",1.0549419937373,4.75875216363312,5.7580457741031e-06,1.91002053693528e-05
"ENSG00000279595",1.00863385654182,4.75769424636317,5.78325829836427e-06,1.91759472930794e-05
"ENSG00000284732",1.01065768138712,4.74943536792512,5.98379951245291e-06,1.97898200870063e-05
"ENSG00000259341",1.08449861107794,4.74861596054959,6.00406001845296e-06,1.98394110906186e-05
"ENSG00000163395",1.01328923594974,4.73252629899937,6.41563171061159e-06,2.10655879499057e-05
"ENSG00000233639",1.00623570949576,4.70788262933744,7.09951567001662e-06,2.30627136043754e-05
"ENSG00000124490",1.00693520765619,4.70464905514514,7.19433185253661e-06,2.33304912098614e-05
"ENSG00000257522",1.02270197115861,4.70303216457168,7.24220195138664e-06,2.34655315377058e-05
"ENSG00000253861",1.14643487367672,4.70127668378068,7.29452458446736e-06,2.36106965845698e-05
"ENSG00000238217",1.00528639367315,4.68621071500265,7.75888489253949e-06,2.49550748857195e-05
"ENSG00000166073",1.02343728618328,4.68363583159499,7.84106103229846e-06,2.51849800045078e-05
"ENSG00000139364",1.01386077697441,4.65090278102551,8.96207312001628e-06,2.84221436759035e-05
"ENSG00000151917",1.00510705869523,4.64535114091519,9.16699004722745e-06,2.89939151292261e-05
"ENSG00000288565",1.01115298756537,4.63665680722483,9.49704977893834e-06,2.99336553434834e-05
"ENSG00000206579",1.01839154240701,4.63501675871738,9.56058674445332e-06,3.01073776482801e-05
"ENSG00000279712",1.02285475334259,4.62950883577177,9.7769935026444e-06,3.07169785861933e-05
"ENSG00000280650",1.00103423070756,4.61900368053764,1.02029580751431e-05,3.19009666754431e-05
"ENSG00000286653",1.05977030717917,4.59659941609635,1.11722226356332e-05,3.46212090820955e-05
"ENSG00000259954",1.05444434568707,4.58009020936745,1.19428397579335e-05,3.67553039307223e-05
"ENSG00000151834",1.07669460728059,4.57061487016905,1.2408085639538e-05,3.80565804750271e-05
"ENSG00000165762",1.01662848878475,4.56881861635606,1.24982370978758e-05,3.8314367851877e-05
"ENSG00000117114",1.02688893000476,4.53262275034557,1.44557436870143e-05,4.36914469182674e-05
"ENSG00000133863",1.19855443963731,4.5241268245315,1.49564323275748e-05,4.50366483674638e-05
"ENSG00000234886",1.08098810263691,4.5241436475071,1.49554245439771e-05,4.50366483674638e-05
"ENSG00000196240",1.04830724433301,4.52076282190505,1.51592771152787e-05,4.55310048306153e-05
"ENSG00000286042",1.02073940176973,4.51778412308244,1.53411047010366e-05,4.60257573432277e-05
"ENSG00000101448",1.00623523718206,4.50064196629186,1.64291617916084e-05,4.89471057773713e-05
"ENSG00000204688",1.01692121943651,4.489963025858,1.71442563132731e-05,5.09084962845901e-05
"ENSG00000109158",1.00467861373768,4.47324899032752,1.83241611046659e-05,5.40309647846743e-05
"ENSG00000268083",1.24040617064799,4.46686513957905,1.87951909823904e-05,5.52965496995581e-05
"ENSG00000132470",1.00484171102395,4.41778061679213,2.28281317007919e-05,6.58554892771084e-05
"ENSG00000241956",1.01670139844073,4.40273788200144,2.42229237807796e-05,6.95658244300728e-05
"ENSG00000287916",1.21726770563538,4.36836424901683,2.77251601285591e-05,7.85984298723546e-05
"ENSG00000114279",1.05015536069318,4.29513156388272,3.68852587661261e-05,0.000101562948333373
"ENSG00000186652",1.08298339789117,4.2806478075113,3.90135450100416e-05,0.000106543514192398
"ENSG00000165300",1.04088439806246,4.27762058615975,3.94730579539355e-05,0.000107673539782253
"ENSG00000260349",1.06735780592823,4.15215282750318,6.38320231111694e-05,0.000165606342290071
"ENSG00000162520",1.00092063975,4.108485217136,7.52913978093712e-05,0.000192056784283403
"ENSG00000133742",1.2333990207388,3.94388349480331,0.000138857155495194,0.000332924919844529
"ENSG00000086506",1.00434424992812,3.92376153478443,0.00014947628242366,0.000355894111260985
"ENSG00000158578",1.36371218662473,3.84627214709746,0.000198062319180381,0.000458635389324812
"ENSG00000169877",1.08382618640486,3.76868298742324,0.000261548851005173,0.000589980881997246
"ENSG00000196565",1.05048011825201,3.64824945144128,0.000399655415331165,0.000866564078500056
"ENSG00000284931",1.17172797670404,3.56952235700786,0.000524627392635547,0.00110994281474264
"ENSG00000183308",1.1262116129446,3.56446027579443,0.000533812367523218,0.00112697045605765
"ENSG00000278996",1.25731193295545,3.52565726698932,0.000609431157177136,0.00127066564902079
"ENSG00000234857",1.13083466199859,3.14920983191851,0.00209053359541505,0.00387498493264083
