"Database","Pathway","Comparison","N_Comparisons","Recurrence"
"GO-BP","activation of innate immune response","D3_vs_D0; D7_vs_D0; D7_vs_D3",3,"All_3_Comparisons"
"GO-BP","antiviral innate immune response","D3_vs_D0; D7_vs_D0; D7_vs_D3",3,"All_3_Comparisons"
"GO-BP","cellular response to dsRNA","D3_vs_D0; D7_vs_D0; D7_vs_D3",3,"All_3_Comparisons"
"GO-BP","cellular response to exogenous dsRNA","D3_vs_D0; D7_vs_D0; D7_vs_D3",3,"All_3_Comparisons"
"GO-BP","cellular response to type I interferon","D3_vs_D0; D7_vs_D0; D7_vs_D3",3,"All_3_Comparisons"
"GO-BP","cytoplasmic pattern recognition receptor signaling pathway","D3_vs_D0; D7_vs_D0; D7_vs_D3",3,"All_3_Comparisons"
"GO-BP","defense response to bacterium","D3_vs_D0; D7_vs_D0; D7_vs_D3",3,"All_3_Comparisons"
"GO-BP","defense response to fungus","D3_vs_D0; D7_vs_D0; D7_vs_D3",3,"All_3_Comparisons"
"GO-BP","defense response to Gram-positive bacterium","D3_vs_D0; D7_vs_D0; D7_vs_D3",3,"All_3_Comparisons"
"GO-BP","defense response to virus","D3_vs_D0; D7_vs_D0; D7_vs_D3",3,"All_3_Comparisons"
"GO-BP","innate immune response-activating signaling pathway","D3_vs_D0; D7_vs_D0; D7_vs_D3",3,"All_3_Comparisons"
"GO-BP","innate immune response in mucosa","D3_vs_D0; D7_vs_D0; D7_vs_D3",3,"All_3_Comparisons"
"GO-BP","interferon-beta production","D3_vs_D0; D7_vs_D0; D7_vs_D3",3,"All_3_Comparisons"
"GO-BP","interferon-mediated signaling pathway","D3_vs_D0; D7_vs_D0; D7_vs_D3",3,"All_3_Comparisons"
"GO-BP","interleukin-27-mediated signaling pathway","D3_vs_D0; D7_vs_D0; D7_vs_D3",3,"All_3_Comparisons"
"GO-BP","intracellular receptor signaling pathway","D3_vs_D0; D7_vs_D0; D7_vs_D3",3,"All_3_Comparisons"
"GO-BP","leukocyte mediated immunity","D3_vs_D0; D7_vs_D0; D7_vs_D3",3,"All_3_Comparisons"
"GO-BP","MDA-5 signaling pathway","D3_vs_D0; D7_vs_D0; D7_vs_D3",3,"All_3_Comparisons"
"GO-BP","mucosal immune response","D3_vs_D0; D7_vs_D0; D7_vs_D3",3,"All_3_Comparisons"
"GO-BP","negative regulation of cytokine production","D3_vs_D0; D7_vs_D0; D7_vs_D3",3,"All_3_Comparisons"
"GO-BP","negative regulation of defense response","D3_vs_D0; D7_vs_D0; D7_vs_D3",3,"All_3_Comparisons"
"GO-BP","negative regulation of immune response","D3_vs_D0; D7_vs_D0; D7_vs_D3",3,"All_3_Comparisons"
"GO-BP","negative regulation of innate immune response","D3_vs_D0; D7_vs_D0; D7_vs_D3",3,"All_3_Comparisons"
"GO-BP","negative regulation of response to biotic stimulus","D3_vs_D0; D7_vs_D0; D7_vs_D3",3,"All_3_Comparisons"
"GO-BP","negative regulation of response to external stimulus","D3_vs_D0; D7_vs_D0; D7_vs_D3",3,"All_3_Comparisons"
"GO-BP","negative regulation of viral genome replication","D3_vs_D0; D7_vs_D0; D7_vs_D3",3,"All_3_Comparisons"
"GO-BP","negative regulation of viral process","D3_vs_D0; D7_vs_D0; D7_vs_D3",3,"All_3_Comparisons"
"GO-BP","organ or tissue specific immune response","D3_vs_D0; D7_vs_D0; D7_vs_D3",3,"All_3_Comparisons"
"GO-BP","pattern recognition receptor signaling pathway","D3_vs_D0; D7_vs_D0; D7_vs_D3",3,"All_3_Comparisons"
"GO-BP","positive regulation of cytokine production","D3_vs_D0; D7_vs_D0; D7_vs_D3",3,"All_3_Comparisons"
"GO-BP","positive regulation of innate immune response","D3_vs_D0; D7_vs_D0; D7_vs_D3",3,"All_3_Comparisons"
"GO-BP","positive regulation of interferon-beta production","D3_vs_D0; D7_vs_D0; D7_vs_D3",3,"All_3_Comparisons"
"GO-BP","positive regulation of response to biotic stimulus","D3_vs_D0; D7_vs_D0; D7_vs_D3",3,"All_3_Comparisons"
"GO-BP","positive regulation of tumor necrosis factor production","D3_vs_D0; D7_vs_D0; D7_vs_D3",3,"All_3_Comparisons"
"GO-BP","positive regulation of tumor necrosis factor superfamily cytokine production","D3_vs_D0; D7_vs_D0; D7_vs_D3",3,"All_3_Comparisons"
"GO-BP","positive regulation of type I interferon production","D3_vs_D0; D7_vs_D0; D7_vs_D3",3,"All_3_Comparisons"
"GO-BP","regulation of cytokine-mediated signaling pathway","D3_vs_D0; D7_vs_D0; D7_vs_D3",3,"All_3_Comparisons"
"GO-BP","regulation of immune effector process","D3_vs_D0; D7_vs_D0; D7_vs_D3",3,"All_3_Comparisons"
"GO-BP","regulation of innate immune response","D3_vs_D0; D7_vs_D0; D7_vs_D3",3,"All_3_Comparisons"
"GO-BP","regulation of interferon-beta production","D3_vs_D0; D7_vs_D0; D7_vs_D3",3,"All_3_Comparisons"
"GO-BP","regulation of response to cytokine stimulus","D3_vs_D0; D7_vs_D0; D7_vs_D3",3,"All_3_Comparisons"
"GO-BP","regulation of tumor necrosis factor production","D3_vs_D0; D7_vs_D0; D7_vs_D3",3,"All_3_Comparisons"
"GO-BP","regulation of tumor necrosis factor superfamily cytokine production","D3_vs_D0; D7_vs_D0; D7_vs_D3",3,"All_3_Comparisons"
"GO-BP","regulation of type I interferon-mediated signaling pathway","D3_vs_D0; D7_vs_D0; D7_vs_D3",3,"All_3_Comparisons"
"GO-BP","regulation of type I interferon production","D3_vs_D0; D7_vs_D0; D7_vs_D3",3,"All_3_Comparisons"
"GO-BP","regulation of viral genome replication","D3_vs_D0; D7_vs_D0; D7_vs_D3",3,"All_3_Comparisons"
"GO-BP","regulation of viral life cycle","D3_vs_D0; D7_vs_D0; D7_vs_D3",3,"All_3_Comparisons"
"GO-BP","regulation of viral process","D3_vs_D0; D7_vs_D0; D7_vs_D3",3,"All_3_Comparisons"
"GO-BP","response to fungus","D3_vs_D0; D7_vs_D0; D7_vs_D3",3,"All_3_Comparisons"
"GO-BP","response to interferon-beta","D3_vs_D0; D7_vs_D0; D7_vs_D3",3,"All_3_Comparisons"
"GO-BP","response to type I interferon","D3_vs_D0; D7_vs_D0; D7_vs_D3",3,"All_3_Comparisons"
"GO-BP","response to virus","D3_vs_D0; D7_vs_D0; D7_vs_D3",3,"All_3_Comparisons"
"GO-BP","tumor necrosis factor production","D3_vs_D0; D7_vs_D0; D7_vs_D3",3,"All_3_Comparisons"
"GO-BP","tumor necrosis factor superfamily cytokine production","D3_vs_D0; D7_vs_D0; D7_vs_D3",3,"All_3_Comparisons"
"GO-BP","type I interferon-mediated signaling pathway","D3_vs_D0; D7_vs_D0; D7_vs_D3",3,"All_3_Comparisons"
"GO-BP","type I interferon production","D3_vs_D0; D7_vs_D0; D7_vs_D3",3,"All_3_Comparisons"
"GO-BP","viral genome replication","D3_vs_D0; D7_vs_D0; D7_vs_D3",3,"All_3_Comparisons"
"GO-BP","viral life cycle","D3_vs_D0; D7_vs_D0; D7_vs_D3",3,"All_3_Comparisons"
"GO-BP","viral process","D3_vs_D0; D7_vs_D0; D7_vs_D3",3,"All_3_Comparisons"
"GO-BP","activated T cell proliferation","D3_vs_D0; D7_vs_D0",2,"2_Comparisons"
"GO-BP","acute inflammatory response to antigenic stimulus","D3_vs_D0; D7_vs_D0",2,"2_Comparisons"
"GO-BP","adaptive immune response based on somatic recombination of immune receptors built from immunoglobulin superfamily domains","D7_vs_D0; D7_vs_D3",2,"2_Comparisons"
"GO-BP","antibacterial humoral response","D3_vs_D0; D7_vs_D0",2,"2_Comparisons"
"GO-BP","antibody-dependent cellular cytotoxicity","D3_vs_D0; D7_vs_D0",2,"2_Comparisons"
"GO-BP","antimicrobial humoral response","D3_vs_D0; D7_vs_D0",2,"2_Comparisons"
"GO-BP","B cell mediated immunity","D7_vs_D0; D7_vs_D3",2,"2_Comparisons"
"GO-BP","biological process involved in interaction with host","D3_vs_D0; D7_vs_D0",2,"2_Comparisons"
"GO-BP","biological process involved in symbiotic interaction","D3_vs_D0; D7_vs_D0",2,"2_Comparisons"
"GO-BP","canonical NF-kappaB signal transduction","D3_vs_D0; D7_vs_D0",2,"2_Comparisons"
"GO-BP","cell activation involved in immune response","D3_vs_D0; D7_vs_D0",2,"2_Comparisons"
"GO-BP","cell chemotaxis","D3_vs_D0; D7_vs_D0",2,"2_Comparisons"
"GO-BP","cell killing","D3_vs_D0; D7_vs_D0",2,"2_Comparisons"
"GO-BP","cell surface toll-like receptor signaling pathway","D3_vs_D0; D7_vs_D0",2,"2_Comparisons"
"GO-BP","cellular defense response","D3_vs_D0; D7_vs_D0",2,"2_Comparisons"
"GO-BP","cellular extravasation","D3_vs_D0; D7_vs_D0",2,"2_Comparisons"
"GO-BP","cellular response to biotic stimulus","D3_vs_D0; D7_vs_D0",2,"2_Comparisons"
"GO-BP","cellular response to external stimulus","D3_vs_D0; D7_vs_D0",2,"2_Comparisons"
"GO-BP","cellular response to interferon-beta","D3_vs_D0; D7_vs_D0",2,"2_Comparisons"
"GO-BP","cellular response to interleukin-1","D3_vs_D0; D7_vs_D0",2,"2_Comparisons"
"GO-BP","cellular response to lipopolysaccharide","D3_vs_D0; D7_vs_D0",2,"2_Comparisons"
"GO-BP","cellular response to mechanical stimulus","D3_vs_D0; D7_vs_D0",2,"2_Comparisons"
"GO-BP","cellular response to molecule of bacterial origin","D3_vs_D0; D7_vs_D0",2,"2_Comparisons"
"GO-BP","cellular response to tumor necrosis factor","D3_vs_D0; D7_vs_D0",2,"2_Comparisons"
"GO-BP","cellular response to type II interferon","D3_vs_D0; D7_vs_D0",2,"2_Comparisons"
"GO-BP","chemotaxis","D3_vs_D0; D7_vs_D0",2,"2_Comparisons"
"GO-BP","cytokine production involved in immune response","D3_vs_D0; D7_vs_D0",2,"2_Comparisons"
"GO-BP","disruption of anatomical structure in another organism","D3_vs_D0; D7_vs_D0",2,"2_Comparisons"
"GO-BP","disruption of cell in another organism","D3_vs_D0; D7_vs_D0",2,"2_Comparisons"
"GO-BP","erythrocyte development","D3_vs_D0; D7_vs_D0",2,"2_Comparisons"
"GO-BP","erythrocyte differentiation","D3_vs_D0; D7_vs_D0",2,"2_Comparisons"
"GO-BP","erythrocyte homeostasis","D3_vs_D0; D7_vs_D0",2,"2_Comparisons"
"GO-BP","exocytosis","D3_vs_D0; D7_vs_D0",2,"2_Comparisons"
"GO-BP","glial cell activation","D3_vs_D0; D7_vs_D0",2,"2_Comparisons"
"GO-BP","granulocyte activation","D3_vs_D0; D7_vs_D0",2,"2_Comparisons"
"GO-BP","homeostasis of number of cells","D3_vs_D0; D7_vs_D0",2,"2_Comparisons"
"GO-BP","humoral immune response","D3_vs_D0; D7_vs_D0",2,"2_Comparisons"
"GO-BP","immune response-activating cell surface receptor signaling pathway","D3_vs_D0; D7_vs_D0",2,"2_Comparisons"
"GO-BP","immune response-regulating cell surface receptor signaling pathway","D3_vs_D0; D7_vs_D0",2,"2_Comparisons"
"GO-BP","immunoglobulin mediated immune response","D7_vs_D0; D7_vs_D3",2,"2_Comparisons"
"GO-BP","interferon-alpha production","D3_vs_D0; D7_vs_D0",2,"2_Comparisons"
"GO-BP","killing of cells of another organism","D3_vs_D0; D7_vs_D0",2,"2_Comparisons"
"GO-BP","leukocyte activation involved in immune response","D3_vs_D0; D7_vs_D0",2,"2_Comparisons"
"GO-BP","leukocyte chemotaxis","D3_vs_D0; D7_vs_D0",2,"2_Comparisons"
"GO-BP","leukocyte degranulation","D3_vs_D0; D7_vs_D0",2,"2_Comparisons"
"GO-BP","leukocyte mediated cytotoxicity","D3_vs_D0; D7_vs_D0",2,"2_Comparisons"
"GO-BP","leukocyte migration","D3_vs_D0; D7_vs_D0",2,"2_Comparisons"
"GO-BP","lymphocyte mediated immunity","D7_vs_D0; D7_vs_D3",2,"2_Comparisons"
"GO-BP","macrophage activation","D3_vs_D0; D7_vs_D0",2,"2_Comparisons"
"GO-BP","mast cell activation","D3_vs_D0; D7_vs_D0",2,"2_Comparisons"
"GO-BP","mast cell activation involved in immune response","D3_vs_D0; D7_vs_D0",2,"2_Comparisons"
"GO-BP","mast cell degranulation","D3_vs_D0; D7_vs_D0",2,"2_Comparisons"
"GO-BP","mast cell mediated immunity","D3_vs_D0; D7_vs_D0",2,"2_Comparisons"
"GO-BP","mononuclear cell migration","D3_vs_D0; D7_vs_D0",2,"2_Comparisons"
"GO-BP","myeloid cell activation involved in immune response","D3_vs_D0; D7_vs_D0",2,"2_Comparisons"
"GO-BP","myeloid cell development","D3_vs_D0; D7_vs_D0",2,"2_Comparisons"
"GO-BP","myeloid cell differentiation","D3_vs_D0; D7_vs_D0",2,"2_Comparisons"
"GO-BP","myeloid cell homeostasis","D3_vs_D0; D7_vs_D0",2,"2_Comparisons"
"GO-BP","myeloid leukocyte activation","D3_vs_D0; D7_vs_D0",2,"2_Comparisons"
"GO-BP","myeloid leukocyte differentiation","D3_vs_D0; D7_vs_D0",2,"2_Comparisons"
"GO-BP","myeloid leukocyte mediated immunity","D3_vs_D0; D7_vs_D0",2,"2_Comparisons"
"GO-BP","myeloid leukocyte migration","D3_vs_D0; D7_vs_D0",2,"2_Comparisons"
"GO-BP","negative regulation of cytokine-mediated signaling pathway","D3_vs_D0; D7_vs_D3",2,"2_Comparisons"
"GO-BP","negative regulation of leukocyte mediated immunity","D3_vs_D0; D7_vs_D0",2,"2_Comparisons"
"GO-BP","negative regulation of response to cytokine stimulus","D3_vs_D0; D7_vs_D3",2,"2_Comparisons"
"GO-BP","negative regulation of type I interferon-mediated signaling pathway","D3_vs_D0; D7_vs_D3",2,"2_Comparisons"
"GO-BP","negative regulation of viral transcription","D3_vs_D0; D7_vs_D0",2,"2_Comparisons"
"GO-BP","neutrophil-mediated killing of symbiont cell","D3_vs_D0; D7_vs_D0",2,"2_Comparisons"
"GO-BP","neutrophil activation","D3_vs_D0; D7_vs_D0",2,"2_Comparisons"
"GO-BP","phagocytosis","D3_vs_D0; D7_vs_D0",2,"2_Comparisons"
"GO-BP","positive regulation of apoptotic process","D3_vs_D0; D7_vs_D0",2,"2_Comparisons"
"GO-BP","positive regulation of canonical NF-kappaB signal transduction","D3_vs_D0; D7_vs_D0",2,"2_Comparisons"
"GO-BP","positive regulation of cellular extravasation","D3_vs_D0; D7_vs_D0",2,"2_Comparisons"
"GO-BP","positive regulation of chemokine production","D7_vs_D0; D7_vs_D3",2,"2_Comparisons"
"GO-BP","positive regulation of cytokine-mediated signaling pathway","D3_vs_D0; D7_vs_D0",2,"2_Comparisons"
"GO-BP","positive regulation of defense response to virus by host","D3_vs_D0; D7_vs_D0",2,"2_Comparisons"
"GO-BP","positive regulation of immune effector process","D3_vs_D0; D7_vs_D0",2,"2_Comparisons"
"GO-BP","positive regulation of inflammatory response","D3_vs_D0; D7_vs_D0",2,"2_Comparisons"
"GO-BP","positive regulation of interferon-alpha production","D3_vs_D0; D7_vs_D0",2,"2_Comparisons"
"GO-BP","positive regulation of leukocyte chemotaxis","D3_vs_D0; D7_vs_D0",2,"2_Comparisons"
"GO-BP","positive regulation of leukocyte migration","D3_vs_D0; D7_vs_D0",2,"2_Comparisons"
"GO-BP","positive regulation of non-canonical NF-kappaB signal transduction","D3_vs_D0; D7_vs_D0",2,"2_Comparisons"
"GO-BP","positive regulation of pattern recognition receptor signaling pathway","D3_vs_D0; D7_vs_D0",2,"2_Comparisons"
"GO-BP","positive regulation of response to cytokine stimulus","D3_vs_D0; D7_vs_D0",2,"2_Comparisons"
"GO-BP","positive regulation of type II interferon production","D3_vs_D0; D7_vs_D0",2,"2_Comparisons"
"GO-BP","production of molecular mediator of immune response","D3_vs_D0; D7_vs_D0",2,"2_Comparisons"
"GO-BP","pyroptotic inflammatory response","D3_vs_D0; D7_vs_D0",2,"2_Comparisons"
"GO-BP","regulation of binding","D3_vs_D0; D7_vs_D0",2,"2_Comparisons"
"GO-BP","regulation of biological process involved in symbiotic interaction","D3_vs_D0; D7_vs_D0",2,"2_Comparisons"
"GO-BP","regulation of canonical NF-kappaB signal transduction","D3_vs_D0; D7_vs_D0",2,"2_Comparisons"
"GO-BP","regulation of cellular extravasation","D3_vs_D0; D7_vs_D0",2,"2_Comparisons"
"GO-BP","regulation of chemotaxis","D3_vs_D0; D7_vs_D0",2,"2_Comparisons"
"GO-BP","regulation of cytokine production involved in immune response","D3_vs_D0; D7_vs_D0",2,"2_Comparisons"
"GO-BP","regulation of cytoplasmic pattern recognition receptor signaling pathway","D3_vs_D0; D7_vs_D0",2,"2_Comparisons"
"GO-BP","regulation of defense response to virus","D3_vs_D0; D7_vs_D0",2,"2_Comparisons"
"GO-BP","regulation of defense response to virus by host","D3_vs_D0; D7_vs_D0",2,"2_Comparisons"
"GO-BP","regulation of inflammatory response","D3_vs_D0; D7_vs_D0",2,"2_Comparisons"
"GO-BP","regulation of interferon-alpha production","D3_vs_D0; D7_vs_D0",2,"2_Comparisons"
"GO-BP","regulation of leukocyte chemotaxis","D3_vs_D0; D7_vs_D0",2,"2_Comparisons"
"GO-BP","regulation of leukocyte mediated immunity","D3_vs_D0; D7_vs_D0",2,"2_Comparisons"
"GO-BP","regulation of leukocyte migration","D3_vs_D0; D7_vs_D0",2,"2_Comparisons"
"GO-BP","regulation of lymphocyte migration","D3_vs_D0; D7_vs_D0",2,"2_Comparisons"
"GO-BP","regulation of mononuclear cell migration","D3_vs_D0; D7_vs_D0",2,"2_Comparisons"
"GO-BP","regulation of myeloid cell differentiation","D3_vs_D0; D7_vs_D0",2,"2_Comparisons"
"GO-BP","regulation of myeloid leukocyte mediated immunity","D3_vs_D0; D7_vs_D0",2,"2_Comparisons"
"GO-BP","regulation of pattern recognition receptor signaling pathway","D3_vs_D0; D7_vs_D0",2,"2_Comparisons"
"GO-BP","regulation of phagocytosis","D3_vs_D0; D7_vs_D0",2,"2_Comparisons"
"GO-BP","regulation of production of molecular mediator of immune response","D3_vs_D0; D7_vs_D0",2,"2_Comparisons"
"GO-BP","regulation of type II interferon production","D3_vs_D0; D7_vs_D0",2,"2_Comparisons"
"GO-BP","response to dsRNA","D3_vs_D0; D7_vs_D3",2,"2_Comparisons"
"GO-BP","response to exogenous dsRNA","D3_vs_D0; D7_vs_D3",2,"2_Comparisons"
"GO-BP","response to interferon-alpha","D3_vs_D0; D7_vs_D0",2,"2_Comparisons"
"GO-BP","response to lipopolysaccharide","D3_vs_D0; D7_vs_D0",2,"2_Comparisons"
"GO-BP","response to mechanical stimulus","D3_vs_D0; D7_vs_D0",2,"2_Comparisons"
"GO-BP","response to molecule of bacterial origin","D3_vs_D0; D7_vs_D0",2,"2_Comparisons"
"GO-BP","response to tumor necrosis factor","D3_vs_D0; D7_vs_D0",2,"2_Comparisons"
"GO-BP","response to type II interferon","D3_vs_D0; D7_vs_D0",2,"2_Comparisons"
"GO-BP","RIG-I signaling pathway","D3_vs_D0; D7_vs_D3",2,"2_Comparisons"
"GO-BP","T cell mediated immunity","D3_vs_D0; D7_vs_D0",2,"2_Comparisons"
"GO-BP","taxis","D3_vs_D0; D7_vs_D0",2,"2_Comparisons"
"GO-BP","toll-like receptor 7 signaling pathway","D3_vs_D0; D7_vs_D0",2,"2_Comparisons"
"GO-BP","tumor necrosis factor-mediated signaling pathway","D3_vs_D0; D7_vs_D0",2,"2_Comparisons"
"GO-BP","type II hypersensitivity","D3_vs_D0; D7_vs_D0",2,"2_Comparisons"
"GO-BP","type II interferon production","D3_vs_D0; D7_vs_D0",2,"2_Comparisons"
"GO-BP","type IIa hypersensitivity","D3_vs_D0; D7_vs_D0",2,"2_Comparisons"
"GO-BP","viral gene expression","D3_vs_D0; D7_vs_D0",2,"2_Comparisons"
"GO-BP","acute-phase response","D7_vs_D0",1,"1_Comparison"
"GO-BP","acute inflammatory response","D7_vs_D0",1,"1_Comparison"
"GO-BP","adaptive thermogenesis","D7_vs_D0",1,"1_Comparison"
"GO-BP","alpha-beta T cell activation","D7_vs_D0",1,"1_Comparison"
"GO-BP","antimicrobial humoral immune response mediated by antimicrobial peptide","D3_vs_D0",1,"1_Comparison"
"GO-BP","base conversion or substitution editing","D7_vs_D0",1,"1_Comparison"
"GO-BP","blood coagulation","D3_vs_D0",1,"1_Comparison"
"GO-BP","calcium-mediated signaling","D3_vs_D0",1,"1_Comparison"
"GO-BP","cell surface pattern recognition receptor signaling pathway","D7_vs_D0",1,"1_Comparison"
"GO-BP","cellular component disassembly","D3_vs_D0",1,"1_Comparison"
"GO-BP","cellular response to chemokine","D3_vs_D0",1,"1_Comparison"
"GO-BP","cellular response to interleukin-18","D3_vs_D0",1,"1_Comparison"
"GO-BP","chemokine-mediated signaling pathway","D3_vs_D0",1,"1_Comparison"
"GO-BP","chemokine (C-X-C motif) ligand 2 production","D7_vs_D3",1,"1_Comparison"
"GO-BP","chemokine production","D7_vs_D0",1,"1_Comparison"
"GO-BP","coagulation","D3_vs_D0",1,"1_Comparison"
"GO-BP","cold-induced thermogenesis","D7_vs_D0",1,"1_Comparison"
"GO-BP","complement receptor mediated signaling pathway","D7_vs_D0",1,"1_Comparison"
"GO-BP","cytidine to uridine editing","D7_vs_D0",1,"1_Comparison"
"GO-BP","cytolysis","D7_vs_D0",1,"1_Comparison"
"GO-BP","defense response to protozoan","D7_vs_D0",1,"1_Comparison"
"GO-BP","dendritic cell chemotaxis","D3_vs_D0",1,"1_Comparison"
"GO-BP","detection of bacterium","D7_vs_D0",1,"1_Comparison"
"GO-BP","detection of biotic stimulus","D7_vs_D0",1,"1_Comparison"
"GO-BP","detection of external biotic stimulus","D7_vs_D0",1,"1_Comparison"
"GO-BP","detection of molecule of bacterial origin","D7_vs_D0",1,"1_Comparison"
"GO-BP","detection of other organism","D7_vs_D0",1,"1_Comparison"
"GO-BP","endolysosomal toll-like receptor signaling pathway","D7_vs_D3",1,"1_Comparison"
"GO-BP","establishment of organelle localization","D7_vs_D0",1,"1_Comparison"
"GO-BP","establishment of vesicle localization","D7_vs_D0",1,"1_Comparison"
"GO-BP","estrogen receptor signaling pathway","D7_vs_D3",1,"1_Comparison"
"GO-BP","granulocyte chemotaxis","D3_vs_D0",1,"1_Comparison"
"GO-BP","granulocyte migration","D3_vs_D0",1,"1_Comparison"
"GO-BP","hemostasis","D3_vs_D0",1,"1_Comparison"
"GO-BP","homotypic cell-cell adhesion","D3_vs_D0",1,"1_Comparison"
"GO-BP","host-mediated suppression of symbiont invasion","D3_vs_D0",1,"1_Comparison"
"GO-BP","hydrogen peroxide catabolic process","D3_vs_D0",1,"1_Comparison"
"GO-BP","hypersensitivity","D7_vs_D0",1,"1_Comparison"
"GO-BP","immune response-inhibiting cell surface receptor signaling pathway","D7_vs_D0",1,"1_Comparison"
"GO-BP","immune response-inhibiting signal transduction","D7_vs_D0",1,"1_Comparison"
"GO-BP","immune system development","D7_vs_D0",1,"1_Comparison"
"GO-BP","induction of positive chemotaxis","D3_vs_D0",1,"1_Comparison"
"GO-BP","inflammatory response to antigenic stimulus","D7_vs_D0",1,"1_Comparison"
"GO-BP","innate immune response activating cell surface receptor signaling pathway","D7_vs_D0",1,"1_Comparison"
"GO-BP","interleukin-1 beta production","D7_vs_D0",1,"1_Comparison"
"GO-BP","interleukin-1 production","D7_vs_D0",1,"1_Comparison"
"GO-BP","interleukin-10 production","D7_vs_D0",1,"1_Comparison"
"GO-BP","interleukin-18-mediated signaling pathway","D3_vs_D0",1,"1_Comparison"
"GO-BP","interleukin-8 production","D7_vs_D0",1,"1_Comparison"
"GO-BP","leukocyte activation involved in inflammatory response","D7_vs_D0",1,"1_Comparison"
"GO-BP","leukocyte homeostasis","D7_vs_D0",1,"1_Comparison"
"GO-BP","leukocyte proliferation","D7_vs_D0",1,"1_Comparison"
"GO-BP","lipopolysaccharide-mediated signaling pathway","D7_vs_D0",1,"1_Comparison"
"GO-BP","lymphocyte migration","D3_vs_D0",1,"1_Comparison"
"GO-BP","lymphocyte proliferation","D7_vs_D0",1,"1_Comparison"
"GO-BP","mammary gland development","D7_vs_D3",1,"1_Comparison"
"GO-BP","megakaryocyte differentiation","D7_vs_D0",1,"1_Comparison"
"GO-BP","microglial cell activation","D7_vs_D0",1,"1_Comparison"
"GO-BP","modulation by symbiont of entry into host","D3_vs_D0",1,"1_Comparison"
"GO-BP","monocyte chemotactic protein-1 production","D7_vs_D3",1,"1_Comparison"
"GO-BP","monocyte chemotaxis","D3_vs_D0",1,"1_Comparison"
"GO-BP","mononuclear cell proliferation","D7_vs_D0",1,"1_Comparison"
"GO-BP","negative regulation of B cell activation","D3_vs_D0",1,"1_Comparison"
"GO-BP","negative regulation of chemokine production","D7_vs_D3",1,"1_Comparison"
"GO-BP","negative regulation of cold-induced thermogenesis","D7_vs_D0",1,"1_Comparison"
"GO-BP","negative regulation of exocytosis","D3_vs_D0",1,"1_Comparison"
"GO-BP","negative regulation of leukocyte activation","D7_vs_D0",1,"1_Comparison"
"GO-BP","negative regulation of megakaryocyte differentiation","D7_vs_D0",1,"1_Comparison"
"GO-BP","negative regulation of myeloid cell differentiation","D7_vs_D0",1,"1_Comparison"
"GO-BP","negative regulation of myeloid leukocyte differentiation","D3_vs_D0",1,"1_Comparison"
"GO-BP","negative regulation of phagocytosis","D3_vs_D0",1,"1_Comparison"
"GO-BP","negative regulation of regulated secretory pathway","D3_vs_D0",1,"1_Comparison"
"GO-BP","negative regulation of type I interferon production","D7_vs_D3",1,"1_Comparison"
"GO-BP","neuroinflammatory response","D7_vs_D0",1,"1_Comparison"
"GO-BP","neutrophil chemotaxis","D3_vs_D0",1,"1_Comparison"
"GO-BP","neutrophil extravasation","D3_vs_D0",1,"1_Comparison"
"GO-BP","neutrophil mediated cytotoxicity","D3_vs_D0",1,"1_Comparison"
"GO-BP","neutrophil migration","D3_vs_D0",1,"1_Comparison"
"GO-BP","norepinephrine secretion","D3_vs_D0",1,"1_Comparison"
"GO-BP","nucleosome assembly","D7_vs_D0",1,"1_Comparison"
"GO-BP","nucleosome organization","D7_vs_D0",1,"1_Comparison"
"GO-BP","nucleotide-binding domain, leucine rich repeat containing receptor signaling pathway","D7_vs_D0",1,"1_Comparison"
"GO-BP","nucleotide-binding oligomerization domain containing 2 signaling pathway","D7_vs_D0",1,"1_Comparison"
"GO-BP","oxygen transport","D7_vs_D0",1,"1_Comparison"
"GO-BP","platelet activation","D3_vs_D0",1,"1_Comparison"
"GO-BP","platelet aggregation","D3_vs_D0",1,"1_Comparison"
"GO-BP","positive regulation of binding","D3_vs_D0",1,"1_Comparison"
"GO-BP","positive regulation of cell activation","D7_vs_D0",1,"1_Comparison"
"GO-BP","positive regulation of chemotaxis","D3_vs_D0",1,"1_Comparison"
"GO-BP","positive regulation of cytokine production involved in immune response","D3_vs_D0",1,"1_Comparison"
"GO-BP","positive regulation of cytosolic calcium ion concentration","D3_vs_D0",1,"1_Comparison"
"GO-BP","positive regulation of erythrocyte differentiation","D3_vs_D0",1,"1_Comparison"
"GO-BP","positive regulation of granulocyte chemotaxis","D3_vs_D0",1,"1_Comparison"
"GO-BP","positive regulation of interleukin-1 beta production","D7_vs_D0",1,"1_Comparison"
"GO-BP","positive regulation of interleukin-1 production","D7_vs_D0",1,"1_Comparison"
"GO-BP","positive regulation of interleukin-10 production","D7_vs_D0",1,"1_Comparison"
"GO-BP","positive regulation of interleukin-6 production","D7_vs_D0",1,"1_Comparison"
"GO-BP","positive regulation of interleukin-8 production","D7_vs_D0",1,"1_Comparison"
"GO-BP","positive regulation of leukocyte mediated immunity","D7_vs_D0",1,"1_Comparison"
"GO-BP","positive regulation of leukocyte proliferation","D7_vs_D0",1,"1_Comparison"
"GO-BP","positive regulation of lymphocyte migration","D3_vs_D0",1,"1_Comparison"
"GO-BP","positive regulation of monocyte chemotactic protein-1 production","D7_vs_D3",1,"1_Comparison"
"GO-BP","positive regulation of monocyte chemotaxis","D3_vs_D0",1,"1_Comparison"
"GO-BP","positive regulation of mononuclear cell migration","D3_vs_D0",1,"1_Comparison"
"GO-BP","positive regulation of myeloid cell differentiation","D3_vs_D0",1,"1_Comparison"
"GO-BP","positive regulation of neutrophil chemotaxis","D3_vs_D0",1,"1_Comparison"
"GO-BP","positive regulation of neutrophil migration","D3_vs_D0",1,"1_Comparison"
"GO-BP","positive regulation of peptidyl-tyrosine phosphorylation","D7_vs_D0",1,"1_Comparison"
"GO-BP","positive regulation of RIG-I signaling pathway","D3_vs_D0",1,"1_Comparison"
"GO-BP","positive regulation of type I interferon-mediated signaling pathway","D7_vs_D0",1,"1_Comparison"
"GO-BP","protein-DNA complex assembly","D7_vs_D0",1,"1_Comparison"
"GO-BP","protein-DNA complex organization","D7_vs_D0",1,"1_Comparison"
"GO-BP","protein auto-ADP-ribosylation","D3_vs_D0",1,"1_Comparison"
"GO-BP","protein autoubiquitination","D7_vs_D0",1,"1_Comparison"
"GO-BP","protein K63-linked ubiquitination","D7_vs_D0",1,"1_Comparison"
"GO-BP","protein localization to CENP-A containing chromatin","D7_vs_D0",1,"1_Comparison"
"GO-BP","protein polyubiquitination","D7_vs_D0",1,"1_Comparison"
"GO-BP","regulated exocytosis","D3_vs_D0",1,"1_Comparison"
"GO-BP","regulation of activated T cell proliferation","D7_vs_D0",1,"1_Comparison"
"GO-BP","regulation of adaptive immune response","D7_vs_D0",1,"1_Comparison"
"GO-BP","regulation of adaptive immune response based on somatic recombination of immune receptors built from immunoglobulin superfamily domains","D7_vs_D0",1,"1_Comparison"
"GO-BP","regulation of body fluid levels","D3_vs_D0",1,"1_Comparison"
"GO-BP","regulation of cell killing","D7_vs_D0",1,"1_Comparison"
"GO-BP","regulation of chemokine (C-X-C motif) ligand 2 production","D7_vs_D3",1,"1_Comparison"
"GO-BP","regulation of chemokine production","D7_vs_D0",1,"1_Comparison"
"GO-BP","regulation of cold-induced thermogenesis","D7_vs_D0",1,"1_Comparison"
"GO-BP","regulation of DNA binding","D3_vs_D0",1,"1_Comparison"
"GO-BP","regulation of granulocyte chemotaxis","D3_vs_D0",1,"1_Comparison"
"GO-BP","regulation of hemopoiesis","D7_vs_D0",1,"1_Comparison"
"GO-BP","regulation of inflammasome-mediated signaling pathway","D7_vs_D0",1,"1_Comparison"
"GO-BP","regulation of interleukin-1 beta production","D7_vs_D0",1,"1_Comparison"
"GO-BP","regulation of interleukin-1 production","D7_vs_D0",1,"1_Comparison"
"GO-BP","regulation of interleukin-10 production","D7_vs_D0",1,"1_Comparison"
"GO-BP","regulation of interleukin-8 production","D7_vs_D0",1,"1_Comparison"
"GO-BP","regulation of leukocyte degranulation","D3_vs_D0",1,"1_Comparison"
"GO-BP","regulation of leukocyte mediated cytotoxicity","D7_vs_D0",1,"1_Comparison"
"GO-BP","regulation of leukocyte proliferation","D7_vs_D0",1,"1_Comparison"
"GO-BP","regulation of lymphocyte mediated immunity","D7_vs_D0",1,"1_Comparison"
"GO-BP","regulation of lymphocyte proliferation","D7_vs_D0",1,"1_Comparison"
"GO-BP","regulation of megakaryocyte differentiation","D7_vs_D0",1,"1_Comparison"
"GO-BP","regulation of monocyte chemotactic protein-1 production","D7_vs_D3",1,"1_Comparison"
"GO-BP","regulation of monocyte chemotaxis","D3_vs_D0",1,"1_Comparison"
"GO-BP","regulation of mononuclear cell proliferation","D7_vs_D0",1,"1_Comparison"
"GO-BP","regulation of myeloid leukocyte differentiation","D3_vs_D0",1,"1_Comparison"
"GO-BP","regulation of neutrophil activation","D7_vs_D0",1,"1_Comparison"
"GO-BP","regulation of neutrophil chemotaxis","D3_vs_D0",1,"1_Comparison"
"GO-BP","regulation of neutrophil migration","D3_vs_D0",1,"1_Comparison"
"GO-BP","regulation of norepinephrine secretion","D3_vs_D0",1,"1_Comparison"
"GO-BP","regulation of peptidyl-tyrosine phosphorylation","D7_vs_D0",1,"1_Comparison"
"GO-BP","regulation of T cell cytokine production","D3_vs_D0",1,"1_Comparison"
"GO-BP","regulation of T cell mediated immunity","D7_vs_D0",1,"1_Comparison"
"GO-BP","regulation of T cell migration","D3_vs_D0",1,"1_Comparison"
"GO-BP","regulation of T cell proliferation","D7_vs_D0",1,"1_Comparison"
"GO-BP","regulation of tumor necrosis factor-mediated signaling pathway","D7_vs_D0",1,"1_Comparison"
"GO-BP","regulation of viral entry into host cell","D7_vs_D0",1,"1_Comparison"
"GO-BP","regulation of viral transcription","D3_vs_D0",1,"1_Comparison"
"GO-BP","response to chemokine","D3_vs_D0",1,"1_Comparison"
"GO-BP","response to interleukin-1","D3_vs_D0",1,"1_Comparison"
"GO-BP","response to interleukin-18","D3_vs_D0",1,"1_Comparison"
"GO-BP","response to protozoan","D7_vs_D0",1,"1_Comparison"
"GO-BP","response to wounding","D3_vs_D0",1,"1_Comparison"
"GO-BP","suppression of viral release by host","D7_vs_D0",1,"1_Comparison"
"GO-BP","symbiont entry into host","D3_vs_D0",1,"1_Comparison"
"GO-BP","symbiont entry into host cell","D3_vs_D0",1,"1_Comparison"
"GO-BP","T cell cytokine production","D3_vs_D0",1,"1_Comparison"
"GO-BP","T cell migration","D3_vs_D0",1,"1_Comparison"
"GO-BP","T cell proliferation","D7_vs_D0",1,"1_Comparison"
"GO-BP","temperature homeostasis","D7_vs_D0",1,"1_Comparison"
"GO-BP","toll-like receptor 4 signaling pathway","D7_vs_D0",1,"1_Comparison"
"GO-BP","toll-like receptor signaling pathway","D7_vs_D0",1,"1_Comparison"
"GO-BP","transposable element silencing","D7_vs_D0",1,"1_Comparison"
"GO-BP","type II interferon-mediated signaling pathway","D7_vs_D0",1,"1_Comparison"
"GO-BP","unsaturated fatty acid biosynthetic process","D3_vs_D0",1,"1_Comparison"
"GO-BP","vesicle localization","D7_vs_D0",1,"1_Comparison"
"GO-BP","viral transcription","D3_vs_D0",1,"1_Comparison"
"GO-BP","wound healing","D3_vs_D0",1,"1_Comparison"
"KEGG","Coronavirus disease","D3_vs_D0; D7_vs_D0; D7_vs_D3",3,"All_3_Comparisons"
"KEGG","Epstein-Barr virus infection","D3_vs_D0; D7_vs_D0; D7_vs_D3",3,"All_3_Comparisons"
"KEGG","Hepatitis C","D3_vs_D0; D7_vs_D0; D7_vs_D3",3,"All_3_Comparisons"
"KEGG","Herpes simplex virus 1 infection","D3_vs_D0; D7_vs_D0; D7_vs_D3",3,"All_3_Comparisons"
"KEGG","Influenza A","D3_vs_D0; D7_vs_D0; D7_vs_D3",3,"All_3_Comparisons"
"KEGG","Measles","D3_vs_D0; D7_vs_D0; D7_vs_D3",3,"All_3_Comparisons"
"KEGG","NOD-like receptor signaling pathway","D3_vs_D0; D7_vs_D0; D7_vs_D3",3,"All_3_Comparisons"
"KEGG","Staphylococcus aureus infection","D3_vs_D0; D7_vs_D0; D7_vs_D3",3,"All_3_Comparisons"
"KEGG","Cytosolic DNA-sensing pathway","D3_vs_D0; D7_vs_D0",2,"2_Comparisons"
"KEGG","Efferocytosis","D3_vs_D0; D7_vs_D0",2,"2_Comparisons"
"KEGG","Hepatitis B","D3_vs_D0; D7_vs_D0",2,"2_Comparisons"
"KEGG","Kaposi sarcoma-associated herpesvirus infection","D3_vs_D0; D7_vs_D0",2,"2_Comparisons"
"KEGG","Legionellosis","D3_vs_D0; D7_vs_D0",2,"2_Comparisons"
"KEGG","Lipid and atherosclerosis","D3_vs_D0; D7_vs_D0",2,"2_Comparisons"
"KEGG","Natural killer cell mediated cytotoxicity","D3_vs_D0; D7_vs_D0",2,"2_Comparisons"
"KEGG","Necroptosis","D3_vs_D0; D7_vs_D0",2,"2_Comparisons"
"KEGG","Neutrophil extracellular trap formation","D3_vs_D0; D7_vs_D0",2,"2_Comparisons"
"KEGG","Osteoclast differentiation","D3_vs_D0; D7_vs_D0",2,"2_Comparisons"
"KEGG","Phagocytosis","D3_vs_D0; D7_vs_D0",2,"2_Comparisons"
"KEGG","Systemic lupus erythematosus","D3_vs_D0; D7_vs_D0",2,"2_Comparisons"
"KEGG","Toll-like receptor signaling pathway","D3_vs_D0; D7_vs_D0",2,"2_Comparisons"
"KEGG","Transcriptional misregulation in cancer","D3_vs_D0; D7_vs_D3",2,"2_Comparisons"
"KEGG","Viral carcinogenesis","D3_vs_D0; D7_vs_D0",2,"2_Comparisons"
"KEGG","Viral protein interaction with cytokine and cytokine receptor","D3_vs_D0; D7_vs_D0",2,"2_Comparisons"
"KEGG","Antigen processing and presentation","D7_vs_D0",1,"1_Comparison"
"KEGG","Cell adhesion molecule (CAM) interaction","D7_vs_D3",1,"1_Comparison"
"KEGG","Cytokine-cytokine receptor interaction","D3_vs_D0",1,"1_Comparison"
"KEGG","Human papillomavirus infection","D3_vs_D0",1,"1_Comparison"
"KEGG","IL-17 signaling pathway","D3_vs_D0",1,"1_Comparison"
"KEGG","Leishmaniasis","D7_vs_D0",1,"1_Comparison"
"KEGG","Malaria","D3_vs_D0",1,"1_Comparison"
"KEGG","NF-kappa B signaling pathway","D3_vs_D0",1,"1_Comparison"
"KEGG","PD-L1 expression and PD-1 checkpoint pathway in cancer","D7_vs_D3",1,"1_Comparison"
"KEGG","Pertussis","D3_vs_D0",1,"1_Comparison"
"KEGG","RIG-I-like receptor signaling pathway","D3_vs_D0",1,"1_Comparison"
"KEGG","Salmonella infection","D3_vs_D0",1,"1_Comparison"
"KEGG","TNF signaling pathway","D3_vs_D0",1,"1_Comparison"
"KEGG","Tuberculosis","D7_vs_D0",1,"1_Comparison"
"Reactome","Antimicrobial mechanism of IFN-stimulated genes","D3_vs_D0; D7_vs_D0; D7_vs_D3",3,"All_3_Comparisons"
"Reactome","Interferon alpha/beta signaling","D3_vs_D0; D7_vs_D0; D7_vs_D3",3,"All_3_Comparisons"
"Reactome","Interferon gamma signaling","D3_vs_D0; D7_vs_D0; D7_vs_D3",3,"All_3_Comparisons"
"Reactome","Interferon Signaling","D3_vs_D0; D7_vs_D0; D7_vs_D3",3,"All_3_Comparisons"
"Reactome","Modulation of host responses by IFN-stimulated genes","D3_vs_D0; D7_vs_D0; D7_vs_D3",3,"All_3_Comparisons"
"Reactome","Antimicrobial peptides","D3_vs_D0; D7_vs_D0",2,"2_Comparisons"
"Reactome","Bacterial Infection Pathways","D3_vs_D0; D7_vs_D0",2,"2_Comparisons"
"Reactome","Butyrophilin (BTN) family interactions","D3_vs_D0; D7_vs_D0",2,"2_Comparisons"
"Reactome","Caspase activation via Death Receptors in the presence of ligand","D3_vs_D0; D7_vs_D0",2,"2_Comparisons"
"Reactome","Caspase activation via extrinsic apoptotic signalling pathway","D3_vs_D0; D7_vs_D0",2,"2_Comparisons"
"Reactome","Erythrocytes take up carbon dioxide and release oxygen","D3_vs_D0; D7_vs_D0",2,"2_Comparisons"
"Reactome","Immunoregulatory interactions between a Lymphoid and a non-Lymphoid cell","D3_vs_D0; D7_vs_D0",2,"2_Comparisons"
"Reactome","Infection with Enterobacteria","D3_vs_D0; D7_vs_D0",2,"2_Comparisons"
"Reactome","Neutrophil degranulation","D3_vs_D0; D7_vs_D0",2,"2_Comparisons"
"Reactome","Non-canonical inflammasome activation","D3_vs_D0; D7_vs_D0",2,"2_Comparisons"
"Reactome","O2/CO2 exchange in erythrocytes","D3_vs_D0; D7_vs_D0",2,"2_Comparisons"
"Reactome","Pyroptosis","D3_vs_D0; D7_vs_D0",2,"2_Comparisons"
"Reactome","Regulated Necrosis","D3_vs_D0; D7_vs_D0",2,"2_Comparisons"
"Reactome","Respiratory Syncytial Virus Infection Pathway","D3_vs_D0; D7_vs_D0",2,"2_Comparisons"
"Reactome","RUNX1 regulates genes involved in megakaryocyte differentiation and platelet function","D3_vs_D0; D7_vs_D0",2,"2_Comparisons"
"Reactome","Activated PKN1 stimulates transcription of AR (androgen receptor) regulated genes KLK2 and KLK3","D7_vs_D0",1,"1_Comparison"
"Reactome","Activation of IRF3, IRF7 mediated by TBK1, IKKε (IKBKE)","D7_vs_D0",1,"1_Comparison"
"Reactome","Alpha-defensins","D7_vs_D3",1,"1_Comparison"
"Reactome","Amyloid fiber formation","D7_vs_D0",1,"1_Comparison"
"Reactome","Apoptosis","D7_vs_D0",1,"1_Comparison"
"Reactome","Assembly of the ORC complex at the origin of replication","D7_vs_D0",1,"1_Comparison"
"Reactome","B-WICH complex positively regulates rRNA expression","D7_vs_D0",1,"1_Comparison"
"Reactome","Base-Excision Repair, AP Site Formation","D7_vs_D0",1,"1_Comparison"
"Reactome","CASP8 activity is inhibited","D7_vs_D0",1,"1_Comparison"
"Reactome","Cellular Senescence","D7_vs_D0",1,"1_Comparison"
"Reactome","ChAHP complex assembly","D7_vs_D0",1,"1_Comparison"
"Reactome","CHD3, CHD4, CHD5 subfamily","D7_vs_D0",1,"1_Comparison"
"Reactome","CHD6, CHD7, CHD8, CHD9 subfamily","D7_vs_D0",1,"1_Comparison"
"Reactome","Chemokine receptors bind chemokines","D3_vs_D0",1,"1_Comparison"
"Reactome","Chromatin modifications during the maternal to zygotic transition (MZT)","D7_vs_D0",1,"1_Comparison"
"Reactome","Cleavage of the damaged purine","D7_vs_D0",1,"1_Comparison"
"Reactome","Cleavage of the damaged pyrimidine","D7_vs_D0",1,"1_Comparison"
"Reactome","Condensation of Prophase Chromosomes","D7_vs_D0",1,"1_Comparison"
"Reactome","Dectin-2 family","D7_vs_D0",1,"1_Comparison"
"Reactome","Defective C1GALT1C1 causes TNPS","D7_vs_D0",1,"1_Comparison"
"Reactome","Defective pyroptosis","D7_vs_D0",1,"1_Comparison"
"Reactome","Defensins","D7_vs_D3",1,"1_Comparison"
"Reactome","Depurination","D7_vs_D0",1,"1_Comparison"
"Reactome","Depyrimidination","D7_vs_D0",1,"1_Comparison"
"Reactome","Dimerization of procaspase-8","D7_vs_D0",1,"1_Comparison"
"Reactome","Diseases associated with the TLR signaling cascade","D7_vs_D0",1,"1_Comparison"
"Reactome","Diseases of Immune System","D7_vs_D0",1,"1_Comparison"
"Reactome","Diseases of programmed cell death","D7_vs_D0",1,"1_Comparison"
"Reactome","DNA Damage/Telomere Stress Induced Senescence","D7_vs_D0",1,"1_Comparison"
"Reactome","DNA methylation","D7_vs_D0",1,"1_Comparison"
"Reactome","Enterobacterial factors antagonize host defense","D7_vs_D0",1,"1_Comparison"
"Reactome","Epigenetic regulation of adipogenesis genes by MLL3 and MLL4 complexes","D7_vs_D0",1,"1_Comparison"
"Reactome","Epigenetic regulation of gene expression by MLL3 and MLL4 complexes","D7_vs_D0",1,"1_Comparison"
"Reactome","ERCC6 (CSB) and EHMT2 (G9a) positively regulate rRNA expression","D7_vs_D0",1,"1_Comparison"
"Reactome","Fatty acid metabolism","D7_vs_D0",1,"1_Comparison"
"Reactome","Formation of the beta-catenin:TCF transactivating complex","D7_vs_D0",1,"1_Comparison"
"Reactome","FXIIa activates plasma kallikrein-kinin system","D7_vs_D0",1,"1_Comparison"
"Reactome","G2/M DNA damage checkpoint","D7_vs_D0",1,"1_Comparison"
"Reactome","GBP-mediated host defense","D7_vs_D0",1,"1_Comparison"
"Reactome","HDACs deacetylate histones","D7_vs_D0",1,"1_Comparison"
"Reactome","Inhibition of DNA recombination at telomere","D7_vs_D0",1,"1_Comparison"
"Reactome","Interaction of NuRD complexes with transcription factors","D7_vs_D0",1,"1_Comparison"
"Reactome","Interleukin-10 signaling","D3_vs_D0",1,"1_Comparison"
"Reactome","ISG15 antiviral mechanism","D3_vs_D0",1,"1_Comparison"
"Reactome","Maturation of nucleoprotein","D7_vs_D0",1,"1_Comparison"
"Reactome","Meiotic recombination","D7_vs_D0",1,"1_Comparison"
"Reactome","Meiotic synapsis","D7_vs_D0",1,"1_Comparison"
"Reactome","MLL4 and MLL3 complexes regulate expression of PPARG target genes in adipogenesis and hepatic steatosis","D7_vs_D0",1,"1_Comparison"
"Reactome","MyD88-independent TLR4 cascade","D7_vs_D0",1,"1_Comparison"
"Reactome","MyD88 deficiency (TLR2/4)","D7_vs_D0",1,"1_Comparison"
"Reactome","MyD88 dependent cascade initiated on endosome","D7_vs_D0",1,"1_Comparison"
"Reactome","Negative epigenetic regulation of rRNA expression","D7_vs_D0",1,"1_Comparison"
"Reactome","Negative Regulation of CDH1 Gene Transcription","D7_vs_D0",1,"1_Comparison"
"Reactome","Negative regulators of DDX58/IFIH1 signaling","D7_vs_D0",1,"1_Comparison"
"Reactome","NF-kB activation through FADD/RIP-1 pathway mediated by caspase-8 and -10","D7_vs_D0",1,"1_Comparison"
"Reactome","Nicotinate metabolism","D7_vs_D0",1,"1_Comparison"
"Reactome","Nonhomologous End-Joining (NHEJ)","D7_vs_D0",1,"1_Comparison"
"Reactome","NoRC negatively regulates rRNA expression","D7_vs_D0",1,"1_Comparison"
"Reactome","NuRD complex assembly","D7_vs_D0",1,"1_Comparison"
"Reactome","O-linked glycosylation of mucins","D7_vs_D0",1,"1_Comparison"
"Reactome","Oxidative Stress Induced Senescence","D7_vs_D0",1,"1_Comparison"
"Reactome","Packaging Of Telomere Ends","D7_vs_D0",1,"1_Comparison"
"Reactome","PKR-mediated signaling","D3_vs_D0",1,"1_Comparison"
"Reactome","Positive epigenetic regulation of rRNA expression","D7_vs_D0",1,"1_Comparison"
"Reactome","PRC2 methylates histones and DNA","D7_vs_D0",1,"1_Comparison"
"Reactome","Pre-NOTCH Expression and Processing","D7_vs_D0",1,"1_Comparison"
"Reactome","Pre-NOTCH Transcription and Translation","D7_vs_D0",1,"1_Comparison"
"Reactome","Processing of DNA double-strand break ends","D7_vs_D0",1,"1_Comparison"
"Reactome","Programmed Cell Death","D7_vs_D0",1,"1_Comparison"
"Reactome","Recognition and association of DNA glycosylase with site containing an affected purine","D7_vs_D0",1,"1_Comparison"
"Reactome","Recognition and association of DNA glycosylase with site containing an affected pyrimidine","D7_vs_D0",1,"1_Comparison"
"Reactome","Regulation by c-FLIP","D7_vs_D0",1,"1_Comparison"
"Reactome","Regulation of CDH1 Gene Transcription","D7_vs_D0",1,"1_Comparison"
"Reactome","Regulation of endogenous retroelements","D7_vs_D0",1,"1_Comparison"
"Reactome","Regulation of endogenous retroelements by KRAB-ZFP proteins","D7_vs_D0",1,"1_Comparison"
"Reactome","Regulation of endogenous retroelements by Piwi-interacting RNAs (piRNAs)","D7_vs_D0",1,"1_Comparison"
"Reactome","Regulation of endogenous retroelements by the Human Silencing Hub (HUSH) complex","D7_vs_D0",1,"1_Comparison"
"Reactome","Regulation of IFNG signaling","D7_vs_D0",1,"1_Comparison"
"Reactome","Regulation of necroptotic cell death","D7_vs_D0",1,"1_Comparison"
"Reactome","Regulation of PD-L1(CD274) expression","D7_vs_D0",1,"1_Comparison"
"Reactome","Regulation of PD-L1(CD274) transcription","D7_vs_D0",1,"1_Comparison"
"Reactome","Regulation of TBK1, IKKε (IKBKE)-mediated activation of IRF3, IRF7","D7_vs_D0",1,"1_Comparison"
"Reactome","Replacement of protamines by nucleosomes in the male pronucleus","D7_vs_D0",1,"1_Comparison"
"Reactome","RHO GTPases activate PKNs","D7_vs_D0",1,"1_Comparison"
"Reactome","RIPK1-mediated regulated necrosis","D7_vs_D0",1,"1_Comparison"
"Reactome","RNA Polymerase I Promoter Clearance","D7_vs_D0",1,"1_Comparison"
"Reactome","RNA Polymerase I Promoter Escape","D7_vs_D0",1,"1_Comparison"
"Reactome","RNA Polymerase I Promoter Opening","D7_vs_D0",1,"1_Comparison"
"Reactome","RNA Polymerase I Transcription","D7_vs_D0",1,"1_Comparison"
"Reactome","RSV-host interactions","D7_vs_D0",1,"1_Comparison"
"Reactome","Senescence-Associated Secretory Phenotype (SASP)","D7_vs_D0",1,"1_Comparison"
"Reactome","Signaling by Interleukins","D3_vs_D0",1,"1_Comparison"
"Reactome","SIRT1 negatively regulates rRNA expression","D7_vs_D0",1,"1_Comparison"
"Reactome","Toll-like Receptor Cascades","D7_vs_D0",1,"1_Comparison"
"Reactome","Toll Like Receptor 4 (TLR4) Cascade","D7_vs_D0",1,"1_Comparison"
"Reactome","Toll Like Receptor 7/8 (TLR7/8) Cascade","D7_vs_D0",1,"1_Comparison"
"Reactome","Toll Like Receptor 9 (TLR9) Cascade","D7_vs_D0",1,"1_Comparison"
"Reactome","TP53 Regulates Transcription of Caspase Activators and Caspases","D7_vs_D0",1,"1_Comparison"
"Reactome","TRAF3-dependent IRF activation pathway","D7_vs_D0",1,"1_Comparison"
"Reactome","Transcriptional regulation by small RNAs","D7_vs_D0",1,"1_Comparison"
"Reactome","Transcriptional regulation of granulopoiesis","D7_vs_D0",1,"1_Comparison"
"Reactome","TRIF-mediated programmed cell death","D7_vs_D0",1,"1_Comparison"
"Reactome","TRIF (TICAM1)-mediated TLR4 signaling","D7_vs_D0",1,"1_Comparison"
