"UniProt","Protein","Pathway_Count","Mean_NES","Max_abs_t","Mean_t","Pathways"
"P12644","OID20994",10,-1.788438584288,8.52335376779355,-8.52335376779355,"cell adhesion | anatomical structure morphogenesis | system development | vasculature development | animal organ development | circulatory system development | angiogenesis | blood vessel morphogenesis | blood vessel development | anatomical structure formation involved in morphogenesis"
"P01579","OID20495",10,2.04262299272422,8.06056826450646,8.06056826450646,"catabolic process | small molecule metabolic process | organophosphate metabolic process | carbohydrate derivative metabolic process | nucleoside phosphate metabolic process | protein catabolic process | nucleotide metabolic process | nucleobase-containing small molecule metabolic process | macromolecule catabolic process | nucleobase-containing compound catabolic process"
"P05556","OID20376",10,-1.788438584288,7.58571385299735,-7.58571385299735,"cell adhesion | anatomical structure morphogenesis | system development | vasculature development | animal organ development | circulatory system development | angiogenesis | blood vessel morphogenesis | blood vessel development | anatomical structure formation involved in morphogenesis"
"P48745","OID20299",10,-1.788438584288,7.51617467769149,-7.51617467769149,"cell adhesion | anatomical structure morphogenesis | system development | vasculature development | animal organ development | circulatory system development | angiogenesis | blood vessel morphogenesis | blood vessel development | anatomical structure formation involved in morphogenesis"
"O14786","OID20390",10,-1.788438584288,7.3640005146002,-7.3640005146002,"cell adhesion | anatomical structure morphogenesis | system development | vasculature development | animal organ development | circulatory system development | angiogenesis | blood vessel morphogenesis | blood vessel development | anatomical structure formation involved in morphogenesis"
"Q13444","OID20109",10,-1.788438584288,7.06830909308609,-7.06830909308609,"cell adhesion | anatomical structure morphogenesis | system development | vasculature development | animal organ development | circulatory system development | angiogenesis | blood vessel morphogenesis | blood vessel development | anatomical structure formation involved in morphogenesis"
"P37023","OID20999",10,-1.788438584288,5.37010232052286,-5.37010232052286,"cell adhesion | anatomical structure morphogenesis | system development | vasculature development | animal organ development | circulatory system development | angiogenesis | blood vessel morphogenesis | blood vessel development | anatomical structure formation involved in morphogenesis"
"P17813","OID20287",10,-1.788438584288,5.16300733039203,-5.16300733039203,"cell adhesion | anatomical structure morphogenesis | system development | vasculature development | animal organ development | circulatory system development | angiogenesis | blood vessel morphogenesis | blood vessel development | anatomical structure formation involved in morphogenesis"
"Q14126","OID21113",10,-1.788438584288,4.89344350051089,-4.89344350051089,"cell adhesion | anatomical structure morphogenesis | system development | vasculature development | animal organ development | circulatory system development | angiogenesis | blood vessel morphogenesis | blood vessel development | anatomical structure formation involved in morphogenesis"
"P39060","OID20332",10,-1.788438584288,4.8383142897742,-4.8383142897742,"cell adhesion | anatomical structure morphogenesis | system development | vasculature development | animal organ development | circulatory system development | angiogenesis | blood vessel morphogenesis | blood vessel development | anatomical structure formation involved in morphogenesis"
"P37173","OID21493",10,-1.788438584288,4.75556822418844,-4.75556822418844,"cell adhesion | anatomical structure morphogenesis | system development | vasculature development | animal organ development | circulatory system development | angiogenesis | blood vessel morphogenesis | blood vessel development | anatomical structure formation involved in morphogenesis"
"Q9Y6N7","OID20734",10,-1.788438584288,4.4175996724262,-4.4175996724262,"cell adhesion | anatomical structure morphogenesis | system development | vasculature development | animal organ development | circulatory system development | angiogenesis | blood vessel morphogenesis | blood vessel development | anatomical structure formation involved in morphogenesis"
"P28906","OID21025",10,-1.788438584288,4.31968766261698,-4.31968766261698,"cell adhesion | anatomical structure morphogenesis | system development | vasculature development | animal organ development | circulatory system development | angiogenesis | blood vessel morphogenesis | blood vessel development | anatomical structure formation involved in morphogenesis"
"P35613","OID20626",10,-1.788438584288,4.24376731072008,-4.24376731072008,"cell adhesion | anatomical structure morphogenesis | system development | vasculature development | animal organ development | circulatory system development | angiogenesis | blood vessel morphogenesis | blood vessel development | anatomical structure formation involved in morphogenesis"
"P0DMV8","OID20718",10,2.04262299272422,3.960347639697,3.960347639697,"catabolic process | small molecule metabolic process | organophosphate metabolic process | carbohydrate derivative metabolic process | nucleoside phosphate metabolic process | protein catabolic process | nucleotide metabolic process | nucleobase-containing small molecule metabolic process | macromolecule catabolic process | nucleobase-containing compound catabolic process"
"P04216","OID21050",10,-1.788438584288,3.94642091055303,-3.94642091055303,"cell adhesion | anatomical structure morphogenesis | system development | vasculature development | animal organ development | circulatory system development | angiogenesis | blood vessel morphogenesis | blood vessel development | anatomical structure formation involved in morphogenesis"
"Q8N474","OID20984",10,-1.788438584288,3.82955340118134,-3.82955340118134,"cell adhesion | anatomical structure morphogenesis | system development | vasculature development | animal organ development | circulatory system development | angiogenesis | blood vessel morphogenesis | blood vessel development | anatomical structure formation involved in morphogenesis"
"P28827","OID20598",10,-1.788438584288,3.8020800339255,-3.8020800339255,"cell adhesion | anatomical structure morphogenesis | system development | vasculature development | animal organ development | circulatory system development | angiogenesis | blood vessel morphogenesis | blood vessel development | anatomical structure formation involved in morphogenesis"
"P29317","OID21342",10,-1.788438584288,3.7754203052328,-3.7754203052328,"cell adhesion | anatomical structure morphogenesis | system development | vasculature development | animal organ development | circulatory system development | angiogenesis | blood vessel morphogenesis | blood vessel development | anatomical structure formation involved in morphogenesis"
"P20827","OID21125",10,-1.788438584288,3.40853319557729,-3.40853319557729,"cell adhesion | anatomical structure morphogenesis | system development | vasculature development | animal organ development | circulatory system development | angiogenesis | blood vessel morphogenesis | blood vessel development | anatomical structure formation involved in morphogenesis"
"Q12794","OID20357",10,-1.788438584288,3.21319813430487,-3.21319813430487,"cell adhesion | anatomical structure morphogenesis | system development | vasculature development | animal organ development | circulatory system development | angiogenesis | blood vessel morphogenesis | blood vessel development | anatomical structure formation involved in morphogenesis"
"Q9NPY3","OID20397",9,-1.78926750022654,8.8629087059826,-8.8629087059826,"cell adhesion | anatomical structure morphogenesis | system development | vasculature development | circulatory system development | angiogenesis | blood vessel morphogenesis | blood vessel development | anatomical structure formation involved in morphogenesis"
"P43121","OID20343",9,-1.78926750022654,8.25769875245774,-8.25769875245774,"cell adhesion | anatomical structure morphogenesis | system development | vasculature development | circulatory system development | angiogenesis | blood vessel morphogenesis | blood vessel development | anatomical structure formation involved in morphogenesis"
"Q14956","OID20173",9,-1.78926750022654,8.2127605660059,-8.2127605660059,"cell adhesion | anatomical structure morphogenesis | system development | vasculature development | circulatory system development | angiogenesis | blood vessel morphogenesis | blood vessel development | anatomical structure formation involved in morphogenesis"
"Q03167","OID20255",9,-1.78119024359875,8.19065443371906,-8.19065443371906,"anatomical structure morphogenesis | system development | vasculature development | animal organ development | circulatory system development | angiogenesis | blood vessel morphogenesis | blood vessel development | anatomical structure formation involved in morphogenesis"
"P35443","OID20368",9,-1.78926750022654,7.64953913682972,-7.64953913682972,"cell adhesion | anatomical structure morphogenesis | system development | vasculature development | circulatory system development | angiogenesis | blood vessel morphogenesis | blood vessel development | anatomical structure formation involved in morphogenesis"
"P06756","OID21416",9,-1.78926750022654,7.59881747905576,-7.59881747905576,"cell adhesion | anatomical structure morphogenesis | system development | vasculature development | circulatory system development | angiogenesis | blood vessel morphogenesis | blood vessel development | anatomical structure formation involved in morphogenesis"
"P98160","OID20383",9,-1.78119024359875,7.27498579969711,-7.27498579969711,"anatomical structure morphogenesis | system development | vasculature development | animal organ development | circulatory system development | angiogenesis | blood vessel morphogenesis | blood vessel development | anatomical structure formation involved in morphogenesis"
"P33151","OID20243",9,-1.78926750022654,6.95999694935435,-6.95999694935435,"cell adhesion | anatomical structure morphogenesis | system development | vasculature development | circulatory system development | angiogenesis | blood vessel morphogenesis | blood vessel development | anatomical structure formation involved in morphogenesis"
"P16860","OID20049",9,-1.78119024359875,6.91149481655409,-6.91149481655409,"anatomical structure morphogenesis | system development | vasculature development | animal organ development | circulatory system development | angiogenesis | blood vessel morphogenesis | blood vessel development | anatomical structure formation involved in morphogenesis"
"Q12884","OID20330",9,-1.78926750022654,6.67803683875475,-6.67803683875475,"cell adhesion | anatomical structure morphogenesis | system development | vasculature development | circulatory system development | angiogenesis | blood vessel morphogenesis | blood vessel development | anatomical structure formation involved in morphogenesis"
"O95971","OID20647",9,-1.78926750022654,6.25532913077991,-6.25532913077991,"cell adhesion | anatomical structure morphogenesis | system development | vasculature development | circulatory system development | angiogenesis | blood vessel morphogenesis | blood vessel development | anatomical structure formation involved in morphogenesis"
"P04626","OID21520",9,-1.78926750022654,5.86849340251866,-5.86849340251866,"cell adhesion | anatomical structure morphogenesis | system development | vasculature development | circulatory system development | angiogenesis | blood vessel morphogenesis | blood vessel development | anatomical structure formation involved in morphogenesis"
"O15123","OID21463",9,-1.78119024359875,5.63325841568532,-5.63325841568532,"anatomical structure morphogenesis | system development | vasculature development | animal organ development | circulatory system development | angiogenesis | blood vessel morphogenesis | blood vessel development | anatomical structure formation involved in morphogenesis"
"P09619","OID20268",9,-1.78119024359875,5.49149870497418,-5.49149870497418,"anatomical structure morphogenesis | system development | vasculature development | animal organ development | circulatory system development | angiogenesis | blood vessel morphogenesis | blood vessel development | anatomical structure formation involved in morphogenesis"
"Q9UBU3","OID20175",9,-1.78119024359875,5.02436044788424,-5.02436044788424,"anatomical structure morphogenesis | system development | vasculature development | animal organ development | circulatory system development | angiogenesis | blood vessel morphogenesis | blood vessel development | anatomical structure formation involved in morphogenesis"
"P02462","OID20208",9,-1.78119024359875,4.98379016084157,-4.98379016084157,"anatomical structure morphogenesis | system development | vasculature development | animal organ development | circulatory system development | angiogenesis | blood vessel morphogenesis | blood vessel development | anatomical structure formation involved in morphogenesis"
"P21709","OID20677",9,-1.78926750022654,4.9271278476225,-4.9271278476225,"cell adhesion | anatomical structure morphogenesis | system development | vasculature development | circulatory system development | angiogenesis | blood vessel morphogenesis | blood vessel development | anatomical structure formation involved in morphogenesis"
"Q16270","OID20236",9,-1.78926750022654,4.60472155556648,-4.60472155556648,"cell adhesion | anatomical structure morphogenesis | system development | vasculature development | circulatory system development | angiogenesis | blood vessel morphogenesis | blood vessel development | anatomical structure formation involved in morphogenesis"
"P23582","OID20568",9,-1.78119024359875,4.37001974945235,-4.37001974945235,"anatomical structure morphogenesis | system development | vasculature development | animal organ development | circulatory system development | angiogenesis | blood vessel morphogenesis | blood vessel development | anatomical structure formation involved in morphogenesis"
"P35442","OID21104",9,-1.78926750022654,4.2873481361052,-4.2873481361052,"cell adhesion | anatomical structure morphogenesis | system development | vasculature development | circulatory system development | angiogenesis | blood vessel morphogenesis | blood vessel development | anatomical structure formation involved in morphogenesis"
"P08648","OID21139",9,-1.78926750022654,4.24486826823183,-4.24486826823183,"cell adhesion | anatomical structure morphogenesis | system development | vasculature development | circulatory system development | angiogenesis | blood vessel morphogenesis | blood vessel development | anatomical structure formation involved in morphogenesis"
"Q9NP84","OID21482",9,-1.78926750022654,4.23048852995828,-4.23048852995828,"cell adhesion | anatomical structure morphogenesis | system development | vasculature development | circulatory system development | angiogenesis | blood vessel morphogenesis | blood vessel development | anatomical structure formation involved in morphogenesis"
"P05107","OID20315",9,-1.78926750022654,4.14304051009773,-4.14304051009773,"cell adhesion | anatomical structure morphogenesis | system development | vasculature development | circulatory system development | angiogenesis | blood vessel morphogenesis | blood vessel development | anatomical structure formation involved in morphogenesis"
"P21802","OID21478",9,-1.78119024359875,3.88113271722818,-3.88113271722818,"anatomical structure morphogenesis | system development | vasculature development | animal organ development | circulatory system development | angiogenesis | blood vessel morphogenesis | blood vessel development | anatomical structure formation involved in morphogenesis"
"Q9UK05","OID20202",9,-1.78119024359875,3.77449029585196,-3.77449029585196,"anatomical structure morphogenesis | system development | vasculature development | animal organ development | circulatory system development | angiogenesis | blood vessel morphogenesis | blood vessel development | anatomical structure formation involved in morphogenesis"
"O14944","OID20905",9,-1.78119024359875,3.61796892045157,-3.61796892045157,"anatomical structure morphogenesis | system development | vasculature development | animal organ development | circulatory system development | angiogenesis | blood vessel morphogenesis | blood vessel development | anatomical structure formation involved in morphogenesis"
"Q9Y5C1","OID20407",9,-1.78926750022654,3.48246218760067,-3.48246218760067,"cell adhesion | anatomical structure morphogenesis | system development | vasculature development | circulatory system development | angiogenesis | blood vessel morphogenesis | blood vessel development | anatomical structure formation involved in morphogenesis"
"P01236","OID21033",9,-1.78119024359875,3.40543671458326,-3.40543671458326,"anatomical structure morphogenesis | system development | vasculature development | animal organ development | circulatory system development | angiogenesis | blood vessel morphogenesis | blood vessel development | anatomical structure formation involved in morphogenesis"
"Q9UM47","OID20253",9,-1.78119024359875,3.26235344299799,-3.26235344299799,"anatomical structure morphogenesis | system development | vasculature development | animal organ development | circulatory system development | angiogenesis | blood vessel morphogenesis | blood vessel development | anatomical structure formation involved in morphogenesis"
"P19971","OID20234",8,2.07573033330509,12.1032527972381,12.1032527972381,"catabolic process | small molecule metabolic process | organophosphate metabolic process | carbohydrate derivative metabolic process | nucleoside phosphate metabolic process | nucleotide metabolic process | nucleobase-containing small molecule metabolic process | nucleobase-containing compound catabolic process"
"O75356","OID20104",8,2.07573033330509,9.58099759560054,9.58099759560054,"catabolic process | small molecule metabolic process | organophosphate metabolic process | carbohydrate derivative metabolic process | nucleoside phosphate metabolic process | nucleotide metabolic process | nucleobase-containing small molecule metabolic process | nucleobase-containing compound catabolic process"
"O00175","OID20772",8,-1.78121673144346,8.2607624901256,-8.2607624901256,"anatomical structure morphogenesis | system development | vasculature development | circulatory system development | angiogenesis | blood vessel morphogenesis | blood vessel development | anatomical structure formation involved in morphogenesis"
"P09467","OID20227",8,2.07573033330509,7.14073376601889,7.14073376601889,"catabolic process | small molecule metabolic process | organophosphate metabolic process | carbohydrate derivative metabolic process | nucleoside phosphate metabolic process | nucleotide metabolic process | nucleobase-containing small molecule metabolic process | nucleobase-containing compound catabolic process"
"Q9HCK4","OID21007",8,-1.79113614307165,6.97622877331884,-6.97622877331884,"cell adhesion | anatomical structure morphogenesis | system development | vasculature development | animal organ development | circulatory system development | blood vessel development | anatomical structure formation involved in morphogenesis"
"P02749","OID21072",8,-1.78121673144346,6.02403833560993,-6.02403833560993,"anatomical structure morphogenesis | system development | vasculature development | circulatory system development | angiogenesis | blood vessel morphogenesis | blood vessel development | anatomical structure formation involved in morphogenesis"
"Q9H773","OID20148",8,2.07573033330509,5.4787498037154,5.4787498037154,"catabolic process | small molecule metabolic process | organophosphate metabolic process | carbohydrate derivative metabolic process | nucleoside phosphate metabolic process | nucleotide metabolic process | nucleobase-containing small molecule metabolic process | nucleobase-containing compound catabolic process"
"O60242","OID20974",8,-1.78121673144346,5.13222005662944,-5.13222005662944,"anatomical structure morphogenesis | system development | vasculature development | circulatory system development | angiogenesis | blood vessel morphogenesis | blood vessel development | anatomical structure formation involved in morphogenesis"
"Q8IUK5","OID21258",8,-1.78121673144346,5.06715187552943,-5.06715187552943,"anatomical structure morphogenesis | system development | vasculature development | circulatory system development | angiogenesis | blood vessel morphogenesis | blood vessel development | anatomical structure formation involved in morphogenesis"
"Q14512","OID21507",8,-1.78121673144346,4.93667426953613,-4.93667426953613,"anatomical structure morphogenesis | system development | vasculature development | circulatory system development | angiogenesis | blood vessel morphogenesis | blood vessel development | anatomical structure formation involved in morphogenesis"
"Q86T13","OID21090",8,-1.78121673144346,4.86768472061645,-4.86768472061645,"anatomical structure morphogenesis | system development | vasculature development | circulatory system development | angiogenesis | blood vessel morphogenesis | blood vessel development | anatomical structure formation involved in morphogenesis"
"P21589","OID21498",8,2.07573033330509,4.86352520974635,4.86352520974635,"catabolic process | small molecule metabolic process | organophosphate metabolic process | carbohydrate derivative metabolic process | nucleoside phosphate metabolic process | nucleotide metabolic process | nucleobase-containing small molecule metabolic process | nucleobase-containing compound catabolic process"
"O43508","OID20624",8,-1.78121673144346,4.71149046881674,-4.71149046881674,"anatomical structure morphogenesis | system development | vasculature development | circulatory system development | angiogenesis | blood vessel morphogenesis | blood vessel development | anatomical structure formation involved in morphogenesis"
"O43915","OID20662",8,-1.78121673144346,4.63095742637358,-4.63095742637358,"anatomical structure morphogenesis | system development | vasculature development | circulatory system development | angiogenesis | blood vessel morphogenesis | blood vessel development | anatomical structure formation involved in morphogenesis"
"Q9H3U7","OID20730",8,-1.78121673144346,4.51723671813497,-4.51723671813497,"anatomical structure morphogenesis | system development | vasculature development | circulatory system development | angiogenesis | blood vessel morphogenesis | blood vessel development | anatomical structure formation involved in morphogenesis"
"P00813","OID20645",8,2.07573033330509,3.96406576086133,3.96406576086133,"catabolic process | small molecule metabolic process | organophosphate metabolic process | carbohydrate derivative metabolic process | nucleoside phosphate metabolic process | nucleotide metabolic process | nucleobase-containing small molecule metabolic process | nucleobase-containing compound catabolic process"
"O14558","OID21408",8,-1.78121673144346,3.82969186555791,-3.82969186555791,"anatomical structure morphogenesis | system development | vasculature development | circulatory system development | angiogenesis | blood vessel morphogenesis | blood vessel development | anatomical structure formation involved in morphogenesis"
"P35318","OID21467",8,-1.78121673144346,3.69230303777457,-3.69230303777457,"anatomical structure morphogenesis | system development | vasculature development | circulatory system development | angiogenesis | blood vessel morphogenesis | blood vessel development | anatomical structure formation involved in morphogenesis"
"P13521","OID21400",8,-1.78121673144346,3.61470431164747,-3.61470431164747,"anatomical structure morphogenesis | system development | vasculature development | circulatory system development | angiogenesis | blood vessel morphogenesis | blood vessel development | anatomical structure formation involved in morphogenesis"
"P06733","OID21037",8,2.07573033330509,3.57440741903417,3.57440741903417,"catabolic process | small molecule metabolic process | organophosphate metabolic process | carbohydrate derivative metabolic process | nucleoside phosphate metabolic process | nucleotide metabolic process | nucleobase-containing small molecule metabolic process | nucleobase-containing compound catabolic process"
"P15328","OID21529",8,-1.78104690309167,3.57107711097675,-3.57107711097675,"anatomical structure morphogenesis | system development | vasculature development | animal organ development | circulatory system development | blood vessel morphogenesis | blood vessel development | anatomical structure formation involved in morphogenesis"
"B1AKI9","OID20538",8,-1.78121673144346,3.31765953231565,-3.31765953231565,"anatomical structure morphogenesis | system development | vasculature development | circulatory system development | angiogenesis | blood vessel morphogenesis | blood vessel development | anatomical structure formation involved in morphogenesis"
"Q9BY76","OID20703",8,-1.78121673144346,3.11600484467924,-3.11600484467924,"anatomical structure morphogenesis | system development | vasculature development | circulatory system development | angiogenesis | blood vessel morphogenesis | blood vessel development | anatomical structure formation involved in morphogenesis"
"P48023","OID20665",8,-1.78121673144346,3.08313844996858,-3.08313844996858,"anatomical structure morphogenesis | system development | vasculature development | circulatory system development | angiogenesis | blood vessel morphogenesis | blood vessel development | anatomical structure formation involved in morphogenesis"
"Q9NQ38","OID21148",8,-1.77283617561735,2.98114497291081,-2.98114497291081,"system development | vasculature development | animal organ development | circulatory system development | angiogenesis | blood vessel morphogenesis | blood vessel development | anatomical structure formation involved in morphogenesis"
"P34896","OID20714",7,2.07512489454278,5.18275569062277,5.18275569062277,"catabolic process | small molecule metabolic process | organophosphate metabolic process | carbohydrate derivative metabolic process | nucleoside phosphate metabolic process | nucleotide metabolic process | nucleobase-containing small molecule metabolic process"
"O95544","OID20178",6,2.09921773118808,14.1292015697534,14.1292015697534,"small molecule metabolic process | organophosphate metabolic process | carbohydrate derivative metabolic process | nucleoside phosphate metabolic process | nucleotide metabolic process | nucleobase-containing small molecule metabolic process"
"P31350","OID21187",6,2.09921773118808,9.8862632397509,9.8862632397509,"small molecule metabolic process | organophosphate metabolic process | carbohydrate derivative metabolic process | nucleoside phosphate metabolic process | nucleotide metabolic process | nucleobase-containing small molecule metabolic process"
"Q92484","OID20676",6,2.07745984983606,5.68323688523939,5.68323688523939,"catabolic process | small molecule metabolic process | organophosphate metabolic process | nucleoside phosphate metabolic process | nucleobase-containing small molecule metabolic process | nucleobase-containing compound catabolic process"
"Q7LG56","OID21174",6,2.09921773118808,4.81348215519544,4.81348215519544,"small molecule metabolic process | organophosphate metabolic process | carbohydrate derivative metabolic process | nucleoside phosphate metabolic process | nucleotide metabolic process | nucleobase-containing small molecule metabolic process"
"Q16719","OID20669",6,2.09020390144627,4.6802559696959,4.6802559696959,"catabolic process | small molecule metabolic process | organophosphate metabolic process | nucleoside phosphate metabolic process | nucleotide metabolic process | nucleobase-containing small molecule metabolic process"
"P62736","OID20079",6,-1.78747783333146,4.58780577909265,-4.58780577909265,"anatomical structure morphogenesis | system development | vasculature development | animal organ development | circulatory system development | blood vessel development"
"P10721","OID20370",6,-1.80110394034435,4.57472325313938,-4.57472325313938,"cell adhesion | anatomical structure morphogenesis | system development | vasculature development | animal organ development | circulatory system development"
"P02452","OID20335",6,-1.78747783333146,4.49682140316631,-4.49682140316631,"anatomical structure morphogenesis | system development | vasculature development | animal organ development | circulatory system development | blood vessel development"
"P41586","OID21188",6,2.09921773118808,4.05003597925345,4.05003597925345,"small molecule metabolic process | organophosphate metabolic process | carbohydrate derivative metabolic process | nucleoside phosphate metabolic process | nucleotide metabolic process | nucleobase-containing small molecule metabolic process"
"P09874","OID20500",6,2.09921773118808,3.74157321650091,3.74157321650091,"small molecule metabolic process | organophosphate metabolic process | carbohydrate derivative metabolic process | nucleoside phosphate metabolic process | nucleotide metabolic process | nucleobase-containing small molecule metabolic process"
"P16284","OID21131",6,-1.78841964383832,2.92154651445503,-2.92154651445503,"cell adhesion | system development | vasculature development | animal organ development | circulatory system development | blood vessel development"
"O43155","OID20946",5,-1.79634414340143,8.69786012907057,-8.69786012907057,"cell adhesion | anatomical structure morphogenesis | system development | animal organ development | circulatory system development"
"Q12860","OID20307",5,-1.79166168654528,6.12369443398093,-6.12369443398093,"cell adhesion | anatomical structure morphogenesis | system development | animal organ development | anatomical structure formation involved in morphogenesis"
"P16278","OID20949",5,1.94671941546381,5.04026253387245,5.04026253387245,"catabolic process | small molecule metabolic process | carbohydrate derivative metabolic process | protein catabolic process | macromolecule catabolic process"
"P43490","OID21227",5,2.12213110680134,5.02511441207671,5.02511441207671,"small molecule metabolic process | organophosphate metabolic process | nucleoside phosphate metabolic process | nucleotide metabolic process | nucleobase-containing small molecule metabolic process"
"Q8NBZ7","OID21189",5,2.08777473456519,3.44505803604144,3.44505803604144,"small molecule metabolic process | organophosphate metabolic process | carbohydrate derivative metabolic process | nucleoside phosphate metabolic process | nucleobase-containing small molecule metabolic process"
"P49747","OID20405",4,-1.80193998465829,10.5504681525752,-10.5504681525752,"cell adhesion | anatomical structure morphogenesis | system development | animal organ development"
"Q8IWV2","OID21117",4,-1.80193998465829,8.0808427316484,-8.0808427316484,"cell adhesion | anatomical structure morphogenesis | system development | animal organ development"
"O43827","OID21412",4,-1.77623180103123,6.05019987648683,-6.05019987648683,"system development | vasculature development | animal organ development | circulatory system development"
"P13688","OID21528",4,1.93723655604931,5.91618772455958,5.91618772455958,"catabolic process | small molecule metabolic process | protein catabolic process | macromolecule catabolic process"
"Q8NBP7","OID20235",4,1.93723655604931,5.78433553413356,5.78433553413356,"catabolic process | small molecule metabolic process | protein catabolic process | macromolecule catabolic process"
"Q00796","OID21453",4,2.01663919537348,5.33989437962113,5.33989437962113,"catabolic process | small molecule metabolic process | organophosphate metabolic process | carbohydrate derivative metabolic process"
"P12830","OID20353",4,-1.80193998465829,4.83870788885727,-4.83870788885727,"cell adhesion | anatomical structure morphogenesis | system development | animal organ development"
"Q99717","OID21353",4,-1.78201176662898,4.82630997222269,-4.82630997222269,"anatomical structure morphogenesis | system development | animal organ development | circulatory system development"
"P15848","OID21331",4,1.93390149714855,4.71463911138309,4.71463911138309,"catabolic process | carbohydrate derivative metabolic process | protein catabolic process | macromolecule catabolic process"
"P18564","OID20493",4,-1.80830581821888,4.68484848519217,-4.68484848519217,"cell adhesion | anatomical structure morphogenesis | animal organ development | anatomical structure formation involved in morphogenesis"
"Q12864","OID20134",4,-1.80193998465829,4.5781026129001,-4.5781026129001,"cell adhesion | anatomical structure morphogenesis | system development | animal organ development"
"O94779","OID21006",4,-1.80193998465829,4.28764482386469,-4.28764482386469,"cell adhesion | anatomical structure morphogenesis | system development | animal organ development"
"Q14508","OID21505",4,-1.77623180103123,4.18871283555539,-4.18871283555539,"system development | vasculature development | animal organ development | circulatory system development"
"Q7Z4W1","OID21480",4,2.01663919537348,4.11521085893052,4.11521085893052,"catabolic process | small molecule metabolic process | organophosphate metabolic process | carbohydrate derivative metabolic process"
"Q08345","OID21009",4,-1.80193998465829,3.69909337803067,-3.69909337803067,"cell adhesion | anatomical structure morphogenesis | system development | animal organ development"
"Q9UHC6","OID20556",4,-1.80193998465829,3.66571412704432,-3.66571412704432,"cell adhesion | anatomical structure morphogenesis | system development | animal organ development"
"Q96CD2","OID21027",4,2.11355570492604,3.65051300199223,3.65051300199223,"small molecule metabolic process | organophosphate metabolic process | nucleoside phosphate metabolic process | nucleobase-containing small molecule metabolic process"
"P05937","OID21306",4,-1.7761586955588,3.56941462679376,-3.56941462679376,"anatomical structure morphogenesis | system development | animal organ development | anatomical structure formation involved in morphogenesis"
"P35052","OID21438",4,-1.7761586955588,3.4650702102704,-3.4650702102704,"anatomical structure morphogenesis | system development | animal organ development | anatomical structure formation involved in morphogenesis"
"P22004","OID20111",4,-1.78342448238929,3.1985810895569,-3.1985810895569,"cell adhesion | system development | animal organ development | circulatory system development"
"Q9HCN6","OID21091",4,-1.79440562844375,2.9416762218453,-2.9416762218453,"cell adhesion | system development | vasculature development | circulatory system development"
"P20851","OID21481",3,1.91698504515746,14.7071366513125,14.7071366513125,"catabolic process | protein catabolic process | macromolecule catabolic process"
"Q4KMG0","OID20754",3,-1.78657905039439,12.216602328919,-12.216602328919,"cell adhesion | system development | animal organ development"
"Q9BWV1","OID20116",3,-1.80892719926402,10.8593968856439,-10.8593968856439,"cell adhesion | anatomical structure morphogenesis | system development"
"O14773","OID20750",3,1.91698504515746,10.6503038859215,10.6503038859215,"catabolic process | protein catabolic process | macromolecule catabolic process"
"P10144","OID20604",3,1.91698504515746,10.5720694432236,10.5720694432236,"catabolic process | protein catabolic process | macromolecule catabolic process"
"Q99538","OID20773",3,1.91698504515746,10.0886761433417,10.0886761433417,"catabolic process | protein catabolic process | macromolecule catabolic process"
"P09958","OID21514",3,1.91698504515746,9.715771230116,9.715771230116,"catabolic process | protein catabolic process | macromolecule catabolic process"
"Q9UQV4","OID20638",3,1.91698504515746,9.18334374882524,9.18334374882524,"catabolic process | protein catabolic process | macromolecule catabolic process"
"Q13361","OID20239",3,-1.78469542938066,8.75438977070456,-8.75438977070456,"anatomical structure morphogenesis | system development | animal organ development"
"P17405","OID21028",3,2.02285523092303,7.99610189060309,7.99610189060309,"catabolic process | organophosphate metabolic process | carbohydrate derivative metabolic process"
"Q13332","OID20306",3,-1.80892719926402,7.72487790462016,-7.72487790462016,"cell adhesion | anatomical structure morphogenesis | system development"
"Q92832","OID21494",3,1.91698504515746,6.81581189591156,6.81581189591156,"catabolic process | protein catabolic process | macromolecule catabolic process"
"Q9UL46","OID20989",3,1.91698504515746,6.66786318987345,6.66786318987345,"catabolic process | protein catabolic process | macromolecule catabolic process"
"P43234","OID20660",3,1.91698504515746,6.39051310201438,6.39051310201438,"catabolic process | protein catabolic process | macromolecule catabolic process"
"P19474","OID20533",3,1.91698504515746,6.38534772676743,6.38534772676743,"catabolic process | protein catabolic process | macromolecule catabolic process"
"Q9Y5K2","OID21391",3,-1.79318320746144,6.36688975594688,-6.36688975594688,"anatomical structure morphogenesis | animal organ development | anatomical structure formation involved in morphogenesis"
"P09668","OID20113",3,1.91698504515746,6.35581925354662,6.35581925354662,"catabolic process | protein catabolic process | macromolecule catabolic process"
"Q06323","OID20969",3,1.91698504515746,6.29833990292236,6.29833990292236,"catabolic process | protein catabolic process | macromolecule catabolic process"
"Q8NFP4","OID20951",3,-1.78657905039439,6.21553243912832,-6.21553243912832,"cell adhesion | system development | animal organ development"
"Q16288","OID21057",3,-1.76000809302198,6.1562016767798,-6.1562016767798,"system development | animal organ development | circulatory system development"
"P22223","OID21008",3,-1.8275582595941,6.10987101569559,-6.10987101569559,"cell adhesion | anatomical structure morphogenesis | animal organ development"
"Q12805","OID20414",3,-1.78469542938066,6.06028533376678,-6.06028533376678,"anatomical structure morphogenesis | system development | animal organ development"
"P15311","OID21017",3,1.91698504515746,5.64261481978391,5.64261481978391,"catabolic process | protein catabolic process | macromolecule catabolic process"
"P53634","OID20679",3,1.91698504515746,5.61085487928516,5.61085487928516,"catabolic process | protein catabolic process | macromolecule catabolic process"
"P45452","OID20807",3,-1.78469542938066,5.52672195208912,-5.52672195208912,"anatomical structure morphogenesis | system development | animal organ development"
"Q16620","OID20136",3,-1.78469542938066,5.40548089987011,-5.40548089987011,"anatomical structure morphogenesis | system development | animal organ development"
"Q06418","OID20161",3,-1.78657905039439,5.36907092015606,-5.36907092015606,"cell adhesion | system development | animal organ development"
"P32004","OID21484",3,-1.80892719926402,5.27690758239557,-5.27690758239557,"cell adhesion | anatomical structure morphogenesis | system development"
"O43464","OID21471",3,1.91698504515746,4.89401313940154,4.89401313940154,"catabolic process | protein catabolic process | macromolecule catabolic process"
"Q86SJ2","OID21370",3,-1.78657905039439,4.82790107978317,-4.82790107978317,"cell adhesion | system development | animal organ development"
"Q13740","OID20273",3,-1.80892719926402,4.79428882232677,-4.79428882232677,"cell adhesion | anatomical structure morphogenesis | system development"
"P35247","OID20214",3,-1.78657905039439,4.69259693565883,-4.69259693565883,"cell adhesion | system development | animal organ development"
"P45984","OID20557",3,1.91698504515746,4.5209359754487,4.5209359754487,"catabolic process | protein catabolic process | macromolecule catabolic process"
"P06748","OID20961",3,1.96052950217046,4.51961420338449,4.51961420338449,"catabolic process | macromolecule catabolic process | nucleobase-containing compound catabolic process"
"Q53H47","OID20948",3,1.96052950217046,4.45830523187038,4.45830523187038,"catabolic process | macromolecule catabolic process | nucleobase-containing compound catabolic process"
"Q969Z4","OID21142",3,-1.79318320746144,4.34430524018694,-4.34430524018694,"anatomical structure morphogenesis | animal organ development | anatomical structure formation involved in morphogenesis"
"P00533","OID20319",3,1.91698504515746,4.32158870905545,4.32158870905545,"catabolic process | protein catabolic process | macromolecule catabolic process"
"Q8NCC3","OID21473",3,2.02730197612403,4.24550729480589,4.24550729480589,"catabolic process | small molecule metabolic process | organophosphate metabolic process"
"P35637","OID21256",3,1.96052950217046,4.16880604353025,4.16880604353025,"catabolic process | macromolecule catabolic process | nucleobase-containing compound catabolic process"
"P13473","OID21035",3,1.91698504515746,4.13745321993218,4.13745321993218,"catabolic process | protein catabolic process | macromolecule catabolic process"
"O95388","OID21444",3,-1.78657905039439,4.12455517582469,-4.12455517582469,"cell adhesion | system development | animal organ development"
"P00352","OID21128",3,1.9710699388392,4.03223317602903,4.03223317602903,"catabolic process | small molecule metabolic process | carbohydrate derivative metabolic process"
"Q8NBI3","OID20917",3,-1.78469542938066,3.97156592822286,-3.97156592822286,"anatomical structure morphogenesis | system development | animal organ development"
"P12544","OID20663",3,1.91698504515746,3.97153063593525,3.97153063593525,"catabolic process | protein catabolic process | macromolecule catabolic process"
"P01303","OID21388",3,-1.78657905039439,3.96221657668416,-3.96221657668416,"cell adhesion | system development | animal organ development"
"P21583","OID20196",3,-1.78657905039439,3.84285636064276,-3.84285636064276,"cell adhesion | system development | animal organ development"
"P16422","OID20743",3,-1.78657905039439,3.7070190616462,-3.7070190616462,"cell adhesion | system development | animal organ development"
"P04066","OID20261",3,1.9710699388392,3.68104275733915,3.68104275733915,"catabolic process | small molecule metabolic process | carbohydrate derivative metabolic process"
"Q15517","OID20667",3,-1.8275582595941,3.63869884804306,-3.63869884804306,"cell adhesion | anatomical structure morphogenesis | animal organ development"
"Q02246","OID21426",3,-1.80892719926402,3.57224256361149,-3.57224256361149,"cell adhesion | anatomical structure morphogenesis | system development"
"O14904","OID20460",3,-1.78469542938066,3.40379690406885,-3.40379690406885,"anatomical structure morphogenesis | system development | animal organ development"
"P18084","OID21522",3,-1.8174149773448,3.22816765327682,-3.22816765327682,"cell adhesion | anatomical structure morphogenesis | anatomical structure formation involved in morphogenesis"
"P19438","OID21155",3,-1.76000809302198,2.87560572311813,-2.87560572311813,"system development | animal organ development | circulatory system development"
"P22105","OID21107",2,-1.78937940517103,9.55961565114896,-9.55961565114896,"cell adhesion | system development"
"Q9H4D0","OID20664",2,-1.78937940517103,9.40173943151263,-9.40173943151263,"cell adhesion | system development"
"P55285","OID20157",2,-1.8508482189706,8.89234806438759,-8.89234806438759,"cell adhesion | anatomical structure morphogenesis"
"Q96KG7","OID20746",2,-1.81732599566616,8.37101850505051,-8.37101850505051,"cell adhesion | animal organ development"
"Q9UMF0","OID20145",2,-1.78937940517103,8.06709644984207,-8.06709644984207,"cell adhesion | system development"
"P39900","OID21439",2,-1.8508482189706,7.96302931737763,-7.96302931737763,"cell adhesion | anatomical structure morphogenesis"
"P15907","OID20302",2,1.99132097092333,7.84877103896662,7.84877103896662,"small molecule metabolic process | carbohydrate derivative metabolic process"
"O60259","OID21517",2,-1.78655397365043,7.78625020020305,-7.78625020020305,"anatomical structure morphogenesis | system development"
"O60609","OID20933",2,-1.78655397365043,7.50999125463663,-7.50999125463663,"anatomical structure morphogenesis | system development"
"P20849","OID20550",2,-1.81450056414555,7.1945725988196,-7.1945725988196,"anatomical structure morphogenesis | animal organ development"
"O75509","OID21052",2,-1.78937940517103,6.98740739075159,-6.98740739075159,"cell adhesion | system development"
"P57087","OID21064",2,-1.78937940517103,6.95281237235602,-6.95281237235602,"cell adhesion | system development"
"Q11201","OID21322",2,1.99132097092333,6.9336203995468,6.9336203995468,"small molecule metabolic process | carbohydrate derivative metabolic process"
"Q2VWP7","OID21443",2,-1.78937940517103,6.60810795338098,-6.60810795338098,"cell adhesion | system development"
"P12111","OID20292",2,-1.81732599566616,6.55478753542385,-6.55478753542385,"cell adhesion | animal organ development"
"Q9P0K1","OID21001",2,-1.78937940517103,6.52822879066226,-6.52822879066226,"cell adhesion | system development"
"Q9UKX5","OID20581",2,-1.81732599566616,6.49608786168923,-6.49608786168923,"cell adhesion | animal organ development"
"O75077","OID20651",2,-1.78937940517103,6.33177213123595,-6.33177213123595,"cell adhesion | system development"
"P20774","OID21123",2,-1.75303175034599,6.18877382062777,-6.18877382062777,"system development | animal organ development"
"Q16653","OID21384",2,-1.78937940517103,6.00725028367607,-6.00725028367607,"cell adhesion | system development"
"Q9NPH3","OID21126",2,-1.78937940517103,5.97112288341666,-5.97112288341666,"cell adhesion | system development"
"Q9GZV9","OID21411",2,-1.75303175034599,5.62560851847717,-5.62560851847717,"system development | animal organ development"
"Q96B86","OID21065",2,-1.78655397365043,5.51382550933122,-5.51382550933122,"anatomical structure morphogenesis | system development"
"P14555","OID20274",2,2.04195741982363,5.35868935182619,5.35868935182619,"catabolic process | organophosphate metabolic process"
"O00533","OID20366",2,-1.78937940517103,5.28481246825281,-5.28481246825281,"cell adhesion | system development"
"P41271","OID21486",2,-1.78655397365043,5.26703621422589,-5.26703621422589,"anatomical structure morphogenesis | system development"
"P11717","OID21146",2,-1.75303175034599,4.98876592780659,-4.98876592780659,"system development | animal organ development"
"O00622","OID21368",2,-1.81732599566616,4.96101855035174,-4.96101855035174,"cell adhesion | animal organ development"
"Q13867","OID20336",2,1.9642794816979,4.94858541477943,4.94858541477943,"catabolic process | small molecule metabolic process"
"Q6WN34","OID20223",2,-1.75303175034599,4.6944236163694,-4.6944236163694,"system development | animal organ development"
"P01241","OID20220",2,-1.75303175034599,4.68852923586237,-4.68852923586237,"system development | animal organ development"
"Q13145","OID21267",2,-1.81450056414555,4.47776284464619,-4.47776284464619,"anatomical structure morphogenesis | animal organ development"
"Q96I15","OID21425",2,1.9642794816979,4.4090298691078,4.4090298691078,"catabolic process | small molecule metabolic process"
"Q16363","OID20769",2,-1.78937940517103,4.40494973643515,-4.40494973643515,"cell adhesion | system development"
"O43291","OID20720",2,-1.8508482189706,4.25153684429497,-4.25153684429497,"cell adhesion | anatomical structure morphogenesis"
"Q6UXD5","OID21289",2,-1.75303175034599,4.24293291780296,-4.24293291780296,"system development | animal organ development"
"P01215","OID21069",2,-1.75303175034599,4.18651688852221,-4.18651688852221,"system development | animal organ development"
"P29218","OID20907",2,2.07566902685058,4.04520423338198,4.04520423338198,"small molecule metabolic process | organophosphate metabolic process"
"P23141","OID20244",2,1.9642794816979,4.0193367046469,4.0193367046469,"catabolic process | small molecule metabolic process"
"Q14162","OID20297",2,-1.78937940517103,3.91668341470393,-3.91668341470393,"cell adhesion | system development"
"Q8TE58","OID21275",2,-1.79928564077161,3.89729363090039,-3.89729363090039,"anatomical structure morphogenesis | anatomical structure formation involved in morphogenesis"
"Q92956","OID20783",2,-1.78937940517103,3.89245965518582,-3.89245965518582,"cell adhesion | system development"
"Q9Y6Q6","OID20646",2,-1.75303175034599,3.88795688080976,-3.88795688080976,"system development | animal organ development"
"P36941","OID20768",2,-1.75303175034599,3.86672786952175,-3.86672786952175,"system development | animal organ development"
"Q15818","OID21074",2,-1.78655397365043,3.86372689418962,-3.86372689418962,"anatomical structure morphogenesis | system development"
"P55291","OID21005",2,-1.8508482189706,3.8395198325998,-3.8395198325998,"cell adhesion | anatomical structure morphogenesis"
"P08319","OID20117",2,1.9642794816979,3.6563116109904,3.6563116109904,"catabolic process | small molecule metabolic process"
"Q9BYH1","OID21488",2,-1.75303175034599,3.60151563539925,-3.60151563539925,"system development | animal organ development"
"P41159","OID20187",2,1.9642794816979,3.57219301174491,3.57219301174491,"catabolic process | small molecule metabolic process"
"O15197","OID20982",2,-1.78655397365043,3.5538557762115,-3.5538557762115,"anatomical structure morphogenesis | system development"
"P19440","OID21075",2,1.9642794816979,3.39278808324074,3.39278808324074,"catabolic process | small molecule metabolic process"
"P22079","OID20963",2,1.9642794816979,3.33018492137094,3.33018492137094,"catabolic process | small molecule metabolic process"
"P52798","OID20935",2,-1.78655397365043,3.24217299775487,-3.24217299775487,"anatomical structure morphogenesis | system development"
"Q969P0","OID20167",2,-1.75303175034599,3.15026669882417,-3.15026669882417,"system development | animal organ development"
"P01375","OID20848",2,1.9642794816979,3.13476110169608,3.13476110169608,"catabolic process | small molecule metabolic process"
"Q06141","OID20258",2,-1.81732599566616,3.09547899243602,-3.09547899243602,"cell adhesion | animal organ development"
"P40189","OID20147",2,-1.78937940517103,3.03697414663037,-3.03697414663037,"cell adhesion | system development"
"P09110","OID21269",2,1.9642794816979,3.03118242194383,3.03118242194383,"catabolic process | small molecule metabolic process"
"P01588","OID20522",2,-1.78937940517103,2.97145777086488,-2.97145777086488,"cell adhesion | system development"
"Q9UBM4","OID21362",2,-1.75303175034599,2.86684784709363,-2.86684784709363,"system development | animal organ development"
"Q8TCT1","OID20922",2,-1.75303175034599,2.83936584036546,-2.83936584036546,"system development | animal organ development"
"P07196","OID20871",2,-1.75303175034599,2.82208231542232,-2.82208231542232,"system development | animal organ development"
"P09960","OID21452",2,1.9642794816979,2.80967620327353,2.80967620327353,"catabolic process | small molecule metabolic process"
"P08263","OID20166",2,1.9642794816979,2.80354773136752,2.80354773136752,"catabolic process | small molecule metabolic process"
"Q9NQ76","OID20753",2,-1.75303175034599,2.79887505925267,-2.79887505925267,"system development | animal organ development"
"Q6GTS8","OID20149",2,1.9642794816979,2.77399212010553,2.77399212010553,"catabolic process | small molecule metabolic process"
"Q9H477","OID20986",2,1.9642794816979,2.77349193520989,2.77349193520989,"catabolic process | small molecule metabolic process"
"P05231","OID20911",2,2.00526813965611,2.74901615322299,2.74901615322299,"catabolic process | nucleobase-containing compound catabolic process"
"Q8TCS8","OID20445",2,2.00526813965611,2.72830726113994,2.72830726113994,"catabolic process | nucleobase-containing compound catabolic process"
"P21549","OID20139",2,1.9642794816979,2.693170185324,2.693170185324,"catabolic process | small molecule metabolic process"
"P34913","OID20119",2,1.9642794816979,2.65008773268757,2.65008773268757,"catabolic process | small molecule metabolic process"
"Q06787","OID21233",2,2.00526813965611,2.41676428477177,2.41676428477177,"catabolic process | nucleobase-containing compound catabolic process"
"Q9UKK9","OID21115",2,2.00526813965611,2.35169910343019,2.35169910343019,"catabolic process | nucleobase-containing compound catabolic process"
"Q01973","OID20224",1,-1.78097834084111,11.701736973759,-11.701736973759,"animal organ development"
"Q9NQ79","OID20279",1,-1.72508515985087,11.0450249759854,-11.0450249759854,"system development"
"Q96GP6","OID21048",1,-1.8536736504912,9.99407018246112,-9.99407018246112,"cell adhesion"
"Q02487","OID21079",1,-1.8536736504912,9.86290148331041,-9.86290148331041,"cell adhesion"
"P14207","OID21062",1,1.99799108872484,9.00177104234037,9.00177104234037,"small molecule metabolic process"
"Q05315","OID20126",1,-1.72508515985087,8.63302936165,-8.63302936165,"system development"
"P62166","OID21458",1,-1.72508515985087,8.15903328589692,-8.15903328589692,"system development"
"Q9HCB6","OID20759",1,-1.8536736504912,7.76756313164114,-7.76756313164114,"cell adhesion"
"P14384","OID21054",1,-1.84802278744999,7.53473791407719,-7.53473791407719,"anatomical structure morphogenesis"
"Q6EMK4","OID20345",1,-1.78097834084111,7.29840484161876,-7.29840484161876,"animal organ development"
"P26010","OID21393",1,-1.8536736504912,7.11893297490259,-7.11893297490259,"cell adhesion"
"P32926","OID21460",1,-1.8536736504912,6.93015039679083,-6.93015039679083,"cell adhesion"
"Q9UMR7","OID20573",1,-1.8536736504912,6.7920973519528,-6.7920973519528,"cell adhesion"
"P19256","OID20716",1,-1.8536736504912,6.77498664366647,-6.77498664366647,"cell adhesion"
"P16871","OID21136",1,-1.8536736504912,6.59187192777301,-6.59187192777301,"cell adhesion"
"Q9H6B4","OID21419",1,-1.72508515985087,6.5338110480709,-6.5338110480709,"system development"
"O43854","OID20081",1,-1.8536736504912,6.50401571494271,-6.50401571494271,"cell adhesion"
"P30530","OID20363",1,-1.72508515985087,6.34128502701485,-6.34128502701485,"system development"
"Q5VY43","OID20257",1,-1.8536736504912,6.27449769776181,-6.27449769776181,"cell adhesion"
"O75629","OID21515",1,1.93056787467095,6.23675246710672,6.23675246710672,"catabolic process"
"Q8WXI7","OID21378",1,-1.8536736504912,6.23148662083148,-6.23148662083148,"cell adhesion"
"P01222","OID20129",1,-1.84802278744999,6.1985372111826,-6.1985372111826,"anatomical structure morphogenesis"
"P15529","OID20380",1,-1.8536736504912,6.04082602348119,-6.04082602348119,"cell adhesion"
"Q14515","OID20361",1,-1.8536736504912,5.94770072888706,-5.94770072888706,"cell adhesion"
"O75144","OID21351",1,-1.8536736504912,5.88538329805782,-5.88538329805782,"cell adhesion"
"O00451","OID21330",1,-1.72508515985087,5.73586991237783,-5.73586991237783,"system development"
"P14209","OID21110",1,-1.8536736504912,5.65364703963001,-5.65364703963001,"cell adhesion"
"Q10471","OID21423",1,1.98465085312181,5.45044439091567,5.45044439091567,"carbohydrate derivative metabolic process"
"P30203","OID20649",1,-1.8536736504912,5.38767064795264,-5.38767064795264,"cell adhesion"
"Q03393","OID20847",1,1.99799108872484,5.34145931745638,5.34145931745638,"small molecule metabolic process"
"Q16853","OID20389",1,-1.8536736504912,5.17004060374388,-5.17004060374388,"cell adhesion"
"Q15116","OID21396",1,-1.8536736504912,5.13039997705631,-5.13039997705631,"cell adhesion"
"O15394","OID21095",1,-1.8536736504912,5.01836649067545,-5.01836649067545,"cell adhesion"
"P26022","OID20570",1,1.98465085312181,4.93809528138953,4.93809528138953,"carbohydrate derivative metabolic process"
"P56470","OID20748",1,-1.8536736504912,4.88884514246413,-4.88884514246413,"cell adhesion"
"P12034","OID20490",1,-1.72508515985087,4.8542162564003,-4.8542162564003,"system development"
"P55808","OID20259",1,-1.8536736504912,4.83466043626685,-4.83466043626685,"cell adhesion"
"O00585","OID20686",1,-1.8536736504912,4.74929320566612,-4.74929320566612,"cell adhesion"
"P06127","OID21449",1,-1.8536736504912,4.74751033220078,-4.74751033220078,"cell adhesion"
"P80188","OID20392",1,-1.84802278744999,4.73713127311129,-4.73713127311129,"anatomical structure morphogenesis"
"Q9NNX6","OID20262",1,-1.8536736504912,4.7217177981271,-4.7217177981271,"cell adhesion"
"Q92876","OID21526",1,-1.72508515985087,4.6503365493497,-4.6503365493497,"system development"
"Q96AP7","OID20270",1,-1.8536736504912,4.63717398754972,-4.63717398754972,"cell adhesion"
"Q8TCZ2","OID21122",1,-1.8536736504912,4.59845683766281,-4.59845683766281,"cell adhesion"
"O60243","OID21441",1,1.98465085312181,4.59426591329549,4.59426591329549,"carbohydrate derivative metabolic process"
"Q96NY8","OID21490",1,-1.8536736504912,4.53703201351686,-4.53703201351686,"cell adhesion"
"P31997","OID20102",1,-1.8536736504912,4.52744445473649,-4.52744445473649,"cell adhesion"
"P15260","OID20678",1,-1.72508515985087,4.52066626499859,-4.52066626499859,"system development"
"Q6NW40","OID21045",1,-1.8536736504912,4.49733054526556,-4.49733054526556,"cell adhesion"
"P06858","OID20188",1,-1.78097834084111,4.45850251722634,-4.45850251722634,"animal organ development"
"P24158","OID20329",1,1.93056787467095,4.45569579641553,4.45569579641553,"catabolic process"
"Q5ZPR3","OID20680",1,-1.8536736504912,4.37786653560281,-4.37786653560281,"cell adhesion"
"P08174","OID20377",1,-1.8536736504912,4.35204220152651,-4.35204220152651,"cell adhesion"
"Q49AH0","OID21318",1,-1.72508515985087,4.34072080133271,-4.34072080133271,"system development"
"Q9NSK7","OID20804",1,1.93056787467095,4.27946350242418,4.27946350242418,"catabolic process"
"P20138","OID21472",1,-1.8536736504912,4.27258746352347,-4.27258746352347,"cell adhesion"
"Q13261","OID20498",1,-1.72508515985087,4.27172380296278,-4.27172380296278,"system development"
"Q99674","OID20152",1,-1.8536736504912,4.20125586229254,-4.20125586229254,"cell adhesion"
"Q9NRJ3","OID20569",1,-1.8536736504912,4.10347341669241,-4.10347341669241,"cell adhesion"
"Q76M96","OID20226",1,-1.8536736504912,4.0803833167319,-4.0803833167319,"cell adhesion"
"P09601","OID20217",1,1.93056787467095,4.05127157177302,4.05127157177302,"catabolic process"
"P29466","OID20854",1,1.99799108872484,4.02362870669535,4.02362870669535,"small molecule metabolic process"
"O00214","OID21041",1,1.93056787467095,4.01221183656991,4.01221183656991,"catabolic process"
"Q15043","OID20852",1,1.99799108872484,3.93880463470275,3.93880463470275,"small molecule metabolic process"
"P10747","OID21265",1,-1.8536736504912,3.90035103866158,-3.90035103866158,"cell adhesion"
"Q9Y662","OID21303",1,1.98465085312181,3.85377674949338,3.85377674949338,"carbohydrate derivative metabolic process"
"P49771","OID20661",1,-1.78097834084111,3.80367020116137,-3.80367020116137,"animal organ development"
"Q14739","OID21034",1,1.99799108872484,3.74791600684154,3.74791600684154,"small molecule metabolic process"
"P25116","OID20691",1,-1.84802278744999,3.7344595767938,-3.7344595767938,"anatomical structure morphogenesis"
"Q9UHL4","OID20142",1,1.93056787467095,3.61934240900759,3.61934240900759,"catabolic process"
"Q16552","OID20469",1,-1.78097834084111,3.46415908183064,-3.46415908183064,"animal organ development"
"P41217","OID20603",1,-1.8536736504912,3.45519929007419,-3.45519929007419,"cell adhesion"
"P08581","OID20269",1,1.93056787467095,3.41068781244366,3.41068781244366,"catabolic process"
"Q14210","OID20708",1,-1.8536736504912,3.38277606520273,-3.38277606520273,"cell adhesion"
"Q86SJ6","OID21325",1,-1.8536736504912,3.35852069910564,-3.35852069910564,"cell adhesion"
"P15085","OID20280",1,1.99799108872484,3.31607065807598,3.31607065807598,"small molecule metabolic process"
"O95633","OID20782",1,-1.8536736504912,3.30374993759063,-3.30374993759063,"cell adhesion"
"Q06830","OID20962",1,1.93056787467095,3.3023690627499,3.3023690627499,"catabolic process"
"P35968","OID21497",1,1.93056787467095,3.17086706761658,3.17086706761658,"catabolic process"
"P29279","OID20709",1,-1.8536736504912,3.07801757657505,-3.07801757657505,"cell adhesion"
"P16109","OID20379",1,-1.8536736504912,3.06967250420713,-3.06967250420713,"cell adhesion"
"P04118","OID21156",1,1.93056787467095,2.9345376200865,2.9345376200865,"catabolic process"
"Q13421","OID21380",1,-1.8536736504912,2.9232480957923,-2.9232480957923,"cell adhesion"
"P35625","OID20684",1,1.93056787467095,2.89288484370079,2.89288484370079,"catabolic process"
"P19957","OID20326",1,-1.78097834084111,2.89139834969063,-2.89139834969063,"animal organ development"
"Q9NYY1","OID20453",1,-1.78097834084111,2.84527102470374,-2.84527102470374,"animal organ development"
"P28845","OID20575",1,1.93056787467095,2.80505771712092,2.80505771712092,"catabolic process"
"Q9Y223","OID21231",1,1.99799108872484,2.6732261252624,2.6732261252624,"small molecule metabolic process"
"P04746","OID20333",1,1.93056787467095,2.63286405491563,2.63286405491563,"catabolic process"
"O76096","OID20704",1,1.93056787467095,2.47279963217593,2.47279963217593,"catabolic process"
"P01130","OID20240",1,1.93056787467095,2.40143635456913,2.40143635456913,"catabolic process"
"P04792","OID20230",1,1.93056787467095,2.34441930507197,2.34441930507197,"catabolic process"
"Q7L5Y9","OID21206",1,1.93056787467095,2.33943929811468,2.33943929811468,"catabolic process"
"P07711","OID20228",1,1.93056787467095,2.32873158834691,2.32873158834691,"catabolic process"
"Q14790","OID21414",1,1.93056787467095,2.31840737920585,2.31840737920585,"catabolic process"
"P05067","OID21070",1,2.07996840464127,2.2123623668451,2.2123623668451,"nucleobase-containing compound catabolic process"
"P09104","OID21046",1,2.07996840464127,2.05875526897338,2.05875526897338,"nucleobase-containing compound catabolic process"
"P27695","OID21434",1,2.07996840464127,2.03285772269091,2.03285772269091,"nucleobase-containing compound catabolic process"
"O00273","OID20620",1,2.07996840464127,1.58080657270668,1.58080657270668,"nucleobase-containing compound catabolic process"
"O43598","OID20744",1,2.07996840464127,1.55951391888905,1.55951391888905,"nucleobase-containing compound catabolic process"
"P08670","OID20053",1,2.07996840464127,1.55913603763521,1.55913603763521,"nucleobase-containing compound catabolic process"
"P42574","OID20305",1,2.07996840464127,1.40677478306068,1.40677478306068,"nucleobase-containing compound catabolic process"
"O00584","OID20321",1,2.07996840464127,1.1626968631774,1.1626968631774,"nucleobase-containing compound catabolic process"
"P49789","OID20872",1,2.07996840464127,1.12809393868112,1.12809393868112,"nucleobase-containing compound catabolic process"
"Q07812","OID20856",1,2.07996840464127,1.11028164162512,1.11028164162512,"nucleobase-containing compound catabolic process"
"P52789","OID20065",1,2.07996840464127,1.06758827404491,1.06758827404491,"nucleobase-containing compound catabolic process"
"Q7Z739","OID20478",1,2.07996840464127,1.03322428384396,1.03322428384396,"nucleobase-containing compound catabolic process"
