"Protein","Median_Imputation_Value"
"OID20775",5.737
"OID20984",4.3128
"OID20083",0.3646
"OID21402",4.9781
"OID20911",5.7688
"OID20850",2.7837
"OID20101",5.9029
"OID21140",4.9437
"OID20563",5.5009
"OID20125",1.3032
"OID21485",4.2169
"OID21276",6.0123
"OID20594",4.8906
"OID20779",4.5937
"OID20983",4.4162
"OID20643",5.0152
"OID20049",1.6073
"OID20312",5.3793
"OID20246",5.6065
"OID20495",2.86085
"OID21031",3.3373
"OID20778",7.4954
"OID20127",2.9301
"OID20274",3.8622
"OID21373",1.6742
"OID20559",3.7332
"OID20218",4.3911
"OID20263",4.9357
"OID21489",4.3486
"OID20219",0.7433
"OID20192",2.7825
"OID20896",1.8616
"OID20399",3.8705
"OID21297",3.221
"OID21348",3.9335
"OID20593",3.2537
"OID21395",4.4124
"OID21507",3.5208
"OID20729",2.5654
"OID20220",4.1262
"OID21411",2.5051
"OID21387",5.2057
"OID20266",3.8248
"OID21461",5.4546
"OID21475",2.937
"OID20671",5.3862
"OID20950",5.6306
"OID20206",5.2083
"OID21250",2.7822
"OID20579",2.9533
"OID20761",3.3958
"OID20711",4.5602
"OID20707",2.0009
"OID20760",2.9208
"OID20672",10.5812
"OID21277",4.6211
"OID20169",4.2278
"OID20524",1.7494
"OID20523",4.9855
"OID20544",4.6886
"OID21047",5.2643
"OID20258",4.1433
"OID20112",2.7659
"OID20993",3.0566
"OID20656",7.8916
"OID20863",2.065
"OID20640",4.8149
"OID20596",2.8265
"OID20625",4.4987
"OID21097",1.138
"OID20166",4.497
"OID21306",4.304
"OID21176",1.3732
"OID21118",3.3876
"OID21332",3.9163
"OID20551",3.0362
"OID20856",4.8197
"OID20918",4.045
"OID21420",3.837
"OID20875",2.1156
"OID21378",2.3817
"OID21506",4.6244
"OID21459",5.7508
"OID20075",2.4018
"OID21505",4.6117
"OID20698",2.7691
"OID20271",5.9089
"OID20717",2.9712
"OID20050",0.6122
"OID20090",2.8756
"OID20627",4.8298
"OID20908",2.5225
"OID20741",5.8872
"OID20519",2.9604
"OID20138",1.7586
"OID20095",3.4184
"OID20689",3.9648
"OID20203",1.9739
"OID20541",2.8435
"OID20742",4.487
"OID20554",2.2801
"OID21319",3.3752
"OID20415",5.414
"OID21521",2.057
"OID20925",1.8623
"OID21204",2.6058
"OID20938",2.5614
"OID20577",2.6747
"OID21029",4.7089
"OID20364",2.9513
"OID21408",3.2979
"OID20788",5.3467
"OID21469",6.2905
"OID20899",2.364
"OID20952",5.1704
"OID21078",3.9935
"OID20187",2.6931
"OID20475",2.9644
"OID20616",4.2637
"OID21069",2.7312
"OID20772",5.224
"OID20684",2.7568
"OID20230",5.9781
"OID21451",4.745
"OID20916",1.5925
"OID21158",3.6005
"OID20182",2.0619
"OID21307",3.5221
"OID20412",3.7473
"OID21226",4.1692
"OID21391",3.6871
"OID20615",4.8767
"OID21224",2.8144
"OID20158",2.0217
"OID20582",1.6167
"OID20816",1.5726
"OID20937",4.5662
"OID21376",2.8341
"OID20681",3.2138
"OID20251",3.9188
"OID21350",3.858
"OID21263",1.0687
"OID21149",4.9428
"OID20207",4.5404
"OID21282",3.0659
"OID21269",3.6423
"OID21309",5.2556
"OID20959",3.4185
"OID21508",2.9983
"OID21292",2.6117
"OID20697",7.1961
"OID20588",2.8455
"OID21422",4.0583
"OID20910",2.0368
"OID20175",2.6302
"OID21383",5.2414
"OID21082",5.1003
"OID20965",3.2766
"OID20225",1.7961
"OID20245",2.8764
"OID21033",4.2426
"OID20558",2.5046
"OID20871",1.7318
"OID21144",4.6471
"OID20322",8.6819
"OID21347",4.4605
"OID21296",5.9968
"OID20971",3.2677
"OID21294",3.0719
"OID20737",5.1668
"OID20847",3.2915
"OID21003",4.6323
"OID20553",2.7496
"OID20977",4.2196
"OID21154",1.9812
"OID21512",4.7699
"OID20704",5.4591
"OID20644",2.7177
"OID20964",3.9399
"OID20117",2.426
"OID21019",4.3587
"OID20688",2.9053
"OID20700",2.5797
"OID21287",1.4516
"OID20548",2.6718
"OID21061",4.0199
"OID20477",2.6607
"OID20787",4.8606
"OID20292",5.5077
"OID20431",0.2856
"OID20714",6.6006
"OID20110",1.5457
"OID20740",4.228
"OID21123",2.3236
"OID20105",1.5386
"OID20326",1.846
"OID21314",2.0602
"OID20795",1.969
"OID21320",1.9573
"OID20325",6.9324
"OID20511",2.6356
"OID20903",3.6672
"OID21511",2.908
"OID21222",1.6599
"OID20086",3.3009
"OID20515",1.884
"OID20214",3.7527
"OID20305",2.9895
"OID21356",5.0184
"OID20981",4.8498
"OID21363",3.1087
"OID21455",4.7174
"OID20334",5.3375
"OID20139",1.66
"OID21156",7.3715
"OID20227",2.148
"OID20814",1.7986
"OID20745",4.8313
"OID20683",1.2208
"OID21211",1.9695
"OID20723",5.3152
"OID20900",0.5291
"OID21453",8.8243
"OID20177",4.3679
"OID20526",1.6614
"OID20146",3.3532
"OID21357",4.3533
"OID20545",1.9955
"OID20685",2.6828
"OID20200",2.6401
"OID21467",6.7854
"OID21000",3.188
"OID20244",4.6474
"OID20250",2.6253
"OID20280",5.9114
"OID21450",4.4111
"OID20409",7.3744
"OID21417",3.2638
"OID20943",3.7366
"OID20724",6.9488
"OID20201",2.0976
"OID21205",1.7947
"OID20987",2.8817
"OID20646",5.5465
"OID21323",1.4603
"OID20997",6.5847
"OID21030",3.706
"OID21462",1.2079
"OID20483",0.8184
"OID20149",0.0981
"OID21499",3.2317
"OID20682",5.7586
"OID20868",1.7261
"OID20574",4.8536
"OID21151",4.028
"OID20472",0.2604
"OID20675",4.3873
"OID20436",4.0428
"OID20184",1.4373
"OID21060",4.0801
"OID21367",2.1912
"OID20178",4.7164
"OID21375",2.7307
"OID21430",5.6048
"OID21312",3.3026
"OID21380",4.6146
"OID20421",0.9183
"OID21326",3.2373
"OID20631",6.4543
"OID20097",2.5866
"OID20758",6.6738
"OID21482",2.3309
"OID20371",1.4975
"OID21415",3.1978
"OID21527",3.4542
"OID20233",5.1746
"OID21016",3.1879
"OID21284",1.8054
"OID21143",3.3142
"OID21022",2.8914
"OID20865",1.542
"OID21311",3.1515
"OID20342",6.8964
"OID20309",2.2687
"OID20546",1.7638
"OID21099",0.7952
"OID20135",2.6429
"OID21476",1.9471
"OID20359",3.1349
"OID20601",4.2836
"OID21104",3.3501
"OID20756",5.3939
"OID21439",5.5607
"OID21399",4.1201
"OID21043",2.0338
"OID20609",4.0077
"OID20289",2.0986
"OID21101",5.8149
"OID21014",2.1808
"OID21249",1.6145
"OID21446",4.3438
"OID20970",2.588
"OID20956",4.0942
"OID20635",5.3295
"OID20648",3.7506
"OID20331",0.8427
"OID21437",3.9714
"OID21442",2.0288
"OID21369",3.4766
"OID20576",3.3567
"OID20636",2.0377
"OID20162",3.7405
"OID21381",2.4047
"OID20153",3.0926
"OID20732",5.9945
"OID21024",3.5234
"OID21434",6.1615
"OID20507",2.357
"OID20137",3.8471
"OID21042",5.1475
"OID21516",1.7929
"OID20299",2.5472
"OID21257",1.4944
"OID21253",1.7944
"OID20988",3.1837
"OID21119",3.5284
"OID21038",2.0071
"OID21091",3.4625
"OID20597",2.455
"OID20179",1.6125
"OID21168",0.2701
"OID21368",5.0302
"OID20738",5.0251
"OID20122",1.899
"OID20703",4.9801
"OID21436",5.3261
"OID21421",4.974
"OID20589",3.6854
"OID20927",5.6386
"OID21418",4.269
"OID21013",4.9608
"OID20904",3.6159
"OID20568",2.0629
"OID20533",4.4569
"OID20254",4.8795
"OID21403",2.7342
"OID21012",1.0713
"OID21280",2.8669
"OID21187",2.2508
"OID21425",6.6982
"OID20078",0.2265
"OID20102",2.3947
"OID21073",4.4156
"OID21428",1.2922
"OID20687",4.8498
"OID20883",1.728
"OID21242",1.0263
"OID20583",1.0049
"OID21361",2.355
"OID21365",0.8804
"OID21419",3.3554
"OID21498",5.4483
"OID20995",5.2142
"OID21094",1.6099
"OID20715",2.9327
"OID20718",2.1161
"OID20960",4.2814
"OID20866",1.0246
"OID20986",6.4695
"OID20152",2.4011
"OID20395",5.9956
"OID21285",0.9414
"OID20313",2.2397
"OID20509",0.2087
"OID21255",2.2204
"OID20141",4.171
"OID20942",2.2578
"OID21466",8.3352
"OID20215",4.2689
"OID20923",3.668
"OID20752",3.8854
"OID20990",4.564
"OID21004",6.1555
"OID20103",1.7485
"OID20784",5.8371
"OID20156",2.142
"OID20221",4.8553
"OID21410",1.1332
"OID21225",1.6549
"OID21385",2.5239
"OID21155",3.9792
"OID20610",3.7901
"OID20935",3.4836
"OID21327",4.4022
"OID20748",5.9019
"OID20708",1.4778
"OID20567",2.2761
"OID20647",4.6349
"OID20968",3.5931
"OID20383",3.6411
"OID21036",1.592
"OID20978",3.5114
"OID20327",6.421
"OID20958",3.7851
"OID20252",4.4871
"OID20642",4.0911
"OID20205",2.0931
"OID21248",1.8227
"OID21150",4.5335
"OID21111",2.5639
"OID21121",3.3421
"OID20295",3.9421
"OID21281",0.9125
"OID20650",7.6707
"OID20895",2.8453
"OID20459",2.0159
"OID21457",5.6092
"OID20485",2.0045
"OID20786",4.6042
"OID20859",2.0515
"OID20298",3.4651
"OID21142",3.7809
"OID20744",4.222
"OID20400",6.8603
"OID20344",0.5845
"OID20107",6.0774
"OID20762",3.3584
"OID21128",3.2108
"OID21313",1.8454
"OID20985",3.4715
"OID21021",2.9838
"OID21513",3.5614
"OID21486",2.3088
"OID20992",2.779
"OID20508",1.1545
"OID20276",2.8609
"OID20975",4.0923
"OID21125",0.9252
"OID21448",3.5714
"OID21477",1.2579
"OID21372",1.8824
"OID20759",3.941
"OID21066",5.5159
"OID20536",2.6161
"OID21198",1.174
"OID21427",3.3417
"OID21075",2.5731
"OID20886",0.3817
"OID20674",5.7278
"OID21034",2.3308
"OID20749",4.7097
"OID21328",3.4844
"OID20722",3.2472
"OID20617",5.6333
"OID21463",5.3889
"OID20226",4.3818
"OID20561",1.4857
"OID21141",1.8502
"OID20474",1.2149
"OID20999",4.4041
"OID21304",2.4667
"OID20552",2.2531
"OID20961",2.9229
"OID20197",2.4907
"OID21481",5.0735
"OID21431",4.6003
"OID20408",4.1219
"OID20478",0.9412
"OID20782",4.2088
"OID20392",2.4194
"OID20368",2.8944
"OID20425",1.1843
"OID20522",-0.1641
"OID21112",4.3854
"OID21522",2.6036
"OID20286",1.2185
"OID20293",3.1731
"OID20966",4.6626
"OID20308",5.4895
"OID20743",3.1862
"OID21259",2.9882
"OID20496",0.7103
"OID20839",0.9716
"OID21040",2.7839
"OID21244",1.1389
"OID20641",3.2437
"OID20783",6.6291
"OID21445",2.606
"OID20955",4.5499
"OID21310",3.7423
"OID20996",3.3804
"OID20543",2.3253
"OID20669",6.8922
"OID20587",2.8499
"OID20379",3.1114
"OID20217",5.8444
"OID20505",1.5786
"OID20085",1.4917
"OID20973",3.8844
"OID20979",6.4254
"OID20666",5.6608
"OID20570",5.796
"OID21041",3.6924
"OID21501",3.595
"OID20963",3.6799
"OID21342",3.5453
"OID20144",2.4123
"OID20887",1.6405
"OID21454",4.5639
"OID20854",1.9688
"OID21087",2.769
"OID20294",2.5315
"OID20398",4.2123
"OID21444",3.594
"OID20630",3.7654
"OID20247",4.5635
"OID20378",7.2906
"OID21295",0.7396
"OID21193",1.2249
"OID20912",2.2031
"OID21026",2.371
"OID20620",5.0969
"OID21179",3.1323
"OID20510",2.0972
"OID20653",4.9709
"OID20980",3.713
"OID20655",6.6054
"OID20623",6.0513
"OID20572",2.1593
"OID20413",4.6155
"OID20686",2.967
"OID21133",4.0229
"OID20695",4.5447
"OID21246",1.0228
"OID21215",2.8902
"OID21129",5.1347
"OID21324",2.3922
"OID20234",5.2887
"OID20324",6.1443
"OID21086",0.8613
"OID21015",2.8254
"OID20870",1.2472
"OID20355",5.0983
"OID21068",4.8139
"OID20691",3.4153
"OID21050",5.3246
"OID20622",5.0175
"OID20962",2.6963
"OID20604",6.585
"OID20404",4.0745
"OID20223",2.2762
"OID20534",1.6455
"OID20106",2.6309
"OID20222",6.0782
"OID20259",1.7136
"OID20766",5.4485
"OID20216",3.2537
"OID20339",3.9057
"OID20232",4.2298
"OID20739",6.2143
"OID20328",6.6752
"OID20768",7.4176
"OID20195",3.3499
"OID20445",1.1836
"OID20108",3.5675
"OID20500",1.6486
"OID21145",5.2812
"OID21216",-0.678
"OID20731",6.4113
"OID20658",4.1181
"OID20967",3.4672
"OID21235",0.345
"OID21103",3.013
"OID21005",0.5425
"OID21397",3.7388
"OID20151",1.6927
"OID21490",2.1924
"OID20832",1.542
"OID21493",2.4708
"OID21037",5.3253
"OID21229",1.5554
"OID20926",4.5266
"OID21247",1.5607
"OID21083",1.8456
"OID20753",4.8136
"OID20338",5.213
"OID21192",1.8142
"OID21160",3.0544
"OID21218",2.3888
"OID20375",3.1144
"OID20079",-0.0387
"OID21053",2.7831
"OID20919",1.1422
"OID20171",2.7779
"OID20693",5.1442
"OID20600",2.9234
"OID20484",0.9946
"OID21058",3.1647
"OID20638",6.2915
"OID21132",4.2338
"OID20823",0.2317
"OID20917",2.1389
"OID20780",6.1565
"OID21384",2.3495
"OID21441",2.38
"OID20751",5.317
"OID21064",4.673
"OID21110",3.5918
"OID20827",0.4961
"OID21185",1.485
"OID20091",0.7245
"OID20867",0.745
"OID20677",3.4519
"OID20934",2.2814
"OID21271",0.6476
"OID20126",0.8817
"OID21414",4.3516
"OID20333",1.7162
"OID20386",1.4707
"OID20418",6.7003
"OID20872",1.0171
"OID20261",4.406
"OID21227",2.9868
"OID21010",2.6819
"OID20165",2.6419
"OID20660",3.7006
"OID20512",0.0242
"OID20467",0.5643
"OID20455",0.3689
"OID20735",6.4192
"OID21001",2.9559
"OID21137",4.0892
"OID20727",3.3912
"OID21432",4.0924
"OID20278",4.661
"OID20167",2.0018
"OID20188",4.6257
"OID21480",1.6327
"OID20340",1.6048
"OID20922",3.295
"OID21219",1.3925
"OID20228",4.8796
"OID20771",4.703
"OID20664",5.1564
"OID20930",0.1806
"OID20237",3.5772
"OID20770",5.574
"OID21275",3.7224
"OID20240",3.0954
"OID21317",1.7494
"OID20721",6.8621
"OID21008",1.3316
"OID21201",0.4948
"OID21220",1.0559
"OID20730",4.0664
"OID21114",2.3272
"OID20709",4.2588
"OID20272",4.7168
"OID20429",3.8784
"OID21283",1.5603
"OID21355",1.2448
"OID21519",1.8413
"OID20096",2.7397
"OID20940",1.986
"OID20764",6.565
"OID20812",0.2245
"OID20673",6.4397
"OID21175",1.5071
"OID21291",3.2804
"OID20183",2.7226
"OID20113",3.4918
"OID21288",2.0288
"OID21470",1.1152
"OID20893",1.1213
"OID20191",2.06
"OID20494",0.8925
"OID20053",1.2376
"OID21002",3.1609
"OID20129",1.5458
"OID20087",1.2724
"OID20953",3.6644
"OID20667",2.9726
"OID20913",1.0801
"OID21465",5.6552
"OID20605",3.578
"OID20725",3.761
"OID20405",4.6112
"OID20061",0.145
"OID21018",6.2518
"OID20297",3.5206
"OID21206",0.7309
"OID20239",2.7053
"OID21398",2.7778
"OID21321",0.5815
"OID20456",0.4003
"OID20976",4.4364
"OID21209",1.2467
"OID20824",-0.026
"OID20275",0.0438
"OID21494",4.6476
"OID21299",1.3484
"OID20590",4.8672
"OID20384",4.5354
"OID21049",5.1516
"OID20174",3.2899
"OID21067",0.4884
"OID20489",2.1528
"OID21243",0.5625
"OID21077",1.4124
"OID21270",1.8137
"OID21337",3.5443
"OID20196",2.1977
"OID20121",3.1107
"OID21262",0.6465
"OID20537",3.644
"OID20296",2.4124
"OID21509",4.4555
"OID20921",1.7957
"OID21406",3.5696
"OID21084",5.3013
"OID20951",2.4082
"OID20491",0.4638
"OID20777",4.5142
"OID21472",1.4775
"OID20304",6.295
"OID21011",4.6514
"OID20488",0.0423
"OID20155",1.473
"OID21171",1.4026
"OID20176",1.3885
"OID20540",3.1113
"OID21059",3.377
"OID21401",2.8471
"OID20972",6.1117
"OID21162",1.0343
"OID21063",4.5869
"OID21435",2.7096
"OID21316",3.761
"OID21336",3.0369
"OID21471",2.7507
"OID20427",0.6533
"OID20750",6.3404
"OID20763",4.6086
"OID21331",2.4771
"OID20424",0.9428
"OID21046",1.8977
"OID21352",1.7509
"OID20792",2.1397
"OID21027",4.9732
"OID20822",2.3547
"OID20680",5.4217
"OID20329",3.1274
"OID21170",0.6821
"OID20585",2.6849
"OID20114",4.2383
"OID20557",1.7464
"OID20864",0.5487
"OID20077",2.0656
"OID21315",3.4878
"OID20382",5.4715
"OID20633",2.9674
"OID21238",0.6889
"OID20932",2.2849
"OID20694",5.6201
"OID20264",4.3145
"OID21524",4.0959
"OID21447",3.5569
"OID21138",1.9828
"OID21172",1.47
"OID21389",5.0788
"OID21115",2.6165
"OID20211",1.8939
"OID20279",1.2595
"OID20569",1.8809
"OID20142",2.7783
"OID20613",5.9916
"OID20710",5.0247
"OID20807",0.6023
"OID20713",3.3028
"OID20148",3.0079
"OID20632",5.4873
"OID21438",3.9859
"OID21440",5.0848
"OID20549",0.9645
"OID20115",0.6096
"OID21241",0.7372
"OID21529",5.0358
"OID21374",6.2938
"OID20154",2.8681
"OID20480",0.737
"OID20767",5.3173
"OID21135",2.0978
"OID20320",3.3631
"OID20242",3.7664
"OID20602",1.6214
"OID20282",6.2821
"OID21189",1.5808
"OID20652",6.6607
"OID20454",-0.0591
"OID20302",5.8984
"OID20676",3.0626
"OID21079",2.4919
"OID20828",1.9317
"OID21423",4.6707
"OID20535",1.3054
"OID21344",2.4356
"OID20451",0.5184
"OID21278",1.398
"OID20070",-0.0824
"OID20529",3.47
"OID20314",4.5257
"OID21346",2.5522
"OID20476",0.6643
"OID20765",5.5387
"OID20915",2.0914
"OID20538",3.5132
"OID21360",3.8771
"OID20562",3.3641
"OID21405",2.0548
"OID20774",3.8883
"OID20661",4.1804
"OID20639",3.4283
"OID20267",5.16
"OID20936",2.4939
"OID21433",0.7884
"OID20804",0.3331
"OID21152",2.1947
"OID20084",1.0642
"OID20881",0.9383
"OID20612",3.1765
"OID21460",3.7794
"OID20316",6.1164
"OID20373",2.6804
"OID21174",1.5211
"OID20140",0.3163
"OID20781",8.45
"OID20811",0.3769
"OID20497",1.87
"OID21407",5.7834
"OID20547",1.5277
"OID20857",1.0048
"OID20401",6.6686
"OID21517",1.6227
"OID20530",3.043
"OID21236",0.7743
"OID21412",2.3862
"OID20391",4.6184
"OID20458",0.5403
"OID21404",2.3041
"OID21394",4.4959
"OID21514",3.8887
"OID20662",5.7467
"OID21286",0.4554
"OID20884",1.7531
"OID21456",4.5141
"OID21196",1.3698
"OID20599",3.41
"OID21134",1.5327
"OID20690",4.4202
"OID20720",2.53
"OID20581",1.277
"OID20848",1.9718
"OID21339",1.3773
"OID20394",5.2893
"OID20888",1.4145
"OID20290",5.7679
"OID20362",4.6161
"OID21055",4.0328
"OID20071",1.3056
"OID20941",2.2006
"OID21468",1.6071
"OID20878",0.085
"OID20834",2.8674
"OID20414",4.3306
"OID21359",1.2507
"OID20702",5.5458
"OID21161",0.5201
"OID20168",0.7557
"OID21301",2.9867
"OID20556",0.6973
"OID21231",0.9978
"OID20525",0.5762
"OID20806",0.6105
"OID20502",0.2471
"OID20332",6.2016
"OID20668",6.4768
"OID20208",3.8744
"OID20265",2.9638
"OID21400",4.7677
"OID21518",0.7786
"OID20348",1.9959
"OID20447",0.6726
"OID20566",1.351
"OID21318",1.0768
"OID20352",2.503
"OID20442",0.8588
"OID21458",4.1313
"OID20473",1.9692
"OID21147",4.4003
"OID20855",0.7449
"OID21122",3.6793
"OID21023",1.548
"OID20493",1.5105
"OID20852",1.4957
"OID21429",6.1782
"OID21102",2.8385
"OID20629",5.8651
"OID21070",1.1612
"OID20281",6.6433
"OID20651",3.828
"OID21228",1.6751
"OID20393",2.8692
"OID20624",5.4141
"OID21090",1.1724
"OID21096",0.1413
"OID21194",0.8762
"OID20410",4.9423
"OID21525",5.4724
"OID20229",4.095
"OID20185",2.5058
"OID20131",1.2625
"OID20719",4.7773
"OID20974",4.555
"OID20170",2.3856
"OID20231",3.0362
"OID20897",1.8234
"OID21526",5.027
"OID20416",3.2195
"OID20654",6.4639
"OID20236",2.0062
"OID21165",0.375
"OID21424",3.8207
"OID21308",1.1662
"OID20388",4.7357
"OID20994",1.3871
"OID20747",4.6109
"OID20346",1.7301
"OID21362",2.0487
"OID21345",3.1253
"OID20621",3.6271
"OID20076",0.869
"OID21303",2.6267
"OID20835",0.5865
"OID20948",3.8624
"OID20565",2.5942
"OID20397",3.9324
"OID20235",2.9157
"OID20255",3.6455
"OID20367",3.4027
"OID20982",3.4999
"OID20611",6.8428
"OID20706",3.256
"OID20773",6.3735
"OID20270",1.5741
"OID20199",1.7461
"OID20377",3.2026
"OID20555",0.6602
"OID21240",0.3657
"OID21130",0.4984
"OID21028",2.5778
"OID20531",0.8217
"OID20130",1.4562
"OID20133",1.7224
"OID20481",1.3224
"OID20238",2.5755
"OID20358",2.0821
"OID21322",2.5858
"OID20194",4.871
"OID20353",2.3868
"OID20145",1.8529
"OID20132",1.4605
"OID21353",1.5498
"OID21230",0.7516
"OID20513",1.2691
"OID20082",1.4852
"OID21136",3.9678
"OID20380",3.9311
"OID20914",3.2724
"OID20204",4.8196
"OID20637",5.3824
"OID20464",1.5524
"OID20957",2.26
"OID21052",4.6081
"OID20213",4.4998
"OID21366",1.0127
"OID20733",4.0443
"OID21252",3.6061
"OID20755",5.2261
"OID20360",3.1824
"OID20172",3.5115
"OID21474",2.8092
"OID20337",3.0266
"OID20487",2.9254
"OID20374",3.1366
"OID20754",3.8396
"OID20575",1.7503
"OID20909",2.0327
"OID20626",4.8801
"OID20396",3.7306
"OID20462",1.9778
