"Protein","Variance"
"OID20775",8.93674540191513
"OID20984",8.45934738576953
"OID20083",6.27917839049552
"OID21402",4.47441528022826
"OID20911",4.13179108531457
"OID20850",4.08603920719453
"OID20101",4.08318205459438
"OID21140",4.08008985256418
"OID20563",4.07136636829732
"OID20125",4.05411776178376
"OID21485",4.04758119223758
"OID21276",4.0227657571805
"OID20594",3.96902062006948
"OID20779",3.92849291092233
"OID20983",3.91899013218571
"OID20643",3.80213445419482
"OID20049",3.79671634764873
"OID20312",3.67191153222172
"OID20246",3.61417745278448
"OID20495",3.59760619405933
"OID21031",3.58402318912818
"OID20778",3.49058258703006
"OID20127",3.4249223029169
"OID20274",3.40657766373573
"OID21373",3.40242810622464
"OID20559",3.39705391651488
"OID20218",3.37455659066058
"OID20263",3.33716716219918
"OID21489",3.33167156657661
"OID20219",3.24555770489442
"OID20192",3.23570382427414
"OID20896",3.23464832286268
"OID20399",3.17789765572856
"OID21297",3.1748129492529
"OID21348",3.13788078892626
"OID20593",3.10705653366221
"OID21395",3.06199190194666
"OID21507",3.02792506268055
"OID20729",3.02572754525983
"OID20220",2.99371327924266
"OID21411",2.99198879473207
"OID21387",2.96745942573877
"OID20266",2.95989994807159
"OID21461",2.95249070184413
"OID21475",2.87290195731828
"OID20671",2.81824645120479
"OID20950",2.80835563758817
"OID20206",2.7809037366095
"OID21250",2.77588312545946
"OID20579",2.76430585552141
"OID20761",2.75379363104871
"OID20711",2.73834119816234
"OID20707",2.7258140118218
"OID20760",2.69760429405791
"OID20672",2.64647428940569
"OID21277",2.63739853421177
"OID20169",2.63470776573235
"OID20524",2.60999336080456
"OID20523",2.57486852964162
"OID20544",2.56908483038683
"OID21047",2.56709535008106
"OID20258",2.55761353882853
"OID20112",2.55642050652675
"OID20993",2.55322557829915
"OID20656",2.54828641678146
"OID20863",2.54352677964273
"OID20640",2.48319609978125
"OID20596",2.4717560729316
"OID20625",2.46531922801604
"OID21097",2.45703605289442
"OID20166",2.45478518784348
"OID21306",2.43204481182059
"OID21176",2.42080441239207
"OID21118",2.41300541771735
"OID21332",2.38488043337998
"OID20551",2.37334419900215
"OID20856",2.36952037407914
"OID20918",2.36175820977249
"OID21420",2.36109964199663
"OID20875",2.35872287912716
"OID21378",2.35680110250262
"OID21506",2.3566484365087
"OID21459",2.34247345914105
"OID20075",2.33525080309255
"OID21505",2.32276392978828
"OID20698",2.28505126666416
"OID20271",2.27760853461038
"OID20717",2.2747001068474
"OID20050",2.25667196222656
"OID20090",2.24588170921235
"OID20627",2.21594329332604
"OID20908",2.20915840388337
"OID20741",2.20254250009398
"OID20519",2.20209792978149
"OID20138",2.19650625251855
"OID20095",2.19065777391895
"OID20689",2.18885776635202
"OID20203",2.18805451815933
"OID20541",2.17754480382633
"OID20742",2.16012750121504
"OID20554",2.13875321505024
"OID21319",2.1344308638535
"OID20415",2.12862960614545
"OID21521",2.12721359106986
"OID20925",2.1219505235453
"OID21204",2.11175458391212
"OID20938",2.09416039986904
"OID20577",2.09050191864745
"OID21029",2.08080043676921
"OID20364",2.07660585290475
"OID21408",2.06820021567434
"OID20788",2.06202925844149
"OID21469",2.05937689197287
"OID20899",2.05141231324333
"OID20952",2.04948986433673
"OID21078",2.03766601045032
"OID20187",2.03140732128734
"OID20475",2.02805159771769
"OID20616",1.99211204086393
"OID21069",1.98251324936302
"OID20772",1.98075650459174
"OID20684",1.97944228930688
"OID20230",1.97862597046717
"OID21451",1.97457519326139
"OID20916",1.96051601090101
"OID21158",1.9576398309871
"OID20182",1.95496195055291
"OID21307",1.94961241192921
"OID20412",1.94902619412524
"OID21226",1.94115819566076
"OID21391",1.92833486231634
"OID20615",1.9206060960667
"OID21224",1.90977534020084
"OID20158",1.90241012364395
"OID20582",1.89976233071422
"OID20816",1.89833513445067
"OID20937",1.89114575976082
"OID21376",1.89016475479129
"OID20681",1.88418259880765
"OID20251",1.8772567976013
"OID21350",1.87248480619329
"OID21263",1.87234792663801
"OID21149",1.86305970328978
"OID20207",1.84636923671224
"OID21282",1.8423146532403
"OID21269",1.84193579235782
"OID21309",1.84126258975046
"OID20959",1.83701361716559
"OID21508",1.83146034886031
"OID21292",1.83086860314855
"OID20697",1.82299175827294
"OID20588",1.81902571002782
"OID21422",1.80407151748678
"OID20910",1.79714810798406
"OID20175",1.79204751633805
"OID21383",1.79091328790817
"OID21082",1.79024263625911
"OID20965",1.78823209641568
"OID20225",1.78159815163868
"OID20245",1.77879470583765
"OID21033",1.75550694010746
"OID20558",1.75044821443372
"OID20871",1.743611284998
"OID21144",1.74147137098361
"OID20322",1.73401815852187
"OID21347",1.7334206797993
"OID21296",1.73084625658407
"OID20971",1.72300107712207
"OID21294",1.71950068863873
"OID20737",1.71737698189188
"OID20847",1.70545463717058
"OID21003",1.69137905867279
"OID20553",1.69096868783311
"OID20977",1.68929059582125
"OID21154",1.68913318107983
"OID21512",1.68491887765948
"OID20704",1.68320307444984
"OID20644",1.66688277620421
"OID20964",1.66318313869801
"OID20117",1.662977981967
"OID21019",1.65928742763244
"OID20688",1.65609216115488
"OID20700",1.6539330503667
"OID21287",1.64856812354475
"OID20548",1.64846667377914
"OID21061",1.64715482495112
"OID20477",1.64211001488783
"OID20787",1.63955103464825
"OID20292",1.63664331378301
"OID20431",1.63629385029033
"OID20714",1.63497684999764
"OID20110",1.6310842135928
"OID20740",1.62650301350087
"OID21123",1.62541039554806
"OID20105",1.62420148676773
"OID20326",1.62225669666303
"OID21314",1.61934947021783
"OID20795",1.61425723219537
"OID21320",1.610945223119
"OID20325",1.60741846613634
"OID20511",1.6041050637193
"OID20903",1.6001297142912
"OID21511",1.59979189672568
"OID21222",1.59873911156045
"OID20086",1.59280788746022
"OID20515",1.5815459331682
"OID20214",1.58034144412997
"OID20305",1.58003913123125
"OID21356",1.57115929783805
"OID20981",1.54064082563832
"OID21363",1.53356892301327
"OID21455",1.52369032803737
"OID20334",1.52326075255947
"OID20139",1.52296634076803
"OID21156",1.52220891360611
"OID20227",1.51603048469479
"OID20814",1.51400294300948
"OID20745",1.51229087144629
"OID20683",1.501772742309
"OID21211",1.50054709253681
"OID20723",1.49883190368263
"OID20900",1.49795402392871
"OID21453",1.4912747015736
"OID20177",1.48105317857104
"OID20526",1.47751055284895
"OID20146",1.46261885107329
"OID21357",1.4607761480059
"OID20545",1.4525534918373
"OID20685",1.44077139112202
"OID20200",1.43933720476432
"OID21467",1.43180079334789
"OID21000",1.43107697143476
"OID20244",1.43061409653358
"OID20250",1.42396950464996
"OID20280",1.42053841441895
"OID21450",1.41453215858616
"OID20409",1.41113253527749
"OID21417",1.40997324606856
"OID20943",1.40610816785611
"OID20724",1.39899241131639
"OID20201",1.39700946818268
"OID21205",1.39599627940679
"OID20987",1.39416605677262
"OID20646",1.38861129102473
"OID21323",1.3861188359924
"OID20997",1.38477708263579
"OID21030",1.38151388989771
"OID21462",1.3801020531981
"OID20483",1.37821353574894
"OID20149",1.3773379786744
"OID21499",1.37292843737551
"OID20682",1.36773351651956
"OID20868",1.3663668633842
"OID20574",1.36518248826955
"OID21151",1.36080640388439
"OID20472",1.35794353480702
"OID20675",1.34981625344919
"OID20436",1.34701414680705
"OID20184",1.34560799628915
"OID21060",1.3424489760021
"OID21367",1.341167296186
"OID20178",1.33503228113241
"OID21375",1.33497301316559
"OID21430",1.33373736065481
"OID21312",1.33278605933664
"OID21380",1.33274188255312
"OID20421",1.33003325142152
"OID21326",1.3277922376685
"OID20631",1.32709206887993
"OID20097",1.32650537171241
"OID20758",1.32298612808095
"OID21482",1.32211192088104
"OID20371",1.32173594206647
"OID21415",1.31972406886685
"OID21527",1.30164843784463
"OID20233",1.29655766856608
"OID21016",1.29411336326627
"OID21284",1.29107972627194
"OID21143",1.28858343291636
"OID21022",1.28559902620576
"OID20865",1.28528372365853
"OID21311",1.28415326618273
"OID20342",1.28079605985245
"OID20309",1.27839267958867
"OID20546",1.27449849249157
"OID21099",1.26800260346349
"OID20135",1.26530537142635
"OID21476",1.26019631379453
"OID20359",1.25996117423399
"OID20601",1.25508518124601
"OID21104",1.25466124462656
"OID20756",1.25366955932014
"OID21439",1.25349030377154
"OID21399",1.25219959199116
"OID21043",1.25029751254491
"OID20609",1.24845647375392
"OID20289",1.24781260275699
"OID21101",1.24670841030669
"OID21014",1.24553779658985
"OID21249",1.24181292133948
"OID21446",1.24138387540065
"OID20970",1.23907856375316
"OID20956",1.22628083816657
"OID20635",1.22474945883701
"OID20648",1.22070266124271
"OID20331",1.21536272643131
"OID21437",1.21468843832816
"OID21442",1.20493591857832
"OID21369",1.20472655278917
"OID20576",1.20392290310355
"OID20636",1.20292635220632
"OID20162",1.19974514699474
"OID21381",1.19784895661862
"OID20153",1.19548481887078
"OID20732",1.19395600450641
"OID21024",1.19366191674545
"OID21434",1.19324379980308
"OID20507",1.19155587493251
"OID20137",1.18535934477044
"OID21042",1.18136155456308
"OID21516",1.18030032086488
"OID20299",1.17968299243872
"OID21257",1.17506452673025
"OID21253",1.17403183472539
"OID20988",1.17273062019349
"OID21119",1.17059973130682
"OID21038",1.16751611523091
"OID21091",1.16710785111026
"OID20597",1.16590926663764
"OID20179",1.16213277513395
"OID21168",1.16036904815385
"OID21368",1.1602764461519
"OID20738",1.15674349163244
"OID20122",1.14804065237426
"OID20703",1.1454487993365
"OID21436",1.14461779728072
"OID21421",1.14311647950694
"OID20589",1.14236280428379
"OID20927",1.14154656369083
"OID21418",1.14085420569165
"OID21013",1.12535378245842
"OID20904",1.11959415135653
"OID20568",1.11868546144095
"OID20533",1.11794274775714
"OID20254",1.11765199416582
"OID21403",1.11591551209822
"OID21012",1.11499417029674
"OID21280",1.11496750102295
"OID21187",1.11450413088114
"OID21425",1.11335808584157
"OID20078",1.11132778425202
"OID20102",1.1106297078517
"OID21073",1.10780280391076
"OID21428",1.10723531840848
"OID20687",1.10118511438966
"OID20883",1.10083363658209
"OID21242",1.09633931871768
"OID20583",1.09444148521183
"OID21361",1.09442614117356
"OID21365",1.09380664309294
"OID21419",1.09289352621141
"OID21498",1.09042343607657
"OID20995",1.08669454894881
"OID21094",1.08489757554097
"OID20715",1.07953471258535
"OID20718",1.07511403440354
"OID20960",1.0729185961372
"OID20866",1.06841722778346
"OID20986",1.06432951616951
"OID20152",1.06289494133805
"OID20395",1.06214674444686
"OID21285",1.06207062600255
"OID20313",1.05841880693472
"OID20509",1.05521807304562
"OID21255",1.05468187762485
"OID20141",1.04955958931552
"OID20942",1.04879967207315
"OID21466",1.04729560994382
"OID20215",1.04691893963429
"OID20923",1.0404302651661
"OID20752",1.03979270714667
"OID20990",1.03961425781144
"OID21004",1.03889091973445
"OID20103",1.03819824698267
"OID20784",1.0358850551602
"OID20156",1.03332308414977
"OID20221",1.02889087426272
"OID21410",1.02816318271168
"OID21225",1.02814955730194
"OID21385",1.02596516911866
"OID21155",1.02555180004061
"OID20610",1.02351978070912
"OID20935",1.02100957300379
"OID21327",1.02021819538964
"OID20748",1.01955847911549
"OID20708",1.01923346306694
"OID20567",1.01821883810026
"OID20647",1.01740264982186
"OID20968",1.01739835323769
"OID20383",1.01733977331254
"OID21036",1.017179045118
"OID20978",1.01627225541435
"OID20327",1.01249070527146
"OID20958",1.01161074597284
"OID20252",1.01063888742435
"OID20642",1.00898529979633
"OID20205",1.00806147696702
"OID21248",1.00782337084753
"OID21150",1.00609734589537
"OID21111",0.995953915348992
"OID21121",0.995565319902133
"OID20295",0.993499910865029
"OID21281",0.992825425197847
"OID20650",0.991352990968417
"OID20895",0.988649411657284
"OID20459",0.987515175431288
"OID21457",0.985708035240422
"OID20485",0.978386701739039
"OID20786",0.974479797633135
"OID20859",0.973746655622066
"OID20298",0.968591692693885
"OID21142",0.966151824582497
"OID20744",0.964451690384474
"OID20400",0.964013157033243
"OID20344",0.962789042189457
"OID20107",0.962549178090773
"OID20762",0.96233691123719
"OID21128",0.961408128203205
"OID21313",0.960266191984919
"OID20985",0.956558188429339
"OID21021",0.956121250522728
"OID21513",0.955929075255138
"OID21486",0.955550279162541
"OID20992",0.955071886572636
"OID20508",0.954709827240711
"OID20276",0.954464633337006
"OID20975",0.953440006613677
"OID21125",0.953254177116997
"OID21448",0.95182516072392
"OID21477",0.951559122142279
"OID21372",0.950943225383795
"OID20759",0.950909301592936
"OID21066",0.949740072968531
"OID20536",0.948731043364023
"OID21198",0.947148783172377
"OID21427",0.945961838643323
"OID21075",0.944699116126078
"OID20886",0.942748198277665
"OID20674",0.94209298901015
"OID21034",0.940638066731266
"OID20749",0.937791094303009
"OID21328",0.93735161742188
"OID20722",0.936010021606935
"OID20617",0.935185247999157
"OID21463",0.93043150686596
"OID20226",0.92938505823319
"OID20561",0.927582289761779
"OID21141",0.924177583222096
"OID20474",0.923452703212726
"OID20999",0.922690375019395
"OID21304",0.922340703256999
"OID20552",0.921198335891279
"OID20961",0.920408875346313
"OID20197",0.919118413289047
"OID21481",0.91627042157534
"OID21431",0.913177724526652
"OID20408",0.912341928818756
"OID20478",0.912081819633801
"OID20782",0.909728447735731
"OID20392",0.909555189781111
"OID20368",0.907135073571215
"OID20425",0.904616772127751
"OID20522",0.904513474293022
"OID21112",0.902340688317649
"OID21522",0.901577149743227
"OID20286",0.901111916684263
"OID20293",0.900655933440596
"OID20966",0.899476533367645
"OID20308",0.898869734003169
"OID20743",0.897007224418522
"OID21259",0.896420386455563
"OID20496",0.894287356352929
"OID20839",0.89357565343681
"OID21040",0.893477828997107
"OID21244",0.885772128697142
"OID20641",0.883824246854275
"OID20783",0.88278509860081
"OID21445",0.881922694486554
"OID20955",0.880612261736775
"OID21310",0.880388303347986
"OID20996",0.880332891227467
"OID20543",0.878101704334013
"OID20669",0.877632372477297
"OID20587",0.877616893138279
"OID20379",0.875466263051405
"OID20217",0.873901206653284
"OID20505",0.873788718158919
"OID20085",0.871722446005886
"OID20973",0.871458557425704
"OID20979",0.870098684413453
"OID20666",0.869802517452331
"OID20570",0.869790348502905
"OID21041",0.864768321371582
"OID21501",0.864701690992982
"OID20963",0.859156660479876
"OID21342",0.858038726466179
"OID20144",0.857059337526715
"OID20887",0.856838011419566
"OID21454",0.855808822109665
"OID20854",0.855398417674352
"OID21087",0.854322542575152
"OID20294",0.853578414126078
"OID20398",0.853470990046386
"OID21444",0.852482293433816
"OID20630",0.852477361771351
"OID20247",0.849068459414434
"OID20378",0.848154583434722
"OID21295",0.848044054558486
"OID21193",0.845608898229769
"OID20912",0.842884497909353
"OID21026",0.841801482397492
"OID20620",0.841056721644392
"OID21179",0.840954322142266
"OID20510",0.840032535506591
"OID20653",0.836460818868601
"OID20980",0.836428280855181
"OID20655",0.834361875725165
"OID20623",0.832663905081013
"OID20572",0.828656545233228
"OID20413",0.828168682358916
"OID20686",0.826043006068825
"OID21133",0.823870920115702
"OID20695",0.823460155627852
"OID21246",0.822874022083063
"OID21215",0.821534665388159
"OID21129",0.82114826395833
"OID21324",0.818324516851596
"OID20234",0.814029786893027
"OID20324",0.810847288117928
"OID21086",0.808234298493447
"OID21015",0.807638088486856
"OID20870",0.807377489374789
"OID20355",0.803898194042525
"OID21068",0.802725722026816
"OID20691",0.800683928609099
"OID21050",0.799884865294091
"OID20622",0.7998351504859
"OID20962",0.797799530229165
"OID20604",0.795971428750233
"OID20404",0.793262542869268
"OID20223",0.793033904418031
"OID20534",0.791866478289437
"OID20106",0.791269546176226
"OID20222",0.790982055824127
"OID20259",0.790183774961651
"OID20766",0.789636406085729
"OID20216",0.789216494800455
"OID20339",0.786908498919729
"OID20232",0.783551313403932
"OID20739",0.782639523487837
"OID20328",0.782351629404925
"OID20768",0.776952368179194
"OID20195",0.776691732094697
"OID20445",0.775571132469348
"OID20108",0.772207200775992
"OID20500",0.770772986277866
"OID21145",0.769575168788733
"OID21216",0.769387019612306
"OID20731",0.769326950675484
"OID20658",0.76622025873363
"OID20967",0.765628223107828
"OID21235",0.764020852869167
"OID21103",0.763765049101502
"OID21005",0.763379851836075
"OID21397",0.761124243748245
"OID20151",0.761027339265175
"OID21490",0.758712809630657
"OID20832",0.75773286614741
"OID21493",0.756298361996579
"OID21037",0.75624086974944
"OID21229",0.75460679699102
"OID20926",0.754419021205846
"OID21247",0.754017022396461
"OID21083",0.75363999300932
"OID20753",0.753188865355457
"OID20338",0.751818651780708
"OID21192",0.751792689144706
"OID21160",0.751133113594081
"OID21218",0.747760776324504
"OID20375",0.747431863314567
"OID20079",0.746870821864224
"OID21053",0.743824378053681
"OID20919",0.743743119294305
"OID20171",0.743017243333937
"OID20693",0.742976850087855
"OID20600",0.741583532825347
"OID20484",0.740173559717971
"OID21058",0.739329823620695
"OID20638",0.739068524613702
"OID21132",0.738517301015382
"OID20823",0.738347061574158
"OID20917",0.737603334163246
"OID20780",0.737344161256459
"OID21384",0.736393386923402
"OID21441",0.73357173705143
"OID20751",0.730963967538563
"OID21064",0.730836984758622
"OID21110",0.728016562756937
"OID20827",0.725657459441363
"OID21185",0.723855747175811
"OID20091",0.723783263584384
"OID20867",0.721537147492931
"OID20677",0.720549905435879
"OID20934",0.720351191197847
"OID21271",0.720079324552411
"OID20126",0.717712136360325
"OID21414",0.716010989351546
"OID20333",0.715757312943878
"OID20386",0.715069924977775
"OID20418",0.713817148379003
"OID20872",0.713711377622733
"OID20261",0.713331049863155
"OID21227",0.711247680415516
"OID21010",0.711083698519005
"OID20165",0.710786121426458
"OID20660",0.709919507334289
"OID20512",0.7089670920162
"OID20467",0.706276422937388
"OID20455",0.705996010179119
"OID20735",0.704843588435389
"OID21001",0.704742751046902
"OID21137",0.703979712243491
"OID20727",0.703108332821837
"OID21432",0.70246816006519
"OID20278",0.702337396116469
"OID20167",0.701994214826868
"OID20188",0.701927535411566
"OID21480",0.70041327003845
"OID20340",0.700234756911428
"OID20922",0.699285766288783
"OID21219",0.698532365773753
"OID20228",0.696632487836692
"OID20771",0.695165007610998
"OID20664",0.695104593674742
"OID20930",0.694734662500692
"OID20237",0.694431459330855
"OID20770",0.693148325396209
"OID21275",0.692450402279513
"OID20240",0.692366629875116
"OID21317",0.691857639283312
"OID20721",0.691024159919402
"OID21008",0.686994700617362
"OID21201",0.686242594309096
"OID21220",0.685842118796921
"OID20730",0.685240462299902
"OID21114",0.683993898169685
"OID20709",0.683936337556914
"OID20272",0.68383859286108
"OID20429",0.683363683584384
"OID21283",0.682632424199369
"OID21355",0.682036065705381
"OID21519",0.681676233659409
"OID20096",0.681121469979863
"OID20940",0.67932482393364
"OID20764",0.67481754099102
"OID20812",0.673764990554436
"OID20673",0.6727465609049
"OID21175",0.671893178683873
"OID21291",0.668669495826063
"OID20183",0.668459236996654
"OID20113",0.667153241762823
"OID21288",0.666099824402385
"OID21470",0.66504423181668
"OID20893",0.664467223352502
"OID20191",0.664003473240711
"OID20494",0.662996114597854
"OID20053",0.660039643634858
"OID21002",0.659682193364689
"OID20129",0.659407938003836
"OID20087",0.657657825935351
"OID20953",0.657423598466166
"OID20667",0.655488059096005
"OID20913",0.654742246900259
"OID21465",0.654327304952733
"OID20605",0.651339148699067
"OID20725",0.650497397923729
"OID20405",0.648152299305927
"OID20061",0.647308019728976
"OID21018",0.646618883526577
"OID20297",0.645094228772621
"OID21206",0.642763677705632
"OID20239",0.640259740409479
"OID21398",0.639592079845785
"OID21321",0.638419267509408
"OID20456",0.638323471618331
"OID20976",0.637393233857583
"OID21209",0.63636845340251
"OID20824",0.633184868821284
"OID20275",0.632718627670968
"OID21494",0.632360364745504
"OID21299",0.630107119058952
"OID20590",0.630044805404372
"OID20384",0.629284474096659
"OID21049",0.628434062394888
"OID20174",0.628054325047305
"OID21067",0.627650671732511
"OID20489",0.627160919467348
"OID21243",0.626718694749717
"OID21077",0.625148635121664
"OID21270",0.624061262708626
"OID21337",0.623060104468342
"OID20196",0.621647210674767
"OID20121",0.621114801164554
"OID21262",0.61865878622826
"OID20537",0.61681732808222
"OID20296",0.616683521773904
"OID21509",0.616526031673144
"OID20921",0.616149999627902
"OID21406",0.615521433285186
"OID21084",0.614036632259402
"OID20951",0.613962227640417
"OID20491",0.612040902798468
"OID20777",0.611578479414547
"OID21472",0.611259838590245
"OID20304",0.609786945176326
"OID21011",0.608303239157208
"OID20488",0.607719527815863
"OID20155",0.606932155139574
"OID21171",0.606031875983284
"OID20176",0.606004998774243
"OID20540",0.603708309202274
"OID21059",0.60081533224822
"OID21401",0.6007360046559
"OID20972",0.600435587303097
"OID21162",0.600395909529658
"OID21063",0.600341461476354
"OID21435",0.598150813586761
"OID21316",0.598071164713053
"OID21336",0.593794923617828
"OID21471",0.593348677085214
"OID20427",0.592367740286419
"OID20750",0.591444891286884
"OID20763",0.590996149901894
"OID21331",0.59096513881292
"OID20424",0.588818644506276
"OID21046",0.586829144961688
"OID21352",0.584574293083377
"OID20792",0.581705640097766
"OID21027",0.580575074760861
"OID20822",0.578142951885694
"OID20680",0.577226868093528
"OID20329",0.572189514670729
"OID21170",0.571511337985045
"OID20585",0.570973292807524
"OID20114",0.569848151733555
"OID20557",0.569315303187583
"OID20864",0.569109195781765
"OID20077",0.567651383452356
"OID21315",0.566803852950784
"OID20382",0.565976341890725
"OID20633",0.564713909868173
"OID21238",0.564708255568536
"OID20932",0.56337519777491
"OID20694",0.559892502018049
"OID20264",0.55955225331502
"OID21524",0.559316293518929
"OID21447",0.55880524356763
"OID21138",0.557198007290305
"OID21172",0.5570983943866
"OID21389",0.554850790537419
"OID21115",0.554428423140794
"OID20211",0.553391190096446
"OID20279",0.551536935055052
"OID20569",0.550584532332818
"OID20142",0.550430050564196
"OID20613",0.550268359655473
"OID20710",0.550080233979524
"OID20807",0.547471000254723
"OID20713",0.54691049769391
"OID20148",0.54641053575915
"OID20632",0.546132974358011
"OID21438",0.545605575073617
"OID21440",0.544677217268521
"OID20549",0.544538292764672
"OID20115",0.544453870977398
"OID21241",0.543660234177697
"OID21529",0.541899650904234
"OID21374",0.541287016186892
"OID20154",0.541143137482454
"OID20480",0.541000719896813
"OID20767",0.539908800273929
"OID21135",0.539736414255264
"OID20320",0.539425192398712
"OID20242",0.539235783618331
"OID20602",0.536846522915252
"OID20282",0.536487011498403
"OID21189",0.535845245490718
"OID20652",0.535607534498918
"OID20454",0.535410407460619
"OID20302",0.534866352769451
"OID20676",0.533856790249792
"OID21079",0.533185229566624
"OID20828",0.532897219582371
"OID21423",0.531145293497912
"OID20535",0.531031911977926
"OID21344",0.530742797831245
"OID20451",0.530600953535016
"OID21278",0.530302808862275
"OID20070",0.529588355612042
"OID20529",0.52905975647331
"OID20314",0.52888725519035
"OID21346",0.52858119505138
"OID20476",0.528407880963336
"OID20765",0.527502253391744
"OID20915",0.526964992161145
"OID20538",0.526690802409894
"OID21360",0.525445119435917
"OID20562",0.523977809463324
"OID21405",0.522662621076258
"OID20774",0.522556973117148
"OID20661",0.521996677298481
"OID20639",0.520730004665547
"OID20267",0.518514150757062
"OID20936",0.518037934194539
"OID21433",0.517647211588257
"OID20804",0.5172759052065
"OID21152",0.516447400070435
"OID20084",0.514779054323359
"OID20881",0.514595892256974
"OID20612",0.512715756469763
"OID21460",0.511744169043443
"OID20316",0.510709732311373
"OID20373",0.510141838372802
"OID21174",0.509254760876198
"OID20140",0.509125197654466
"OID20781",0.507660473764056
"OID20811",0.507466108347496
"OID20497",0.50680678116595
"OID21407",0.503784796698161
"OID20547",0.503116998486554
"OID20857",0.502823526376035
"OID20401",0.50240227512872
"OID21517",0.502187825009634
"OID20530",0.501823375589717
"OID21236",0.501103056061027
"OID21412",0.500660820454808
"OID20391",0.499920712938847
"OID20458",0.499185001897102
"OID21404",0.496551604447778
"OID21394",0.495876384282595
"OID21514",0.495294819021998
"OID20662",0.494841494528375
"OID21286",0.492535856318668
"OID20884",0.492356733706991
"OID21456",0.492225187210714
"OID21196",0.49107533722226
"OID20599",0.490473720987146
"OID21134",0.490451382038639
"OID20690",0.489112115332881
"OID20720",0.488389331927842
"OID20581",0.487579562513571
"OID20848",0.48662356112706
"OID21339",0.486401546902121
"OID20394",0.485155658808744
"OID20888",0.483387781322353
"OID20290",0.482294832455865
"OID20362",0.482236544609061
"OID21055",0.481416389714235
"OID20071",0.480231110021181
"OID20941",0.480183546590597
"OID21468",0.479600095244221
"OID20878",0.479410016688099
"OID20834",0.477949331830252
"OID20414",0.475554873630229
"OID21359",0.474535957380059
"OID20702",0.473212655683911
"OID21161",0.4732052672065
"OID20168",0.473148960652416
"OID21301",0.47271714053801
"OID20556",0.47246555188348
"OID21231",0.470762874351772
"OID20525",0.469877309399102
"OID20806",0.46896889581424
"OID20502",0.466768196616092
"OID20332",0.466271201722889
"OID20668",0.465981766951966
"OID20208",0.465431554690413
"OID20265",0.46510889691705
"OID21400",0.464870771267615
"OID21518",0.46343362757729
"OID20348",0.463277615427666
"OID20447",0.461300283463789
"OID20566",0.461001166679395
"OID21318",0.460565474502994
"OID20352",0.459678107614507
"OID20442",0.459534926540123
"OID21458",0.459457453801185
"OID20473",0.458585692615048
"OID21147",0.4585255971012
"OID20855",0.457006505337157
"OID21122",0.456617207097791
"OID21023",0.456023964662642
"OID20493",0.454985579450293
"OID20852",0.4549780626234
"OID21429",0.453520220849294
"OID21102",0.451829460973612
"OID20629",0.45172355412794
"OID21070",0.45095783599317
"OID20281",0.450871020881632
"OID20651",0.45044094436279
"OID21228",0.449430434796217
"OID20393",0.448864725541305
"OID20624",0.447095751311737
"OID21090",0.447038895585956
"OID21096",0.445751871346515
"OID21194",0.445576282109212
"OID20410",0.443955098850087
"OID21525",0.443340933426056
"OID20229",0.443245703345358
"OID20185",0.443205732263527
"OID20131",0.442146796653888
"OID20719",0.441881999310341
"OID20974",0.441665388204525
"OID20170",0.441613660453035
"OID20231",0.441440515347534
"OID20897",0.441090683856652
"OID21526",0.440432956996403
"OID20416",0.440395039982894
"OID20654",0.440280054795022
"OID20236",0.439931666181018
"OID21165",0.439005340265301
"OID21424",0.4387569911093
"OID21308",0.438065261967399
"OID20388",0.436373054239517
"OID20994",0.434892194516527
"OID20747",0.434473291667535
"OID20346",0.43426057422343
"OID21362",0.433079898682313
"OID21345",0.431409891877833
"OID20621",0.431170536083063
"OID20076",0.431121865751365
"OID21303",0.430605206221002
"OID20835",0.430285103082535
"OID20948",0.430177346624909
"OID20565",0.429327303595792
"OID20397",0.429081393809071
"OID20235",0.427865421062712
"OID20255",0.427198609839308
"OID20367",0.427042402882839
"OID20982",0.426556111443312
"OID20611",0.425838753773514
"OID20706",0.425077100654856
"OID20773",0.424606625583377
"OID20270",0.423742799302883
"OID20199",0.423297560244598
"OID20377",0.421581496691986
"OID20555",0.420651216061178
"OID21240",0.420467108826755
"OID21130",0.420330331103476
"OID21028",0.420132597021445
"OID20531",0.419960089759465
"OID20130",0.416028786656667
"OID20133",0.415496950990076
"OID20481",0.414017872807235
"OID20238",0.413409686853722
"OID20358",0.412634490658152
"OID21322",0.412474508778696
"OID20194",0.412341696860111
"OID20353",0.412011661430986
"OID20145",0.411743730420383
"OID20132",0.410877456606935
"OID21353",0.410868164494805
"OID21230",0.410407435440948
"OID20513",0.407985736358866
"OID20082",0.407793809471071
"OID21136",0.407165498619123
"OID20380",0.407113284662503
"OID20914",0.407107561147473
"OID20204",0.406881948453752
"OID20637",0.406218598340553
"OID20464",0.403818098422547
"OID20957",0.403634235768055
"OID21052",0.401988238542651
"OID20213",0.401086851887757
"OID21366",0.400694744460795
"OID20733",0.399561417217619
"OID21252",0.39888307116727
"OID20755",0.398562214798443
"OID20360",0.398314603084547
"OID20172",0.397879764126179
"OID21474",0.397735211047518
"OID20337",0.396867029370966
"OID20487",0.396772458838188
"OID20374",0.395374044889631
"OID20754",0.394631232203909
"OID20575",0.394371958281689
"OID20909",0.393420185283891
"OID20626",0.39339155104616
"OID20396",0.39329734168464
"OID20462",0.392691977143612
