"factor","rank","feature","Assay","UniProt","Panel","Panel_Version","value","abs_weight","view","feature_label"
"Factor1",1,"OID20626","BSG","P35613","INFLAMMATION",1,0.502922177314758,0.502922177314758,"Protein","BSG"
"Factor1",2,"OID21143","DBI","P07108","NEUROLOGY",1,0.496857523918152,0.496857523918152,"Protein","DBI"
"Factor1",3,"OID20691","F2R","P25116","INFLAMMATION",1,0.494976431131363,0.494976431131363,"Protein","F2R"
"Factor1",4,"OID20167","IGSF8","Q969P0","CARDIOMETABOLIC",1,0.485428929328918,0.485428929328918,"Protein","IGSF8"
"Factor1",5,"OID21476","ATOX1","O00244","ONCOLOGY",1,0.482691913843155,0.482691913843155,"Protein","ATOX1"
"Factor1",6,"OID20270","ESAM","Q96AP7","CARDIOMETABOLIC",1,0.477626353502274,0.477626353502274,"Protein","ESAM"
"Factor1",7,"OID20783","TNFRSF14","Q92956","INFLAMMATION",1,0.472835749387741,0.472835749387741,"Protein","TNFRSF14"
"Factor1",8,"OID21110","CD99","P14209","NEUROLOGY",1,0.471925556659698,0.471925556659698,"Protein","CD99"
"Factor1",9,"OID20713","BTN2A1","Q7KYR7","INFLAMMATION",1,0.46875137090683,0.46875137090683,"Protein","BTN2A1"
"Factor1",10,"OID20233","FAM3C","Q92520","CARDIOMETABOLIC",1,0.466336727142334,0.466336727142334,"Protein","FAM3C"
"Factor1",11,"OID21118","TMSB10","P63313","NEUROLOGY",1,0.461840629577637,0.461840629577637,"Protein","TMSB10"
"Factor1",12,"OID20935","EFNA4","P52798","NEUROLOGY",1,0.460635095834732,0.460635095834732,"Protein","EFNA4"
"Factor1",13,"OID21122","CD99L2","Q8TCZ2","NEUROLOGY",1,0.460389703512192,0.460389703512192,"Protein","CD99L2"
"Factor1",14,"OID20720","SPINT2","O43291","INFLAMMATION",1,0.459817439317703,0.459817439317703,"Protein","SPINT2"
"Factor1",15,"OID20339","CD59","P13987","CARDIOMETABOLIC",1,0.459755003452301,0.459755003452301,"Protein","CD59"
"Factor1",16,"OID20294","CSTB","P04080","CARDIOMETABOLIC",1,0.459557801485062,0.459557801485062,"Protein","CSTB"
"Factor1",17,"OID21318","CDNF","Q49AH0","ONCOLOGY",1,0.456018179655075,0.456018179655075,"Protein","CDNF"
"Factor1",18,"OID21023","SERPINB6","P35237","NEUROLOGY",1,0.455907106399536,0.455907106399536,"Protein","SERPINB6"
"Factor1",19,"OID21012","TXNDC5","Q8NBS9","NEUROLOGY",1,0.45424023270607,0.45424023270607,"Protein","TXNDC5"
"Factor1",20,"OID20786","AGRN","O00468","INFLAMMATION",1,0.451831579208374,0.451831579208374,"Protein","AGRN"
"Factor2",1,"OID20126","CLC","Q05315","CARDIOMETABOLIC",1,0.00929158180952072,0.00929158180952072,"Protein","CLC"
"Factor2",2,"OID20579","DECR1","Q16698","INFLAMMATION",1,-0.00914681423455477,0.00914681423455477,"Protein","DECR1"
"Factor2",3,"OID20952","TXLNA","P40222","NEUROLOGY",1,0.00807159207761288,0.00807159207761288,"Protein","TXLNA"
"Factor2",4,"OID20653","TNFRSF4","P43489","INFLAMMATION",1,0.00716450624167919,0.00716450624167919,"Protein","TNFRSF4"
"Factor2",5,"OID20400","CST3","P01034","CARDIOMETABOLIC",1,-0.00714761996641755,0.00714761996641755,"Protein","CST3"
"Factor2",6,"OID20985","TNFRSF9","Q07011","NEUROLOGY",1,0.0068163676187396,0.0068163676187396,"Protein","TNFRSF9"
"Factor2",7,"OID21144","VSIG4","Q9Y279","NEUROLOGY",1,-0.00658026756718755,0.00658026756718755,"Protein","VSIG4"
"Factor2",8,"OID21155","TNFRSF1A","P19438","NEUROLOGY",1,-0.00637052021920681,0.00637052021920681,"Protein","TNFRSF1A"
"Factor2",9,"OID21001","ADAM22","Q9P0K1","NEUROLOGY",1,0.00632777763530612,0.00632777763530612,"Protein","ADAM22"
"Factor2",10,"OID21375","SIRT2","Q8IXJ6","ONCOLOGY",1,-0.00615017674863338,0.00615017674863338,"Protein","SIRT2"
"Factor2",11,"OID20970","LAYN","Q6UX15","NEUROLOGY",1,0.00600613187998533,0.00600613187998533,"Protein","LAYN"
"Factor2",12,"OID20910","CLPP","Q16740","NEUROLOGY",1,-0.00598239852115512,0.00598239852115512,"Protein","CLPP"
"Factor2",13,"OID20178","NADK","O95544","CARDIOMETABOLIC",1,-0.00592164974659681,0.00592164974659681,"Protein","NADK"
"Factor2",14,"OID20675","CXCL9","Q07325","INFLAMMATION",1,0.00589972827583551,0.00589972827583551,"Protein","CXCL9"
"Factor2",15,"OID21125","EFNA1","P20827","NEUROLOGY",1,-0.005831987131387,0.005831987131387,"Protein","EFNA1"
"Factor2",16,"OID21040","CD74","P04233","NEUROLOGY",1,0.00577954854816198,0.00577954854816198,"Protein","CD74"
"Factor2",17,"OID20718","HSPA1A","P0DMV8","INFLAMMATION",1,-0.0057479995302856,0.0057479995302856,"Protein","HSPA1A"
"Factor2",18,"OID20908","PTPN1","P18031","NEUROLOGY",1,0.00573624158278108,0.00573624158278108,"Protein","PTPN1"
"Factor2",19,"OID20781","LGALS9","O00182","INFLAMMATION",1,-0.00569231156259775,0.00569231156259775,"Protein","LGALS9"
"Factor2",20,"OID20567","NCF2","P19878","INFLAMMATION",1,0.00567135121673346,0.00567135121673346,"Protein","NCF2"
"Factor3",1,"OID21521","SRC","P12931","ONCOLOGY",1,0.44264617562294,0.44264617562294,"Protein","SRC"
"Factor3",2,"OID20305","CASP3","P42574","CARDIOMETABOLIC",1,0.440595597028732,0.440595597028732,"Protein","CASP3"
"Factor3",3,"OID21176","PDP1","Q9P0J1","ONCOLOGY",1,0.437437862157822,0.437437862157822,"Protein","PDP1"
"Factor3",4,"OID20685","PLA2G4A","P47712","INFLAMMATION",1,0.430643111467361,0.430643111467361,"Protein","PLA2G4A"
"Factor3",5,"OID20615","HPCAL1","P37235","INFLAMMATION",1,0.429093599319458,0.429093599319458,"Protein","HPCAL1"
"Factor3",6,"OID21477","TJAP1","Q5JTD0","ONCOLOGY",1,0.42689511179924,0.42689511179924,"Protein","TJAP1"
"Factor3",7,"OID21253","MAP3K5","Q99683","ONCOLOGY",1,0.424726545810699,0.424726545810699,"Protein","MAP3K5"
"Factor3",8,"OID20903","DARS","P14868","NEUROLOGY",1,0.421512633562088,0.421512633562088,"Protein","DARS"
"Factor3",9,"OID21281","VPS53","Q5VIR6","ONCOLOGY",1,0.42134964466095,0.42134964466095,"Protein","VPS53"
"Factor3",10,"OID21285","TACC3","Q9Y6A5","ONCOLOGY",1,0.419964909553528,0.419964909553528,"Protein","TACC3"
"Factor3",11,"OID20865","ATXN10","Q9UBB4","NEUROLOGY",1,0.419395565986633,0.419395565986633,"Protein","ATXN10"
"Factor3",12,"OID20577","IRAK4","Q9NWZ3","INFLAMMATION",1,0.419114083051682,0.419114083051682,"Protein","IRAK4"
"Factor3",13,"OID20717","PTPN6","P29350","INFLAMMATION",1,0.418949633836746,0.418949633836746,"Protein","PTPN6"
"Factor3",14,"OID20425","RAB37","Q96AX2","INFLAMMATION",1,0.416231632232666,0.416231632232666,"Protein","RAB37"
"Factor3",15,"OID20515","FOXO1","Q12778","INFLAMMATION",1,0.414658844470978,0.414658844470978,"Protein","FOXO1"
"Factor3",16,"OID20930","CHMP1A","Q9HD42","NEUROLOGY",1,0.414010316133499,0.414010316133499,"Protein","CHMP1A"
"Factor3",17,"OID20683","NCK2","O43639","INFLAMMATION",1,0.413463115692139,0.413463115692139,"Protein","NCK2"
"Factor3",18,"OID21240","STXBP3","O00186","ONCOLOGY",1,0.413430422544479,0.413430422544479,"Protein","STXBP3"
"Factor3",19,"OID20524","DAPP1","Q9UN19","INFLAMMATION",1,0.413014084100723,0.413014084100723,"Protein","DAPP1"
"Factor3",20,"OID20507","TRAF2","Q12933","INFLAMMATION",1,0.412685751914978,0.412685751914978,"Protein","TRAF2"
"Factor4",1,"OID20211","ANGPTL1","O95841","CARDIOMETABOLIC",1,-0.445785224437714,0.445785224437714,"Protein","ANGPTL1"
"Factor4",2,"OID20795","IFNL1","Q8IU54","NEUROLOGY",1,-0.424449801445007,0.424449801445007,"Protein","IFNL1"
"Factor4",3,"OID20654","C1QA","P02745","INFLAMMATION",1,-0.395557999610901,0.395557999610901,"Protein","C1QA"
"Factor4",4,"OID20697","CXCL10","P02778","INFLAMMATION",1,-0.359919309616089,0.359919309616089,"Protein","CXCL10"
"Factor4",5,"OID20462","SIT1","Q9Y3P8","INFLAMMATION",1,0.346303403377533,0.346303403377533,"Protein","SIT1"
"Factor4",6,"OID21466","CCL8","P80075","ONCOLOGY",1,-0.33320489525795,0.33320489525795,"Protein","CCL8"
"Factor4",7,"OID21111","FCRL5","Q96RD9","NEUROLOGY",1,0.32214543223381,0.32214543223381,"Protein","FCRL5"
"Factor4",8,"OID20169","SDC1","P18827","CARDIOMETABOLIC",1,0.320768028497696,0.320768028497696,"Protein","SDC1"
"Factor4",9,"OID20581","ITGA11","Q9UKX5","INFLAMMATION",1,-0.307209044694901,0.307209044694901,"Protein","ITGA11"
"Factor4",10,"OID20491","CSF3","P09919","INFLAMMATION",1,-0.304821729660034,0.304821729660034,"Protein","CSF3"
"Factor4",11,"OID20272","TNFSF13B","Q9Y275","CARDIOMETABOLIC",1,-0.299127519130707,0.299127519130707,"Protein","TNFSF13B"
"Factor4",12,"OID20772","CCL24","O00175","INFLAMMATION",1,0.299015700817108,0.299015700817108,"Protein","CCL24"
"Factor4",13,"OID20660","CTSO","P43234","INFLAMMATION",1,-0.29688024520874,0.29688024520874,"Protein","CTSO"
"Factor4",14,"OID20653","TNFRSF4","P43489","INFLAMMATION",1,0.289665967226028,0.289665967226028,"Protein","TNFRSF4"
"Factor4",15,"OID21096","CA6","P23280","NEUROLOGY",1,-0.279610276222229,0.279610276222229,"Protein","CA6"
"Factor4",16,"OID21380","MSLN","Q13421","ONCOLOGY",1,0.268733888864517,0.268733888864517,"Protein","MSLN"
"Factor4",17,"OID20334","CCL16","O15467","CARDIOMETABOLIC",1,0.268727451562881,0.268727451562881,"Protein","CCL16"
"Factor4",18,"OID20196","KITLG","P21583","CARDIOMETABOLIC",1,-0.265116930007935,0.265116930007935,"Protein","KITLG"
"Factor4",19,"OID20214","SFTPD","P35247","CARDIOMETABOLIC",1,0.263574212789536,0.263574212789536,"Protein","SFTPD"
"Factor4",20,"OID20495","IFNG","P01579","INFLAMMATION",1,-0.261486768722534,0.261486768722534,"Protein","IFNG"
"Factor5",1,"OID20101","IL6","P05231","CARDIOMETABOLIC",1,-0.493754506111145,0.493754506111145,"Protein","IL6"
"Factor5",2,"OID21276","IL6","P05231","ONCOLOGY",1,-0.492899566888809,0.492899566888809,"Protein","IL6"
"Factor5",3,"OID20563","IL6","P05231","INFLAMMATION",1,-0.49012815952301,0.49012815952301,"Protein","IL6"
"Factor5",4,"OID20911","IL6","P05231","NEUROLOGY",1,-0.489963918924332,0.489963918924332,"Protein","IL6"
"Factor5",5,"OID20611","TNFSF10","P50591","INFLAMMATION",1,0.489913821220398,0.489913821220398,"Protein","TNFSF10"
"Factor5",6,"OID20574","OSM","P13725","INFLAMMATION",1,-0.468609511852264,0.468609511852264,"Protein","OSM"
"Factor5",7,"OID20523","CCL7","P80098","INFLAMMATION",1,-0.467862784862518,0.467862784862518,"Protein","CCL7"
"Factor5",8,"OID21517","KLK8","O60259","ONCOLOGY",1,0.466635495424271,0.466635495424271,"Protein","KLK8"
"Factor5",9,"OID20274","PLA2G2A","P14555","CARDIOMETABOLIC",1,-0.464396297931671,0.464396297931671,"Protein","PLA2G2A"
"Factor5",10,"OID21421","VWA1","Q6PCB0","ONCOLOGY",1,-0.458297342061996,0.458297342061996,"Protein","VWA1"
"Factor5",11,"OID21019","MMP8","P22894","NEUROLOGY",1,-0.453214973211288,0.453214973211288,"Protein","MMP8"
"Factor5",12,"OID21374","S100A12","P80511","ONCOLOGY",1,-0.445123851299286,0.445123851299286,"Protein","S100A12"
"Factor5",13,"OID20355","LBP","P18428","CARDIOMETABOLIC",1,-0.441445171833038,0.441445171833038,"Protein","LBP"
"Factor5",14,"OID20671","CCL20","P78556","INFLAMMATION",1,-0.435792058706284,0.435792058706284,"Protein","CCL20"
"Factor5",15,"OID20824","LIF","P15018","NEUROLOGY",1,-0.421472907066345,0.421472907066345,"Protein","LIF"
"Factor5",16,"OID20656","HGF","P14210","INFLAMMATION",1,-0.414777129888535,0.414777129888535,"Protein","HGF"
"Factor5",17,"OID20329","PRTN3","P24158","CARDIOMETABOLIC",1,-0.40985631942749,0.40985631942749,"Protein","PRTN3"
"Factor5",18,"OID20250","IL1RL1","Q01638","CARDIOMETABOLIC",1,-0.400549650192261,0.400549650192261,"Protein","IL1RL1"
"Factor5",19,"OID21310","VNN2","O95498","ONCOLOGY",1,-0.397842288017273,0.397842288017273,"Protein","VNN2"
"Factor5",20,"OID21450","SPINK6","Q6UWN8","ONCOLOGY",1,0.396410584449768,0.396410584449768,"Protein","SPINK6"
"Factor6",1,"OID21149","CA2","P00918","NEUROLOGY",1,0.687000811100006,0.687000811100006,"Protein","CA2"
"Factor6",2,"OID20744","DNPH1","O43598","INFLAMMATION",1,0.686583518981934,0.686583518981934,"Protein","DNPH1"
"Factor6",3,"OID20682","PKLR","P30613","INFLAMMATION",1,0.684618651866913,0.684618651866913,"Protein","PKLR"
"Factor6",4,"OID20122","AK1","P00568","CARDIOMETABOLIC",1,0.682938456535339,0.682938456535339,"Protein","AK1"
"Factor6",5,"OID21141","BLVRB","P30043","NEUROLOGY",1,0.678993582725525,0.678993582725525,"Protein","BLVRB"
"Factor6",6,"OID21459","HAGH","Q16775","ONCOLOGY",1,0.667116701602936,0.667116701602936,"Protein","HAGH"
"Factor6",7,"OID21433","HBQ1","P09105","ONCOLOGY",1,0.664221584796906,0.664221584796906,"Protein","HBQ1"
"Factor6",8,"OID20409","CA1","P00915","CARDIOMETABOLIC",1,0.66145259141922,0.66145259141922,"Protein","CA1"
"Factor6",9,"OID20141","TGM2","P21980","CARDIOMETABOLIC",1,0.659976363182068,0.659976363182068,"Protein","TGM2"
"Factor6",10,"OID21385","HMBS","P08397","ONCOLOGY",1,0.659885704517365,0.659885704517365,"Protein","HMBS"
"Factor6",11,"OID21003","LXN","Q9BS40","NEUROLOGY",1,0.657356083393097,0.657356083393097,"Protein","LXN"
"Factor6",12,"OID20749","LHPP","Q9H008","INFLAMMATION",1,0.646584153175354,0.646584153175354,"Protein","LHPP"
"Factor6",13,"OID21336","UBAC1","Q9BSL1","ONCOLOGY",1,0.643796563148499,0.643796563148499,"Protein","UBAC1"
"Factor6",14,"OID20859","CARHSP1","Q9Y2V2","NEUROLOGY",1,0.642415821552277,0.642415821552277,"Protein","CARHSP1"
"Factor6",15,"OID20973","CCS","O14618","NEUROLOGY",1,0.63787567615509,0.63787567615509,"Protein","CCS"
"Factor6",16,"OID21304","PSMD9","O00233","ONCOLOGY",1,0.627213716506958,0.627213716506958,"Protein","PSMD9"
"Factor6",17,"OID21445","ARG1","P05089","ONCOLOGY",1,0.618727445602417,0.618727445602417,"Protein","ARG1"
"Factor6",18,"OID21246","ATG4A","Q8WYN0","ONCOLOGY",1,0.609642207622528,0.609642207622528,"Protein","ATG4A"
"Factor6",19,"OID21347","PPME1","Q9Y570","ONCOLOGY",1,0.608787596225739,0.608787596225739,"Protein","PPME1"
"Factor6",20,"OID21519","S100A4","P26447","ONCOLOGY",1,0.605488181114197,0.605488181114197,"Protein","S100A4"
"Factor7",1,"OID21187","RRM2","P31350","ONCOLOGY",1,-0.516317546367645,0.516317546367645,"Protein","RRM2"
"Factor7",2,"OID20599","CD70","P32970","INFLAMMATION",1,-0.465022295713425,0.465022295713425,"Protein","CD70"
"Factor7",3,"OID20148","DCTPP1","Q9H773","CARDIOMETABOLIC",1,-0.447083085775375,0.447083085775375,"Protein","DCTPP1"
"Factor7",4,"OID20523","CCL7","P80098","INFLAMMATION",1,-0.445068329572678,0.445068329572678,"Protein","CCL7"
"Factor7",5,"OID20178","NADK","O95544","CARDIOMETABOLIC",1,-0.441599726676941,0.441599726676941,"Protein","NADK"
"Factor7",6,"OID21084","WARS","P23381","NEUROLOGY",1,-0.433979272842407,0.433979272842407,"Protein","WARS"
"Factor7",7,"OID20883","BRK1","Q8WUW1","NEUROLOGY",1,-0.414576560258865,0.414576560258865,"Protein","BRK1"
"Factor7",8,"OID20754","CDON","Q4KMG0","INFLAMMATION",1,0.390877068042755,0.390877068042755,"Protein","CDON"
"Factor7",9,"OID21049","TNFRSF8","P28908","NEUROLOGY",1,-0.388309836387634,0.388309836387634,"Protein","TNFRSF8"
"Factor7",10,"OID21481","C4BPB","P20851","ONCOLOGY",1,-0.387107968330383,0.387107968330383,"Protein","C4BPB"
"Factor7",11,"OID20355","LBP","P18428","CARDIOMETABOLIC",1,-0.364398539066315,0.364398539066315,"Protein","LBP"
"Factor7",12,"OID20596","KRT19","P08727","INFLAMMATION",1,-0.357824832201004,0.357824832201004,"Protein","KRT19"
"Factor7",13,"OID21514","FURIN","P09958","ONCOLOGY",1,-0.355380564928055,0.355380564928055,"Protein","FURIN"
"Factor7",14,"OID21429","LRIG1","Q96JA1","ONCOLOGY",1,-0.35492417216301,0.35492417216301,"Protein","LRIG1"
"Factor7",15,"OID20904","MAD1L1","Q9Y6D9","NEUROLOGY",1,-0.351704329252243,0.351704329252243,"Protein","MAD1L1"
"Factor7",16,"OID21421","VWA1","Q6PCB0","ONCOLOGY",1,-0.348925977945328,0.348925977945328,"Protein","VWA1"
"Factor7",17,"OID20911","IL6","P05231","NEUROLOGY",1,-0.328591048717499,0.328591048717499,"Protein","IL6"
"Factor7",18,"OID20702","TNFRSF13B","O14836","INFLAMMATION",1,-0.326687842607498,0.326687842607498,"Protein","TNFRSF13B"
"Factor7",19,"OID21276","IL6","P05231","ONCOLOGY",1,-0.326385796070099,0.326385796070099,"Protein","IL6"
"Factor7",20,"OID20101","IL6","P05231","CARDIOMETABOLIC",1,-0.325482547283173,0.325482547283173,"Protein","IL6"
"Factor8",1,"OID20117","ADH4","P08319","CARDIOMETABOLIC",1,-0.776646852493286,0.776646852493286,"Protein","ADH4"
"Factor8",2,"OID20139","AGXT","P21549","CARDIOMETABOLIC",1,-0.764868974685669,0.764868974685669,"Protein","AGXT"
"Factor8",3,"OID20166","GSTA1","P08263","CARDIOMETABOLIC",1,-0.762143492698669,0.762143492698669,"Protein","GSTA1"
"Factor8",4,"OID21425","SCLY","Q96I15","ONCOLOGY",1,-0.760218441486359,0.760218441486359,"Protein","SCLY"
"Factor8",5,"OID20669","KYNU","Q16719","INFLAMMATION",1,-0.753438472747803,0.753438472747803,"Protein","KYNU"
"Factor8",6,"OID20137","ACY1","Q03154","CARDIOMETABOLIC",1,-0.729636311531067,0.729636311531067,"Protein","ACY1"
"Factor8",7,"OID20508","SULT2A1","Q06520","INFLAMMATION",1,-0.702633082866669,0.702633082866669,"Protein","SULT2A1"
"Factor8",8,"OID21395","HAO1","Q9UJM8","ONCOLOGY",1,-0.697726726531982,0.697726726531982,"Protein","HAO1"
"Factor8",9,"OID21242","GSTA3","Q16772","ONCOLOGY",1,-0.695866703987122,0.695866703987122,"Protein","GSTA3"
"Factor8",10,"OID20839","PBLD","P30039","NEUROLOGY",1,-0.686514794826508,0.686514794826508,"Protein","PBLD"
"Factor8",11,"OID20227","FBP1","P09467","CARDIOMETABOLIC",1,-0.648357272148132,0.648357272148132,"Protein","FBP1"
"Factor8",12,"OID21453","SORD","Q00796","ONCOLOGY",1,-0.639619052410126,0.639619052410126,"Protein","SORD"
"Factor8",13,"OID21269","ACAA1","P09110","ONCOLOGY",1,-0.627494871616364,0.627494871616364,"Protein","ACAA1"
"Factor8",14,"OID21480","DCXR","Q7Z4W1","ONCOLOGY",1,-0.621188640594482,0.621188640594482,"Protein","DCXR"
"Factor8",15,"OID20075","CA5A","P35218","CARDIOMETABOLIC",1,-0.612079620361328,0.612079620361328,"Protein","CA5A"
"Factor8",16,"OID20714","SHMT1","P34896","INFLAMMATION",1,-0.602633893489838,0.602633893489838,"Protein","SHMT1"
"Factor8",17,"OID21161","SCP2","P22307","ONCOLOGY",1,-0.584976613521576,0.584976613521576,"Protein","SCP2"
"Factor8",18,"OID20847","PTS","Q03393","NEUROLOGY",1,-0.584361970424652,0.584361970424652,"Protein","PTS"
"Factor8",19,"OID20215","DDC","P20711","CARDIOMETABOLIC",1,-0.583387553691864,0.583387553691864,"Protein","DDC"
"Factor8",20,"OID20459","MVK","Q03426","INFLAMMATION",1,-0.57740592956543,0.57740592956543,"Protein","MVK"
"Factor9",1,"OID20795","IFNL1","Q8IU54","NEUROLOGY",1,-0.39365616440773,0.39365616440773,"Protein","IFNL1"
"Factor9",2,"OID20690","SIGLEC1","Q9BZZ2","INFLAMMATION",1,-0.383077055215836,0.383077055215836,"Protein","SIGLEC1"
"Factor9",3,"OID20697","CXCL10","P02778","INFLAMMATION",1,-0.381867378950119,0.381867378950119,"Protein","CXCL10"
"Factor9",4,"OID20495","IFNG","P01579","INFLAMMATION",1,-0.380515545606613,0.380515545606613,"Protein","IFNG"
"Factor9",5,"OID21466","CCL8","P80075","ONCOLOGY",1,-0.372849583625793,0.372849583625793,"Protein","CCL8"
"Factor9",6,"OID20604","GZMB","P10144","INFLAMMATION",1,-0.350646436214447,0.350646436214447,"Protein","GZMB"
"Factor9",7,"OID21042","CXCL11","O14625","NEUROLOGY",1,-0.329821676015854,0.329821676015854,"Protein","CXCL11"
"Factor9",8,"OID20272","TNFSF13B","Q9Y275","CARDIOMETABOLIC",1,-0.326364696025848,0.326364696025848,"Protein","TNFSF13B"
"Factor9",9,"OID21315","LAG3","P18627","ONCOLOGY",1,-0.289824098348618,0.289824098348618,"Protein","LAG3"
"Factor9",10,"OID20660","CTSO","P43234","INFLAMMATION",1,-0.288298040628433,0.288298040628433,"Protein","CTSO"
"Factor9",11,"OID20772","CCL24","O00175","INFLAMMATION",1,0.285043984651566,0.285043984651566,"Protein","CCL24"
"Factor9",12,"OID20654","C1QA","P02745","INFLAMMATION",1,-0.281731009483337,0.281731009483337,"Protein","C1QA"
"Factor9",13,"OID20611","TNFSF10","P50591","INFLAMMATION",1,-0.275734305381775,0.275734305381775,"Protein","TNFSF10"
"Factor9",14,"OID20755","ADGRE2","Q9UHX3","INFLAMMATION",1,-0.263750553131104,0.263750553131104,"Protein","ADGRE2"
"Factor9",15,"OID20781","LGALS9","O00182","INFLAMMATION",1,-0.26236629486084,0.26236629486084,"Protein","LGALS9"
"Factor9",16,"OID20575","HSD11B1","P28845","INFLAMMATION",1,-0.25303253531456,0.25303253531456,"Protein","HSD11B1"
"Factor9",17,"OID20264","DKK3","Q9UBP4","CARDIOMETABOLIC",1,-0.250911593437195,0.250911593437195,"Protein","DKK3"
"Factor9",18,"OID20178","NADK","O95544","CARDIOMETABOLIC",1,-0.250665187835693,0.250665187835693,"Protein","NADK"
"Factor9",19,"OID20719","CSF1","P09603","INFLAMMATION",1,-0.249099507927895,0.249099507927895,"Protein","CSF1"
"Factor9",20,"OID20732","MZB1","Q8WU39","INFLAMMATION",1,0.24308043718338,0.24308043718338,"Protein","MZB1"
"Factor10",1,"OID20589","HEXIM1","O94992","INFLAMMATION",1,-0.0297324974089861,0.0297324974089861,"Protein","HEXIM1"
"Factor10",2,"OID20616","CD40LG","P29965","INFLAMMATION",1,0.0290967114269733,0.0290967114269733,"Protein","CD40LG"
"Factor10",3,"OID20155","IGFBPL1","Q8WX77","CARDIOMETABOLIC",1,-0.0261516496539116,0.0261516496539116,"Protein","IGFBPL1"
"Factor10",4,"OID20698","EGF","P01133","INFLAMMATION",1,0.0245715864002705,0.0245715864002705,"Protein","EGF"
"Factor10",5,"OID21052","TNFRSF21","O75509","NEUROLOGY",1,-0.0238894391804934,0.0238894391804934,"Protein","TNFRSF21"
"Factor10",6,"OID21381","VMO1","Q7Z5L0","ONCOLOGY",1,-0.0236726626753807,0.0236726626753807,"Protein","VMO1"
"Factor10",7,"OID20114","BAG6","P46379","CARDIOMETABOLIC",1,-0.0229837819933891,0.0229837819933891,"Protein","BAG6"
"Factor10",8,"OID20733","TNFSF13","O75888","INFLAMMATION",1,0.0226914416998625,0.0226914416998625,"Protein","TNFSF13"
"Factor10",9,"OID20691","F2R","P25116","INFLAMMATION",1,0.0219233520328999,0.0219233520328999,"Protein","F2R"
"Factor10",10,"OID20375","TIMD4","Q96H15","CARDIOMETABOLIC",1,-0.0217677485197783,0.0217677485197783,"Protein","TIMD4"
"Factor10",11,"OID20172","FCRL1","Q96LA6","CARDIOMETABOLIC",1,-0.0215556286275387,0.0215556286275387,"Protein","FCRL1"
"Factor10",12,"OID20758","ESM1","Q9NQ30","INFLAMMATION",1,0.0202677175402641,0.0202677175402641,"Protein","ESM1"
"Factor10",13,"OID20756","AGER","Q15109","INFLAMMATION",1,0.0197583492845297,0.0197583492845297,"Protein","AGER"
"Factor10",14,"OID20108","PAG1","Q9NWQ8","CARDIOMETABOLIC",1,0.0193372592329979,0.0193372592329979,"Protein","PAG1"
"Factor10",15,"OID21401","CA14","Q9ULX7","ONCOLOGY",1,0.0193159710615873,0.0193159710615873,"Protein","CA14"
"Factor10",16,"OID20787","TFF2","Q03403","INFLAMMATION",1,-0.0189705193042755,0.0189705193042755,"Protein","TFF2"
"Factor10",17,"OID21041","LGALS8","O00214","NEUROLOGY",1,-0.0189360734075308,0.0189360734075308,"Protein","LGALS8"
"Factor10",18,"OID20557","MAPK9","P45984","INFLAMMATION",1,-0.0189354103058577,0.0189354103058577,"Protein","MAPK9"
"Factor10",19,"OID20322","SPP1","P10451","CARDIOMETABOLIC",1,0.0188416764140129,0.0188416764140129,"Protein","SPP1"
"Factor10",20,"OID21008","CDH3","P22223","NEUROLOGY",1,-0.0187047850340605,0.0187047850340605,"Protein","CDH3"
"Factor11",1,"OID20957","TNR","Q92752","NEUROLOGY",1,0.152171939611435,0.152171939611435,"Protein","TNR"
"Factor11",2,"OID21407","KLK14","Q9P0G3","ONCOLOGY",1,0.150199800729752,0.150199800729752,"Protein","KLK14"
"Factor11",3,"OID21121","MYOC","Q99972","NEUROLOGY",1,0.14557196199894,0.14557196199894,"Protein","MYOC"
"Factor11",4,"OID21055","NCAN","O14594","NEUROLOGY",1,0.135316297411919,0.135316297411919,"Protein","NCAN"
"Factor11",5,"OID20706","NELL2","Q99435","INFLAMMATION",1,0.129389837384224,0.129389837384224,"Protein","NELL2"
"Factor11",6,"OID21412","ANGPTL7","O43827","ONCOLOGY",1,0.129129037261009,0.129129037261009,"Protein","ANGPTL7"
"Factor11",7,"OID21352","OMG","P23515","ONCOLOGY",1,0.127860620617867,0.127860620617867,"Protein","OMG"
"Factor11",8,"OID21353","SMAD5","Q99717","ONCOLOGY",1,0.123898699879646,0.123898699879646,"Protein","SMAD5"
"Factor11",9,"OID20481","IL17D","Q8TAD2","INFLAMMATION",1,0.114631965756416,0.114631965756416,"Protein","IL17D"
"Factor11",10,"OID20511","PSPN","O60542","INFLAMMATION",1,-0.112704031169415,0.112704031169415,"Protein","PSPN"
"Factor11",11,"OID21147","TIMP4","Q99727","NEUROLOGY",1,0.111877538263798,0.111877538263798,"Protein","TIMP4"
"Factor11",12,"OID20759","SPON1","Q9HCB6","INFLAMMATION",1,0.102406919002533,0.102406919002533,"Protein","SPON1"
"Factor11",13,"OID20697","CXCL10","P02778","INFLAMMATION",1,-0.102164439857006,0.102164439857006,"Protein","CXCL10"
"Factor11",14,"OID20725","OMD","Q99983","INFLAMMATION",1,0.102070078253746,0.102070078253746,"Protein","OMD"
"Factor11",15,"OID20735","TNFRSF11B","O00300","INFLAMMATION",1,0.101992547512054,0.101992547512054,"Protein","TNFRSF11B"
"Factor11",16,"OID20096","GZMH","P20718","CARDIOMETABOLIC",1,0.099124476313591,0.099124476313591,"Protein","GZMH"
"Factor11",17,"OID21525","DLL1","O00548","ONCOLOGY",1,-0.0976573824882507,0.0976573824882507,"Protein","DLL1"
"Factor11",18,"OID20348","IL18BP","O95998","CARDIOMETABOLIC",1,-0.0976395085453987,0.0976395085453987,"Protein","IL18BP"
"Factor11",19,"OID20462","SIT1","Q9Y3P8","INFLAMMATION",1,0.0951546281576157,0.0951546281576157,"Protein","SIT1"
"Factor11",20,"OID20279","CRTAC1","Q9NQ79","CARDIOMETABOLIC",1,0.0945669189095497,0.0945669189095497,"Protein","CRTAC1"
"Factor12",1,"OID20383","HSPG2","P98160","CARDIOMETABOLIC",1,-0.00622197007760406,0.00622197007760406,"Protein","HSPG2"
"Factor12",2,"OID20683","NCK2","O43639","INFLAMMATION",1,-0.0052578654140234,0.0052578654140234,"Protein","NCK2"
"Factor12",3,"OID20545","NFATC1","O95644","INFLAMMATION",1,-0.00515765743330121,0.00515765743330121,"Protein","NFATC1"
"Factor12",4,"OID20738","COLEC12","Q5KU26","INFLAMMATION",1,-0.00503158802166581,0.00503158802166581,"Protein","COLEC12"
"Factor12",5,"OID20583","ANXA11","P50995","INFLAMMATION",1,-0.00488910125568509,0.00488910125568509,"Protein","ANXA11"
"Factor12",6,"OID20174","QDPR","P09417","CARDIOMETABOLIC",1,0.00448288302868605,0.00448288302868605,"Protein","QDPR"
"Factor12",7,"OID20589","HEXIM1","O94992","INFLAMMATION",1,0.00434473063796759,0.00434473063796759,"Protein","HEXIM1"
"Factor12",8,"OID21363","DNAJB1","P25685","ONCOLOGY",1,-0.00429832050576806,0.00429832050576806,"Protein","DNAJB1"
"Factor12",9,"OID20192","GRAP2","O75791","CARDIOMETABOLIC",1,0.00428103422746062,0.00428103422746062,"Protein","GRAP2"
"Factor12",10,"OID21205","ZBTB16","Q05516","ONCOLOGY",1,0.00410383893176913,0.00410383893176913,"Protein","ZBTB16"
"Factor12",11,"OID20114","BAG6","P46379","CARDIOMETABOLIC",1,0.00402910867705941,0.00402910867705941,"Protein","BAG6"
"Factor12",12,"OID20648","HCLS1","P14317","INFLAMMATION",1,-0.00392778776586056,0.00392778776586056,"Protein","HCLS1"
"Factor12",13,"OID21519","S100A4","P26447","ONCOLOGY",1,-0.00390087114647031,0.00390087114647031,"Protein","S100A4"
"Factor12",14,"OID21118","TMSB10","P63313","NEUROLOGY",1,-0.00386812631040812,0.00386812631040812,"Protein","TMSB10"
"Factor12",15,"OID20165","CLEC5A","Q9NY25","CARDIOMETABOLIC",1,0.00381325231865048,0.00381325231865048,"Protein","CLEC5A"
"Factor12",16,"OID20297","SCARF1","Q14162","CARDIOMETABOLIC",1,0.00377214048057795,0.00377214048057795,"Protein","SCARF1"
"Factor12",17,"OID21003","LXN","Q9BS40","NEUROLOGY",1,-0.00376209523528814,0.00376209523528814,"Protein","LXN"
"Factor12",18,"OID21459","HAGH","Q16775","ONCOLOGY",1,-0.00375980511307716,0.00375980511307716,"Protein","HAGH"
"Factor12",19,"OID21275","ADAMTS15","Q8TE58","ONCOLOGY",1,-0.00372161623090506,0.00372161623090506,"Protein","ADAMTS15"
"Factor12",20,"OID20717","PTPN6","P29350","INFLAMMATION",1,-0.00369693827815354,0.00369693827815354,"Protein","PTPN6"
"Factor13",1,"OID20534","PSIP1","O75475","INFLAMMATION",1,0.352394670248032,0.352394670248032,"Protein","PSIP1"
"Factor13",2,"OID21360","OGFR","Q9NZT2","ONCOLOGY",1,0.328874796628952,0.328874796628952,"Protein","OGFR"
"Factor13",3,"OID20337","PRCP","P42785","CARDIOMETABOLIC",1,-0.326606631278992,0.326606631278992,"Protein","PRCP"
"Factor13",4,"OID21403","TRIAP1","O43715","ONCOLOGY",1,0.32485631108284,0.32485631108284,"Protein","TRIAP1"
"Factor13",5,"OID21312","IGSF3","O75054","ONCOLOGY",1,-0.321549862623215,0.321549862623215,"Protein","IGSF3"
"Factor13",6,"OID20132","PCDH17","O14917","CARDIOMETABOLIC",1,-0.316261619329453,0.316261619329453,"Protein","PCDH17"
"Factor13",7,"OID21283","POLR2F","P61218","ONCOLOGY",1,0.31584843993187,0.31584843993187,"Protein","POLR2F"
"Factor13",8,"OID20630","SERPINB8","P50452","INFLAMMATION",1,0.313408315181732,0.313408315181732,"Protein","SERPINB8"
"Factor13",9,"OID21118","TMSB10","P63313","NEUROLOGY",1,0.307543903589249,0.307543903589249,"Protein","TMSB10"
"Factor13",10,"OID20940","CDCP1","Q9H5V8","NEUROLOGY",1,-0.303629875183105,0.303629875183105,"Protein","CDCP1"
"Factor13",11,"OID20394","ADA2","Q9NZK5","CARDIOMETABOLIC",1,-0.298917025327682,0.298917025327682,"Protein","ADA2"
"Factor13",12,"OID20896","AGR2","O95994","NEUROLOGY",1,0.297122925519943,0.297122925519943,"Protein","AGR2"
"Factor13",13,"OID21410","DPY30","Q9C005","ONCOLOGY",1,0.29635152220726,0.29635152220726,"Protein","DPY30"
"Factor13",14,"OID20822","PXN","P49023","NEUROLOGY",1,0.295320957899094,0.295320957899094,"Protein","PXN"
"Factor13",15,"OID20169","SDC1","P18827","CARDIOMETABOLIC",1,-0.291014015674591,0.291014015674591,"Protein","SDC1"
"Factor13",16,"OID20208","COL4A1","P02462","CARDIOMETABOLIC",1,-0.290714502334595,0.290714502334595,"Protein","COL4A1"
"Factor13",17,"OID21512","TFPI2","P48307","ONCOLOGY",1,-0.289012908935547,0.289012908935547,"Protein","TFPI2"
"Factor13",18,"OID21172","PQBP1","O60828","ONCOLOGY",1,0.286662697792053,0.286662697792053,"Protein","PQBP1"
"Factor13",19,"OID21104","THBS2","P35442","NEUROLOGY",1,-0.285096973180771,0.285096973180771,"Protein","THBS2"
"Factor13",20,"OID20424","JUN","P05412","INFLAMMATION",1,0.281519830226898,0.281519830226898,"Protein","JUN"
"Factor14",1,"OID20856","BAX","Q07812","NEUROLOGY",1,-0.00719331856817007,0.00719331856817007,"Protein","BAX"
"Factor14",2,"OID20742","CRKL","P46109","INFLAMMATION",1,0.00699319038540125,0.00699319038540125,"Protein","CRKL"
"Factor14",3,"OID20485","IRAK1","P51617","INFLAMMATION",1,0.00684147328138351,0.00684147328138351,"Protein","IRAK1"
"Factor14",4,"OID21477","TJAP1","Q5JTD0","ONCOLOGY",1,0.00683567672967911,0.00683567672967911,"Protein","TJAP1"
"Factor14",5,"OID20724","CD40","P25942","INFLAMMATION",1,-0.00624895840883255,0.00624895840883255,"Protein","CD40"
"Factor14",6,"OID21442","FXN","Q16595","ONCOLOGY",1,0.00613671727478504,0.00613671727478504,"Protein","FXN"
"Factor14",7,"OID21521","SRC","P12931","ONCOLOGY",1,0.00612347293645144,0.00612347293645144,"Protein","SRC"
"Factor14",8,"OID21050","THY1","P04216","NEUROLOGY",1,-0.00604127859696746,0.00604127859696746,"Protein","THY1"
"Factor14",9,"OID20292","COL6A3","P12111","CARDIOMETABOLIC",1,-0.00589259807020426,0.00589259807020426,"Protein","COL6A3"
"Factor14",10,"OID21145","TNFRSF1B","P20333","NEUROLOGY",1,0.00587636511772871,0.00587636511772871,"Protein","TNFRSF1B"
"Factor14",11,"OID21459","HAGH","Q16775","ONCOLOGY",1,-0.00583844073116779,0.00583844073116779,"Protein","HAGH"
"Factor14",12,"OID20646","TNFRSF11A","Q9Y6Q6","INFLAMMATION",1,0.0056772893294692,0.0056772893294692,"Protein","TNFRSF11A"
"Factor14",13,"OID21319","CDKN1A","P38936","ONCOLOGY",1,-0.00565903866663575,0.00565903866663575,"Protein","CDKN1A"
"Factor14",14,"OID20553","NT5C3A","Q9H0P0","INFLAMMATION",1,0.00557403452694416,0.00557403452694416,"Protein","NT5C3A"
"Factor14",15,"OID20507","TRAF2","Q12933","INFLAMMATION",1,0.00542788486927748,0.00542788486927748,"Protein","TRAF2"
"Factor14",16,"OID21428","DAB2","P98082","ONCOLOGY",1,-0.00536212464794517,0.00536212464794517,"Protein","DAB2"
"Factor14",17,"OID21326","STX4","Q12846","ONCOLOGY",1,0.00532280141487718,0.00532280141487718,"Protein","STX4"
"Factor14",18,"OID21446","TNFRSF19","Q9NS68","ONCOLOGY",1,-0.00518399151042104,0.00518399151042104,"Protein","TNFRSF19"
"Factor14",19,"OID20176","PPP1R2","P41236","CARDIOMETABOLIC",1,-0.00514753302559257,0.00514753302559257,"Protein","PPP1R2"
"Factor14",20,"OID20698","EGF","P01133","INFLAMMATION",1,-0.00513609778136015,0.00513609778136015,"Protein","EGF"
"Factor15",1,"OID20511","PSPN","O60542","INFLAMMATION",1,0.420323967933655,0.420323967933655,"Protein","PSPN"
"Factor15",2,"OID20187","LEP","P41159","CARDIOMETABOLIC",1,-0.218226999044418,0.218226999044418,"Protein","LEP"
"Factor15",3,"OID21456","CRISP2","P16562","ONCOLOGY",1,0.199892103672028,0.199892103672028,"Protein","CRISP2"
"Factor15",4,"OID20980","OBP2B","Q9NPH6","NEUROLOGY",1,0.196047440171242,0.196047440171242,"Protein","OBP2B"
"Factor15",5,"OID20188","LPL","P06858","CARDIOMETABOLIC",1,-0.193899020552635,0.193899020552635,"Protein","LPL"
"Factor15",6,"OID21069","CGA","P01215","NEUROLOGY",1,-0.178351536393166,0.178351536393166,"Protein","CGA"
"Factor15",7,"OID21083","MMP3","P08254","NEUROLOGY",1,0.168586954474449,0.168586954474449,"Protein","MMP3"
"Factor15",8,"OID20543","PROK1","P58294","INFLAMMATION",1,0.168401762843132,0.168401762843132,"Protein","PROK1"
"Factor15",9,"OID20259","XG","P55808","CARDIOMETABOLIC",1,-0.164578944444656,0.164578944444656,"Protein","XG"
"Factor15",10,"OID21282","CDHR2","Q9BYE9","ONCOLOGY",1,0.159672141075134,0.159672141075134,"Protein","CDHR2"
"Factor15",11,"OID20245","FABP4","P15090","CARDIOMETABOLIC",1,-0.155835181474686,0.155835181474686,"Protein","FABP4"
"Factor15",12,"OID20115","MSTN","O14793","CARDIOMETABOLIC",1,0.148095145821571,0.148095145821571,"Protein","MSTN"
"Factor15",13,"OID21454","LEFTY2","O00292","ONCOLOGY",1,-0.145151674747467,0.145151674747467,"Protein","LEFTY2"
"Factor15",14,"OID20346","ART3","Q13508","CARDIOMETABOLIC",1,0.144027948379517,0.144027948379517,"Protein","ART3"
"Factor15",15,"OID20175","GHRL","Q9UBU3","CARDIOMETABOLIC",1,-0.141911849379539,0.141911849379539,"Protein","GHRL"
"Factor15",16,"OID20204","SOST","Q9BQB4","CARDIOMETABOLIC",1,0.141601517796516,0.141601517796516,"Protein","SOST"
"Factor15",17,"OID21516","PPY","P01298","ONCOLOGY",1,0.13592666387558,0.13592666387558,"Protein","PPY"
"Factor15",18,"OID21362","OPTC","Q9UBM4","ONCOLOGY",1,-0.130394592881203,0.130394592881203,"Protein","OPTC"
"Factor15",19,"OID20293","CST6","Q15828","CARDIOMETABOLIC",1,0.128398329019547,0.128398329019547,"Protein","CST6"
"Factor15",20,"OID20398","IGFBP3","P17936","CARDIOMETABOLIC",1,-0.124928325414658,0.124928325414658,"Protein","IGFBP3"
