"ID","Description","GeneRatio","BgRatio","RichFactor","FoldEnrichment","zScore","pvalue","p.adjust","qvalue","geneID","Count"
"GO:0016064","immunoglobulin mediated immune response","54/343","137/13352",0.394160583941606,15.3435338681875,27.4009022999335,1.65898479011218e-50,4.22543426041573e-47,4.22543426041573e-47,"IGHV4-61/IGKC/IGHV2-70/IGHV2-5/IGLC1/IGHV3-43/IGHV3-30/IGHV3-13/IGHV7-4-1/IGHV5-51/IGHV3-64/IGHV3-7/IGLL5/IGHA2/IGHV3-21/IGHV3-11/C1QB/IGHV1-58/IGHV1-3/IGHG1/IGHV3-53/IGHV4-34/IGHV4-59/IGHV2-26/IGHV3-15/IGHA1/C1QC/IGHV1-69-2/IGHV3-64D/IGHG3/IGHV3-66/IGHD/IGHV3-20/IGHV3-33/IGHV3-49/IGLC2/IGHV1-69D/IGHV3-73/IGHV1-24/IGLC3/IGHG4/IGLC6/IGHV6-1/IGHV2-70D/IGHV4-4/IGHV3-74/IGHG2/IGHV1-18/IGHV1-69/IGHV3-72/IGHV3-23/IGHV4-39/IGLC7/IGHV3-48",54
"GO:0019724","B cell mediated immunity","54/343","141/13352",0.382978723404255,14.9082563116432,26.9585417659948,1.07816664194795e-49,1.37304521852071e-46,1.37304521852071e-46,"IGHV4-61/IGKC/IGHV2-70/IGHV2-5/IGLC1/IGHV3-43/IGHV3-30/IGHV3-13/IGHV7-4-1/IGHV5-51/IGHV3-64/IGHV3-7/IGLL5/IGHA2/IGHV3-21/IGHV3-11/C1QB/IGHV1-58/IGHV1-3/IGHG1/IGHV3-53/IGHV4-34/IGHV4-59/IGHV2-26/IGHV3-15/IGHA1/C1QC/IGHV1-69-2/IGHV3-64D/IGHG3/IGHV3-66/IGHD/IGHV3-20/IGHV3-33/IGHV3-49/IGLC2/IGHV1-69D/IGHV3-73/IGHV1-24/IGLC3/IGHG4/IGLC6/IGHV6-1/IGHV2-70D/IGHV4-4/IGHV3-74/IGHG2/IGHV1-18/IGHV1-69/IGHV3-72/IGHV3-23/IGHV4-39/IGLC7/IGHV3-48",54
"GO:0002449","lymphocyte mediated immunity","55/343","284/13352",0.193661971830986,7.53870159733914,18.085400325586,6.88426156192365e-33,5.84473806607318e-30,5.84473806607318e-30,"IGHV4-61/IGKC/IGHV2-70/IGHV2-5/IGLC1/IGHV3-43/IGHV3-30/IGHV3-13/IGHV7-4-1/IGHV5-51/IGHV3-64/IGHV3-7/IGLL5/IGHA2/IGHV3-21/IGHV3-11/C1QB/IGHV1-58/IGHV1-3/IGHG1/IGHV3-53/IGHV4-34/IGHV4-59/IGHV2-26/IGHV3-15/IGHA1/C1QC/IGHV1-69-2/RSAD2/IGHV3-64D/IGHG3/IGHV3-66/IGHD/IGHV3-20/IGHV3-33/IGHV3-49/IGLC2/IGHV1-69D/IGHV3-73/IGHV1-24/IGLC3/IGHG4/IGLC6/IGHV6-1/IGHV2-70D/IGHV4-4/IGHV3-74/IGHG2/IGHV1-18/IGHV1-69/IGHV3-72/IGHV3-23/IGHV4-39/IGLC7/IGHV3-48",55
"GO:0002443","leukocyte mediated immunity","60/343","365/13352",0.164383561643836,6.39897759495187,16.9818710309001,1.0300049895985e-31,6.55855677126847e-29,6.55855677126847e-29,"IGHV4-61/IGKC/IGHV2-70/IGHV2-5/IGLC1/IGHV3-43/IGHV3-30/IGHV3-13/IGHV7-4-1/IGHV5-51/IGHV3-64/IGHV3-7/IGLL5/IGHA2/IGHV3-21/IGHV3-11/C1QB/IGHV1-58/IGHV1-3/IGHG1/IGHV3-53/IGHV4-34/IGHV4-59/CTSG/IGHV2-26/IGHV3-15/MPO/IGHA1/AZU1/C1QC/IGHV1-69-2/RSAD2/IGHV3-64D/IGHG3/IGHV3-66/IGHD/STAP1/IGHV3-20/IGHV3-33/IGHV3-49/IGLC2/IGHV1-69D/ELANE/IGHV3-73/IGHV1-24/IGLC3/IGHG4/IGLC6/IGHV6-1/IGHV2-70D/IGHV4-4/IGHV3-74/IGHG2/IGHV1-18/IGHV1-69/IGHV3-72/IGHV3-23/IGHV4-39/IGLC7/IGHV3-48",60
"GO:0002460","adaptive immune response based on somatic recombination of immune receptors built from immunoglobulin superfamily domains","55/343","312/13352",0.176282051282051,6.86215145398819,17.0128681832615,1.12408137352728e-30,5.72607051674796e-28,5.72607051674796e-28,"IGHV4-61/IGKC/IGHV2-70/IGHV2-5/IGLC1/IGHV3-43/IGHV3-30/IGHV3-13/IGHV7-4-1/IGHV5-51/IGHV3-64/IGHV3-7/IGLL5/IGHA2/IGHV3-21/IGHV3-11/C1QB/IGHV1-58/IGHV1-3/IGHG1/IGHV3-53/IGHV4-34/IGHV4-59/IGHV2-26/IGHV3-15/IGHA1/C1QC/IGHV1-69-2/RSAD2/IGHV3-64D/IGHG3/IGHV3-66/IGHD/IGHV3-20/IGHV3-33/IGHV3-49/IGLC2/IGHV1-69D/IGHV3-73/IGHV1-24/IGLC3/IGHG4/IGLC6/IGHV6-1/IGHV2-70D/IGHV4-4/IGHV3-74/IGHG2/IGHV1-18/IGHV1-69/IGHV3-72/IGHV3-23/IGHV4-39/IGLC7/IGHV3-48",55
"GO:0019731","antibacterial humoral response","24/343","50/13352",0.48,18.6850145772595,20.342951030978,2.02937572217927e-25,8.61469994065101e-23,8.61469994065101e-23,"LTF/H2BC5/DEFA1/H2BC7/BPI/RNASE3/IGHA2/IGHG1/CTSG/H2BC9/DEFA4/IGHA1/IGHG3/CAMP/IGHM/DEFA1B/JCHAIN/DEFA3/IGHD/H2BC17/ELANE/IGHG4/IGHG2/IGKV3-20",24
"GO:0019730","antimicrobial humoral response","30/343","98/13352",0.306122448979592,11.9164633783543,17.6117907971806,1.64148029587836e-24,5.97264330514598e-22,5.97264330514598e-22,"LTF/H2BC5/DEFA1/CXCL2/H2BC7/BPI/CCL2/RNASE3/IGHA2/IGHG1/CTSG/H2BC9/DEFA4/IGHA1/AZU1/IGHG3/CAMP/IGHM/DEFA1B/JCHAIN/DEFA3/IGHD/H2BC17/PRTN3/ELANE/CCL7/IGHG4/IGHG2/CXCL10/IGKV3-20",30
"GO:0006959","humoral immune response","35/343","165/13352",0.212121212121212,8.25726654298083,15.2308466032536,1.58996450757817e-22,5.062049501002e-20,5.062049501002e-20,"LTF/H2BC5/DEFA1/CXCL2/H2BC7/BPI/CCL2/RNASE3/IGHA2/C1QB/IGHG1/CTSG/H2BC9/DEFA4/IGHA1/AZU1/C1QC/IGHG3/CAMP/IGHM/DEFA1B/JCHAIN/DEFA3/IGHD/H2BC17/PRTN3/ELANE/CCL7/IGHG4/IGHG2/CXCL10/BLNK/SERPING1/IGKV3-20/POU2AF1",35
"GO:0051783","regulation of nuclear division","29/343","109/13352",0.26605504587156,10.356755021799,15.9267557379722,8.37663525632553e-22,2.37058777754012e-19,2.37058777754013e-19,"AURKB/TTK/ZWINT/MAD2L1BP/BUB1/NUF2/PLK1/HASPIN/NEK2/FBXO5/SPC25/UBE2C/CCNB1/KNL1/IGF1/CDC20/RAD51AP1/BIRC5/DLGAP5/NUSAP1/SKA3/MKI67/CHEK1/PKMYT1/CDCA2/BUB1B/SKA1/SPC24/TRIP13",29
"GO:0000280","nuclear division","47/343","342/13352",0.137426900584795,5.34963258486352,13.2314968992523,1.80641782885088e-21,4.60094621008319e-19,4.60094621008319e-19,"NCAPG/AURKB/TTK/ZWINT/MAD2L1BP/CDT1/BUB1/NUF2/PLK1/HASPIN/NEK2/FBXO5/SPC25/UBE2C/CCNB1/PTTG1/MND1/CDK1/KNL1/IGF1/CDC20/RAD51AP1/KIF11/BIRC5/DLGAP5/KIF23/RAD51/NUSAP1/TOP2A/KIF2C/CCNA1/RAD54L/CENPE/TPX2/SKA3/ANLN/MKI67/CHEK1/PKMYT1/CDCA2/BUB1B/KIFC1/SKA1/SPC24/SPAG5/KIF4A/TRIP13",47
"GO:0007088","regulation of mitotic nuclear division","28/343","103/13352",0.271844660194175,10.5821279968298,15.8515243163735,2.27491910835903e-21,5.26747178999132e-19,5.26747178999132e-19,"AURKB/TTK/ZWINT/MAD2L1BP/BUB1/NUF2/PLK1/HASPIN/NEK2/FBXO5/SPC25/UBE2C/CCNB1/KNL1/IGF1/CDC20/BIRC5/DLGAP5/NUSAP1/SKA3/MKI67/CHEK1/PKMYT1/CDCA2/BUB1B/SKA1/SPC24/TRIP13",28
"GO:0140014","mitotic nuclear division","40/343","252/13352",0.158730158730159,6.17890693692443,13.4767363024055,1.07313697364613e-20,2.27773322656391e-18,2.27773322656391e-18,"NCAPG/AURKB/TTK/ZWINT/MAD2L1BP/CDT1/BUB1/NUF2/PLK1/HASPIN/NEK2/FBXO5/SPC25/UBE2C/CCNB1/CDK1/KNL1/IGF1/CDC20/KIF11/BIRC5/DLGAP5/KIF23/NUSAP1/KIF2C/CENPE/TPX2/SKA3/ANLN/MKI67/CHEK1/PKMYT1/CDCA2/BUB1B/KIFC1/SKA1/SPC24/SPAG5/KIF4A/TRIP13",40
"GO:0048285","organelle fission","47/343","385/13352",0.122077922077922,4.75214115330733,12.1303066095738,2.64529346083449e-19,5.18274034211188e-17,5.18274034211188e-17,"NCAPG/AURKB/TTK/ZWINT/MAD2L1BP/CDT1/BUB1/NUF2/PLK1/HASPIN/NEK2/FBXO5/SPC25/UBE2C/CCNB1/PTTG1/MND1/CDK1/KNL1/IGF1/CDC20/RAD51AP1/KIF11/BIRC5/DLGAP5/KIF23/RAD51/NUSAP1/TOP2A/KIF2C/CCNA1/RAD54L/CENPE/TPX2/SKA3/ANLN/MKI67/CHEK1/PKMYT1/CDCA2/BUB1B/KIFC1/SKA1/SPC24/SPAG5/KIF4A/TRIP13",47
"GO:0042742","defense response to bacterium","33/343","187/13352",0.176470588235294,6.86949065340422,13.1248028363676,1.10090909213928e-18,2.00286818405624e-16,2.00286818405624e-16,"LTF/H2BC5/DEFA1/H2BC7/BPI/RNASE3/OAS3/IGHA2/OAS1/IGHG1/RNASE1/CTSG/H2BC9/MPO/DEFA4/ISG15/IGHA1/AZU1/IGHG3/CAMP/IGHM/DEFA1B/JCHAIN/DEFA3/IGHD/H2BC17/GBP3/ELANE/IGHG4/OAS2/IGHG2/IGKV3-20/LCN2",33
"GO:0000070","mitotic sister chromatid segregation","33/343","191/13352",0.172774869109948,6.72562697479889,12.9412816889912,2.15841036981473e-18,3.66498080794542e-16,3.66498080794542e-16,"NCAPG/AURKB/TTK/ZWINT/MAD2L1BP/CDT1/BUB1/NUF2/PLK1/HASPIN/FBXO5/SPC25/UBE2C/CCNB1/CDK1/KNL1/CDC20/KIF11/BIRC5/DLGAP5/KIF23/NUSAP1/KIF2C/CENPE/TPX2/SKA3/BUB1B/KIFC1/SKA1/SPC24/SPAG5/KIF4A/TRIP13",33
"GO:0045839","negative regulation of mitotic nuclear division","20/343","57/13352",0.350877192982456,13.6586363868856,15.5511382859387,4.60819154867588e-18,7.13183680823871e-16,7.13183680823871e-16,"AURKB/TTK/ZWINT/MAD2L1BP/BUB1/NUF2/PLK1/HASPIN/FBXO5/SPC25/CCNB1/KNL1/CDC20/BIRC5/SKA3/CHEK1/BUB1B/SKA1/SPC24/TRIP13",20
"GO:0010965","regulation of mitotic sister chromatid separation","21/343","65/13352",0.323076923076923,12.5764521193093,15.1915011833541,4.76015805810986e-18,7.13183680823871e-16,7.13183680823871e-16,"AURKB/TTK/ZWINT/MAD2L1BP/BUB1/NUF2/PLK1/HASPIN/FBXO5/SPC25/UBE2C/CCNB1/KNL1/CDC20/BIRC5/DLGAP5/SKA3/BUB1B/SKA1/SPC24/TRIP13",21
"GO:0098813","nuclear chromosome segregation","38/343","272/13352",0.139705882352941,5.43834676727834,12.0083631115734,9.47454872775486e-18,1.23163925845092e-15,1.23163925845092e-15,"NCAPG/AURKB/TTK/ZWINT/MAD2L1BP/CDT1/BUB1/NUF2/PLK1/HASPIN/NEK2/FBXO5/SPC25/UBE2C/CCNB1/PTTG1/MND1/CDK1/KNL1/CDC20/CDC6/KIF11/BIRC5/DLGAP5/KIF23/NUSAP1/TOP2A/KIF2C/CENPE/TPX2/SKA3/BUB1B/KIFC1/SKA1/SPC24/SPAG5/KIF4A/TRIP13",38
"GO:0000819","sister chromatid segregation","35/343","228/13352",0.153508771929825,5.97565341926244,12.3045698384065,9.60574367526186e-18,1.23163925845092e-15,1.23163925845092e-15,"NCAPG/AURKB/TTK/ZWINT/MAD2L1BP/CDT1/BUB1/NUF2/PLK1/HASPIN/FBXO5/SPC25/UBE2C/CCNB1/CDK1/KNL1/CDC20/CDC6/KIF11/BIRC5/DLGAP5/KIF23/NUSAP1/TOP2A/KIF2C/CENPE/TPX2/SKA3/BUB1B/KIFC1/SKA1/SPC24/SPAG5/KIF4A/TRIP13",35
"GO:0051306","mitotic sister chromatid separation","21/343","67/13352",0.313432835820896,12.2010356381359,14.9243973110275,9.70487906875521e-18,1.23163925845092e-15,1.23163925845092e-15,"AURKB/TTK/ZWINT/MAD2L1BP/BUB1/NUF2/PLK1/HASPIN/FBXO5/SPC25/UBE2C/CCNB1/KNL1/CDC20/BIRC5/DLGAP5/SKA3/BUB1B/SKA1/SPC24/TRIP13",21
"GO:0051784","negative regulation of nuclear division","20/343","59/13352",0.338983050847458,13.1956317636013,15.2440655408666,1.01548584324575e-17,1.23163925845092e-15,1.23163925845092e-15,"AURKB/TTK/ZWINT/MAD2L1BP/BUB1/NUF2/PLK1/HASPIN/FBXO5/SPC25/CCNB1/KNL1/CDC20/BIRC5/SKA3/CHEK1/BUB1B/SKA1/SPC24/TRIP13",20
"GO:1905818","regulation of chromosome separation","22/343","76/13352",0.289473684210526,11.2683750191806,14.5766221697789,1.09051317255922e-17,1.26251684114015e-15,1.26251684114015e-15,"NCAPG/AURKB/TTK/ZWINT/MAD2L1BP/BUB1/NUF2/PLK1/HASPIN/FBXO5/SPC25/UBE2C/CCNB1/KNL1/CDC20/BIRC5/DLGAP5/SKA3/BUB1B/SKA1/SPC24/TRIP13",22
"GO:0033047","regulation of mitotic sister chromatid segregation","20/343","61/13352",0.327868852459016,12.762988099221,14.9515338108581,2.16282868283792e-17,2.39509767616878e-15,2.39509767616878e-15,"AURKB/TTK/ZWINT/MAD2L1BP/BUB1/NUF2/PLK1/HASPIN/FBXO5/SPC25/CCNB1/CDK1/KNL1/CDC20/BIRC5/SKA3/BUB1B/SKA1/SPC24/TRIP13",20
"GO:0033046","negative regulation of sister chromatid segregation","19/343","54/13352",0.351851851851852,13.6965770435158,15.180020884878,3.01412887172351e-17,2.84332823565917e-15,2.84332823565917e-15,"AURKB/TTK/ZWINT/MAD2L1BP/BUB1/NUF2/PLK1/HASPIN/FBXO5/SPC25/CCNB1/KNL1/CDC20/BIRC5/SKA3/BUB1B/SKA1/SPC24/TRIP13",19
"GO:0033048","negative regulation of mitotic sister chromatid segregation","19/343","54/13352",0.351851851851852,13.6965770435158,15.180020884878,3.01412887172351e-17,2.84332823565917e-15,2.84332823565917e-15,"AURKB/TTK/ZWINT/MAD2L1BP/BUB1/NUF2/PLK1/HASPIN/FBXO5/SPC25/CCNB1/KNL1/CDC20/BIRC5/SKA3/BUB1B/SKA1/SPC24/TRIP13",19
"GO:0045841","negative regulation of mitotic metaphase/anaphase transition","19/343","54/13352",0.351851851851852,13.6965770435158,15.180020884878,3.01412887172351e-17,2.84332823565917e-15,2.84332823565917e-15,"AURKB/TTK/ZWINT/MAD2L1BP/BUB1/NUF2/PLK1/HASPIN/FBXO5/SPC25/CCNB1/KNL1/CDC20/BIRC5/SKA3/BUB1B/SKA1/SPC24/TRIP13",19
"GO:2000816","negative regulation of mitotic sister chromatid separation","19/343","54/13352",0.351851851851852,13.6965770435158,15.180020884878,3.01412887172351e-17,2.84332823565917e-15,2.84332823565917e-15,"AURKB/TTK/ZWINT/MAD2L1BP/BUB1/NUF2/PLK1/HASPIN/FBXO5/SPC25/CCNB1/KNL1/CDC20/BIRC5/SKA3/BUB1B/SKA1/SPC24/TRIP13",19
"GO:1902100","negative regulation of metaphase/anaphase transition of cell cycle","19/343","55/13352",0.345454545454545,13.4475483699973,15.0200138826385,4.49857562982853e-17,3.95099038937009e-15,3.95099038937009e-15,"AURKB/TTK/ZWINT/MAD2L1BP/BUB1/NUF2/PLK1/HASPIN/FBXO5/SPC25/CCNB1/KNL1/CDC20/BIRC5/SKA3/BUB1B/SKA1/SPC24/TRIP13",19
"GO:1905819","negative regulation of chromosome separation","19/343","55/13352",0.345454545454545,13.4475483699973,15.0200138826385,4.49857562982853e-17,3.95099038937009e-15,3.95099038937009e-15,"AURKB/TTK/ZWINT/MAD2L1BP/BUB1/NUF2/PLK1/HASPIN/FBXO5/SPC25/CCNB1/KNL1/CDC20/BIRC5/SKA3/BUB1B/SKA1/SPC24/TRIP13",19
"GO:0051304","chromosome separation","22/343","82/13352",0.268292682926829,10.4438597738747,13.928456614994,6.63081263686114e-17,5.46489129400777e-15,5.46489129400777e-15,"NCAPG/AURKB/TTK/ZWINT/MAD2L1BP/BUB1/NUF2/PLK1/HASPIN/FBXO5/SPC25/UBE2C/CCNB1/KNL1/CDC20/BIRC5/DLGAP5/SKA3/BUB1B/SKA1/SPC24/TRIP13",22
"GO:0051985","negative regulation of chromosome segregation","19/343","56/13352",0.339285714285714,13.207413577676,14.8641188709958,6.65141853609113e-17,5.46489129400777e-15,5.46489129400777e-15,"AURKB/TTK/ZWINT/MAD2L1BP/BUB1/NUF2/PLK1/HASPIN/FBXO5/SPC25/CCNB1/KNL1/CDC20/BIRC5/SKA3/BUB1B/SKA1/SPC24/TRIP13",19
"GO:0030071","regulation of mitotic metaphase/anaphase transition","23/343","94/13352",0.24468085106383,9.52471931021649,13.467500757934,1.20394306839213e-16,9.58263435998359e-15,9.58263435998359e-15,"AURKB/TTK/ZWINT/MAD2L1BP/BUB1/NUF2/PLK1/HASPIN/FBXO5/SPC25/UBE2C/CCNB1/KNL1/CDC20/CDC6/BIRC5/DLGAP5/CENPE/SKA3/BUB1B/SKA1/SPC24/TRIP13",23
"GO:1902099","regulation of metaphase/anaphase transition of cell cycle","23/343","95/13352",0.242105263157895,9.42445910695105,13.3802183954956,1.5519149210977e-16,1.19779615273814e-14,1.19779615273814e-14,"AURKB/TTK/ZWINT/MAD2L1BP/BUB1/NUF2/PLK1/HASPIN/FBXO5/SPC25/UBE2C/CCNB1/KNL1/CDC20/CDC6/BIRC5/DLGAP5/CENPE/SKA3/BUB1B/SKA1/SPC24/TRIP13",23
"GO:0051983","regulation of chromosome segregation","26/343","129/13352",0.201550387596899,7.84577485479242,12.6862851606033,1.98904929874399e-16,1.4900319305591e-14,1.4900319305591e-14,"NCAPG/AURKB/TTK/ZWINT/MAD2L1BP/BUB1/NUF2/PLK1/HASPIN/FBXO5/SPC25/UBE2C/CCNB1/CDK1/KNL1/CDC20/CDC6/BIRC5/DLGAP5/KIF2C/CENPE/SKA3/BUB1B/SKA1/SPC24/TRIP13",26
"GO:0033045","regulation of sister chromatid segregation","24/343","107/13352",0.224299065420561,8.73131522301845,13.0377091809994,2.21834871609586e-16,1.6143240513989e-14,1.6143240513989e-14,"AURKB/TTK/ZWINT/MAD2L1BP/BUB1/NUF2/PLK1/HASPIN/FBXO5/SPC25/UBE2C/CCNB1/CDK1/KNL1/CDC20/CDC6/BIRC5/DLGAP5/CENPE/SKA3/BUB1B/SKA1/SPC24/TRIP13",24
"GO:0007094","mitotic spindle assembly checkpoint signaling","18/343","52/13352",0.346153846153846,13.4747701278314,14.634921730184,2.94100717849475e-16,1.97124875884898e-14,1.97124875884898e-14,"AURKB/TTK/ZWINT/MAD2L1BP/BUB1/NUF2/PLK1/HASPIN/SPC25/CCNB1/KNL1/CDC20/BIRC5/SKA3/BUB1B/SKA1/SPC24/TRIP13",18
"GO:0071173","spindle assembly checkpoint signaling","18/343","52/13352",0.346153846153846,13.4747701278314,14.634921730184,2.94100717849475e-16,1.97124875884898e-14,1.97124875884898e-14,"AURKB/TTK/ZWINT/MAD2L1BP/BUB1/NUF2/PLK1/HASPIN/SPC25/CCNB1/KNL1/CDC20/BIRC5/SKA3/BUB1B/SKA1/SPC24/TRIP13",18
"GO:0071174","mitotic spindle checkpoint signaling","18/343","52/13352",0.346153846153846,13.4747701278314,14.634921730184,2.94100717849475e-16,1.97124875884898e-14,1.97124875884898e-14,"AURKB/TTK/ZWINT/MAD2L1BP/BUB1/NUF2/PLK1/HASPIN/SPC25/CCNB1/KNL1/CDC20/BIRC5/SKA3/BUB1B/SKA1/SPC24/TRIP13",18
"GO:0007091","metaphase/anaphase transition of mitotic cell cycle","23/343","98/13352",0.23469387755102,9.13595525673826,13.125930711316,3.25935852348391e-16,2.12861183572142e-14,2.12861183572142e-14,"AURKB/TTK/ZWINT/MAD2L1BP/BUB1/NUF2/PLK1/HASPIN/FBXO5/SPC25/UBE2C/CCNB1/KNL1/CDC20/CDC6/BIRC5/DLGAP5/CENPE/SKA3/BUB1B/SKA1/SPC24/TRIP13",23
"GO:0044784","metaphase/anaphase transition of cell cycle","23/343","99/13352",0.232323232323232,9.04367288040757,13.0435828135864,4.1478550880793e-16,2.64114672733449e-14,2.64114672733449e-14,"AURKB/TTK/ZWINT/MAD2L1BP/BUB1/NUF2/PLK1/HASPIN/FBXO5/SPC25/UBE2C/CCNB1/KNL1/CDC20/CDC6/BIRC5/DLGAP5/CENPE/SKA3/BUB1B/SKA1/SPC24/TRIP13",23
"GO:0031577","spindle checkpoint signaling","18/343","53/13352",0.339622641509434,13.2205291820232,14.4743961731769,4.35067914138367e-16,2.70272677392786e-14,2.70272677392786e-14,"AURKB/TTK/ZWINT/MAD2L1BP/BUB1/NUF2/PLK1/HASPIN/SPC25/CCNB1/KNL1/CDC20/BIRC5/SKA3/BUB1B/SKA1/SPC24/TRIP13",18
"GO:0007059","chromosome segregation","42/343","373/13352",0.112600536193029,4.38321387536248,10.7608172061536,4.78121294073484e-16,2.89946413334563e-14,2.89946413334563e-14,"NCAPG/AURKB/TTK/ZWINT/MAD2L1BP/CDT1/BUB1/NUF2/PLK1/HASPIN/NEK2/FBXO5/SPC25/UBE2C/CCNB1/PTTG1/MND1/CDK1/KNL1/CDC20/CDC6/KIF11/BIRC5/DLGAP5/CENPM/KIF23/NUSAP1/TOP2A/KIF2C/HJURP/CENPE/TPX2/SKA3/MKI67/CDCA2/BUB1B/KIFC1/SKA1/SPC24/SPAG5/KIF4A/TRIP13",42
"GO:0009617","response to bacterium","43/343","416/13352",0.103365384615385,4.02371607983853,10.1734832049158,4.66106496984933e-15,2.7608680181875e-13,2.7608680181875e-13,"LTF/H2BC5/DEFA1/CXCL2/H2BC7/BPI/CCL2/CHIT1/RNASE3/OAS3/IGHA2/OAS1/IGHG1/CD24/RNASE1/CTSG/H2BC9/MMP8/MPO/DEFA4/ISG15/IGHA1/AZU1/IGHG3/CAMP/IGHM/DEFA1B/JCHAIN/DEFA3/IGHD/STAP1/H2BC17/GBP3/ELANE/CAV1/TRIM6/IGHG4/OAS2/IGHG2/CXCL10/IGKV3-20/IRAK2/LCN2",43
"GO:1901991","negative regulation of mitotic cell cycle phase transition","26/343","164/13352",0.158536585365854,6.17137168456233,10.8198243156618,8.33132915546263e-14,4.82270349067348e-12,4.82270349067348e-12,"AURKB/TTK/ZWINT/MAD2L1BP/CCL2/BUB1/NUF2/PLK1/HASPIN/FBXO5/SPC25/ORC1/CCNB1/CDK1/KNL1/CDC20/CDC6/BIRC5/SKA3/DTL/CHEK1/PKMYT1/BUB1B/SKA1/SPC24/TRIP13",26
"GO:0044772","mitotic cell cycle phase transition","39/343","379/13352",0.102902374670185,4.00569243905629,9.63886584864817,1.12046229601434e-13,6.34181659544116e-12,6.34181659544116e-12,"AURKB/FOXM1/TTK/ZWINT/CCNB2/MAD2L1BP/CCL2/BUB1/NUF2/PLK1/HASPIN/NEK2/MELK/FBXO5/SPC25/UBE2C/ORC1/CCNB1/CDK1/KNL1/CCNA2/CDC20/CDC6/BIRC5/DLGAP5/CDKN3/CCNA1/CENPE/SKA3/ANLN/DTL/CHEK1/PKMYT1/CCNE2/BUB1B/SKA1/SPC24/RRM2/TRIP13",39
"GO:0051607","defense response to virus","32/343","261/13352",0.122605363984674,4.77267294438301,9.99459040976187,1.74187551241166e-13,9.64468897850544e-12,9.64468897850543e-12,"DEFA1/IFIT3/OAS3/IFIT1/IRF7/USP18/DDX60/IFIH1/RTP4/OAS1/UAP1/IFIT2/IFIT5/HERC5/IFITM3/MX1/ISG15/AZU1/RSAD2/MOV10/DEFA1B/DEFA3/GBP3/TRIM6/OAS2/RNASE2/CXCL10/IFI6/IFI44L/DHX58/OASL/IFI27",32
"GO:0010948","negative regulation of cell cycle process","32/343","266/13352",0.120300751879699,4.6829610469322,9.85182042284151,2.96020332763612e-13,1.60417827138068e-11,1.60417827138068e-11,"AURKB/TTK/ZWINT/MAD2L1BP/CDT1/CCL2/BUB1/NUF2/PLK1/HASPIN/NEK2/FBXO5/SPC25/ORC1/CCNB1/GMNN/CDK1/KNL1/CDC20/CDC6/BIRC5/RAD51/E2F8/SKA3/DTL/CHEK1/PKMYT1/BUB1B/SKA1/SPC24/TRIP13/CDC45",32
"GO:0007093","mitotic cell cycle checkpoint signaling","23/343","134/13352",0.171641791044776,6.68151951612201,10.732873961382,4.18594373445879e-13,2.22116639409719e-11,2.2211663940972e-11,"AURKB/TTK/ZWINT/MAD2L1BP/BUB1/NUF2/PLK1/HASPIN/SPC25/ORC1/CCNB1/CDK1/KNL1/CDC20/CDC6/BIRC5/SKA3/DTL/CHEK1/BUB1B/SKA1/SPC24/TRIP13",23
"GO:0000075","cell cycle checkpoint signaling","26/343","184/13352",0.141304347826087,5.5005704145012,9.98156328504505,1.32297886168841e-12,6.87679012391917e-11,6.87679012391917e-11,"AURKB/TTK/ZWINT/MAD2L1BP/CDT1/BUB1/NUF2/PLK1/HASPIN/SPC25/ORC1/CCNB1/CDK1/KNL1/CDC20/CDC6/BIRC5/RAD51/SKA3/DTL/CHEK1/BUB1B/SKA1/SPC24/TRIP13/CDC45",26
"GO:0002227","innate immune response in mucosa","11/343","22/13352",0.5,19.463556851312,14.0732251192233,1.50287558364272e-12,7.65564822307601e-11,7.65564822307601e-11,"LTF/H2BC5/DEFA1/H2BC7/RNASE3/H2BC9/CAMP/DEFA1B/DEFA3/H2BC17/RNASE2",11
"GO:0045930","negative regulation of mitotic cell cycle","27/343","201/13352",0.134328358208955,5.22901527348679,9.8093424121198,1.65699474918496e-12,8.27522671798843e-11,8.27522671798843e-11,"AURKB/TTK/ZWINT/MAD2L1BP/CCL2/BUB1/NUF2/PLK1/HASPIN/FBXO5/SPC25/ORC1/CCNB1/GMNN/CDK1/KNL1/CDC20/CDC6/BIRC5/SKA3/DTL/CHEK1/PKMYT1/BUB1B/SKA1/SPC24/TRIP13",27
"GO:0044770","cell cycle phase transition","42/343","476/13352",0.0882352941176471,3.43474532670211,8.78311429734838,2.17640998907099e-12,1.06602235426227e-10,1.06602235426227e-10,"AURKB/FOXM1/TTK/ZWINT/CCNB2/MAD2L1BP/CDT1/CCL2/BUB1/NUF2/PLK1/HASPIN/NEK2/MELK/FBXO5/SPC25/UBE2C/ORC1/CCNB1/CDK1/KNL1/CCNA2/CDC20/CDC6/BIRC5/DLGAP5/CDKN3/RAD51/CCNA1/CENPE/SKA3/ANLN/DTL/CHEK1/PKMYT1/CCNE2/BUB1B/SKA1/SPC24/RRM2/TRIP13/CDC45",42
"GO:1901988","negative regulation of cell cycle phase transition","29/343","236/13352",0.122881355932203,4.78341651430548,9.52185259023153,2.36839652116338e-12,1.13817093196286e-10,1.13817093196286e-10,"AURKB/TTK/ZWINT/MAD2L1BP/CDT1/CCL2/BUB1/NUF2/PLK1/HASPIN/FBXO5/SPC25/ORC1/CCNB1/CDK1/KNL1/CDC20/CDC6/BIRC5/RAD51/SKA3/DTL/CHEK1/PKMYT1/BUB1B/SKA1/SPC24/TRIP13/CDC45",29
"GO:0007346","regulation of mitotic cell cycle","39/343","418/13352",0.0933014354066986,3.63195558469458,8.87732806762367,2.53483529022645e-12,1.19559731189014e-10,1.19559731189014e-10,"AURKB/FOXM1/TTK/ZWINT/MAD2L1BP/CCL2/BUB1/NUF2/PLK1/HASPIN/NEK2/FBXO5/SPC25/UBE2C/ORC1/CCNB1/GMNN/CDK1/KNL1/IGF1/CDC20/CDC6/BIRC5/DLGAP5/NUSAP1/CENPE/SKA3/ANLN/MKI67/DTL/CHEK1/PKMYT1/CDCA2/CCNE2/BUB1B/SKA1/SPC24/RRM2/TRIP13",39
"GO:0008608","attachment of spindle microtubules to kinetochore","15/343","53/13352",0.283018867924528,11.017107651686,11.8645913364498,2.66626261127118e-12,1.23472197652867e-10,1.23472197652867e-10,"AURKB/CDT1/NUF2/NEK2/SPC25/CCNB1/CDK1/KNL1/BIRC5/KIF2C/CENPE/SKA3/SKA1/SPC24/SPAG5",15
"GO:0009615","response to virus","35/343","344/13352",0.101744186046512,3.96060749881348,9.03309948066961,3.09812820621633e-12,1.40909509664875e-10,1.40909509664875e-10,"DEFA1/IFIT3/OAS3/IFIT1/IRF7/USP18/DDX60/IFIH1/STMN1/RTP4/OAS1/UAP1/IFIT2/IFIT5/IFI44/HERC5/IFITM3/MX1/ISG15/AZU1/RSAD2/MOV10/DEFA1B/DEFA3/GBP3/TRIM6/OAS2/RNASE2/CXCL10/IFI6/IFI44L/DHX58/POU2AF1/OASL/IFI27",35
"GO:0061844","antimicrobial humoral immune response mediated by antimicrobial peptide","17/343","75/13352",0.226666666666667,8.82347910592808,11.0322115779387,4.77722399079972e-12,2.13466482536261e-10,2.13466482536261e-10,"LTF/H2BC5/DEFA1/CXCL2/H2BC7/BPI/CCL2/RNASE3/H2BC9/DEFA4/CAMP/DEFA1B/DEFA3/H2BC17/ELANE/CCL7/CXCL10",17
"GO:1901990","regulation of mitotic cell cycle phase transition","32/343","297/13352",0.107744107744108,4.19416713294264,9.03918810876734,6.06385967670834e-12,2.66287079251313e-10,2.66287079251313e-10,"AURKB/TTK/ZWINT/MAD2L1BP/CCL2/BUB1/NUF2/PLK1/HASPIN/FBXO5/SPC25/UBE2C/ORC1/CCNB1/CDK1/KNL1/CDC20/CDC6/BIRC5/DLGAP5/CENPE/SKA3/ANLN/DTL/CHEK1/PKMYT1/CCNE2/BUB1B/SKA1/SPC24/RRM2/TRIP13",32
"GO:2001251","negative regulation of chromosome organization","19/343","101/13352",0.188118811881188,7.32292237970153,10.3570533054856,8.9210033447286e-12,3.85115178288538e-10,3.85115178288538e-10,"AURKB/TTK/ZWINT/MAD2L1BP/BUB1/NUF2/PLK1/HASPIN/FBXO5/SPC25/CCNB1/KNL1/CDC20/BIRC5/SKA3/BUB1B/SKA1/SPC24/TRIP13",19
"GO:0050853","B cell receptor signaling pathway","16/343","71/13352",0.225352112676056,8.77230731326736,10.6621736449834,2.25675262942583e-11,9.57991491191267e-10,9.57991491191267e-10,"IGKC/IGLC1/CD38/IGHA2/IGHG1/IGHA1/IGHG3/IGHM/IGHD/STAP1/IGLC3/IGHG4/IGLC6/IGHG2/BLNK/IGLC7",16
"GO:0050000","chromosome localization","19/343","109/13352",0.174311926605505,6.78546018669591,9.84781700606633,3.62673130657095e-11,1.51430895702233e-09,1.51430895702233e-09,"AURKB/TTK/ZWINT/CDT1/NUF2/NEK2/SPC25/CCNB1/CDK1/KNL1/BIRC5/DLGAP5/KIF2C/CENPE/SKA3/KIFC1/SKA1/SPC24/SPAG5",19
"GO:0045786","negative regulation of cell cycle","32/343","322/13352",0.0993788819875776,3.86853303877008,8.46053030508505,5.18179132821774e-11,2.12871330854364e-09,2.12871330854364e-09,"AURKB/TTK/ZWINT/MAD2L1BP/CDT1/CCL2/BUB1/NUF2/PLK1/HASPIN/NEK2/FBXO5/SPC25/ORC1/CCNB1/GMNN/CDK1/KNL1/CDC20/CDC6/BIRC5/RAD51/E2F8/SKA3/DTL/CHEK1/PKMYT1/BUB1B/SKA1/SPC24/TRIP13/CDC45",32
"GO:0090068","positive regulation of cell cycle process","25/343","200/13352",0.125,4.86588921282799,8.94438537637671,5.62696648786127e-11,2.27490216580677e-09,2.27490216580677e-09,"NCAPG/AURKB/MAD2L1BP/BUB1/PLK1/FBXO5/UBE2C/CCNB1/CDK1/KNL1/IGF1/CDC20/RAD51AP1/CDC6/BIRC5/DLGAP5/KIF23/NUSAP1/E2F8/SKA3/DTL/CCNE2/SKA1/SPAG5/RRM2",25
"GO:0051310","metaphase chromosome alignment","18/343","99/13352",0.181818181818182,7.07765703684071,9.85550059671136,5.78006310408804e-11,2.30028448845504e-09,2.30028448845504e-09,"AURKB/TTK/ZWINT/CDT1/NUF2/NEK2/SPC25/CCNB1/CDK1/KNL1/BIRC5/KIF2C/CENPE/SKA3/KIFC1/SKA1/SPC24/SPAG5",18
"GO:1901987","regulation of cell cycle phase transition","35/343","395/13352",0.0886075949367089,3.44923792301731,8.02341571595357,1.52601184714277e-10,5.97961873026561e-09,5.97961873026561e-09,"AURKB/TTK/ZWINT/MAD2L1BP/CDT1/CCL2/BUB1/NUF2/PLK1/HASPIN/FBXO5/SPC25/UBE2C/ORC1/CCNB1/CDK1/KNL1/CDC20/CDC6/BIRC5/DLGAP5/RAD51/CENPE/SKA3/ANLN/DTL/CHEK1/PKMYT1/CCNE2/BUB1B/SKA1/SPC24/RRM2/TRIP13/CDC45",35
"GO:0140374","antiviral innate immune response","15/343","69/13352",0.217391304347826,8.46241602230955,10.0910862238339,1.66575608636662e-10,6.42830416966027e-09,6.42830416966027e-09,"IFIT3/OAS3/IFIT1/USP18/IFIH1/OAS1/UAP1/IFIT2/IFIT5/MX1/TRIM6/OAS2/CXCL10/DHX58/OASL",15
"GO:0033044","regulation of chromosome organization","26/343","236/13352",0.110169491525424,4.28858032317043,8.27648157425062,3.88772222305202e-10,1.47791470180799e-08,1.47791470180799e-08,"NCAPG/AURKB/TTK/ZWINT/MAD2L1BP/BUB1/NUF2/PLK1/HASPIN/NEK2/FBXO5/SPC25/UBE2C/CCNB1/CDK1/KNL1/CDC20/CDC6/BIRC5/DLGAP5/CENPE/SKA3/BUB1B/SKA1/SPC24/TRIP13",26
"GO:1901992","positive regulation of mitotic cell cycle phase transition","15/343","74/13352",0.202702702702703,7.89063115593728,9.65140482431962,4.77069962592659e-10,1.78690763929927e-08,1.78690763929927e-08,"MAD2L1BP/PLK1/FBXO5/UBE2C/CCNB1/CDK1/CDC20/CDC6/BIRC5/DLGAP5/SKA3/DTL/CCNE2/SKA1/RRM2",15
"GO:0045071","negative regulation of viral genome replication","12/343","44/13352",0.272727272727273,10.6164855552611,10.3745275154552,6.87169856035134e-10,2.53655307727752e-08,2.53655307727752e-08,"OAS3/IFIT1/IFIH1/OAS1/IFIT5/IFITM3/MX1/ISG15/RSAD2/TRIM6/OAS2/OASL",12
"GO:0002385","mucosal immune response","11/343","36/13352",0.305555555555556,11.8943958535795,10.6279501771759,9.27133384552761e-10,3.3734410435084e-08,3.3734410435084e-08,"LTF/H2BC5/DEFA1/H2BC7/RNASE3/H2BC9/CAMP/DEFA1B/DEFA3/H2BC17/RNASE2",11
"GO:1901970","positive regulation of mitotic sister chromatid separation","9/343","21/13352",0.428571428571429,16.683048729696,11.6785997943874,9.82972354289451e-10,3.52624026250032e-08,3.52624026250032e-08,"AURKB/MAD2L1BP/PLK1/UBE2C/CDC20/BIRC5/DLGAP5/SKA3/SKA1",9
"GO:0045787","positive regulation of cell cycle","26/343","248/13352",0.104838709677419,4.08106837204928,7.95256514120394,1.14613913676547e-09,4.05446719630786e-08,4.05446719630786e-08,"NCAPG/AURKB/MAD2L1BP/BUB1/PLK1/FBXO5/UBE2C/CCNB1/CDK1/KNL1/IGF1/CDC20/RAD51AP1/CDC6/BIRC5/DLGAP5/KIF23/NUSAP1/E2F8/SKA3/DTL/CHEK1/CCNE2/SKA1/SPAG5/RRM2",26
"GO:1905820","positive regulation of chromosome separation","10/343","29/13352",0.344827586206897,13.4231426560772,10.8745541059106,1.42544595282072e-09,4.97343950936215e-08,4.97343950936215e-08,"NCAPG/AURKB/MAD2L1BP/PLK1/UBE2C/CDC20/BIRC5/DLGAP5/SKA3/SKA1",10
"GO:0002251","organ or tissue specific immune response","11/343","38/13352",0.289473684210526,11.2683750191806,10.2925087438852,1.7733688322556e-09,6.10374380507433e-08,6.10374380507433e-08,"LTF/H2BC5/DEFA1/H2BC7/RNASE3/H2BC9/CAMP/DEFA1B/DEFA3/H2BC17/RNASE2",11
"GO:0050829","defense response to Gram-negative bacterium","12/343","48/13352",0.25,9.73177842565598,9.84043299229848,2.06949813133692e-09,7.02801565402019e-08,7.02801565402019e-08,"LTF/DEFA1/BPI/RNASE3/CTSG/DEFA4/AZU1/CAMP/IGHM/DEFA1B/DEFA3/ELANE",12
"GO:0051321","meiotic cell cycle","23/343","204/13352",0.112745098039216,4.38884125078603,7.91987746044441,2.63212088003489e-09,8.82106826506428e-08,8.82106826506428e-08,"PIWIL4/TTK/ZWINT/NUF2/NEK2/FBXO5/EXO1/PTTG1/MND1/KNL1/CDC20/RAD51AP1/RAD51/TOP2A/CCNA1/RAD54L/SKA3/MKI67/PKMYT1/CDCA2/SKA1/ASPM/TRIP13",23
"GO:1901989","positive regulation of cell cycle phase transition","15/343","89/13352",0.168539325842697,6.56074950044223,8.54652271318502,7.03974689586587e-09,2.32860199269745e-07,2.32860199269745e-07,"MAD2L1BP/PLK1/FBXO5/UBE2C/CCNB1/CDK1/CDC20/CDC6/BIRC5/DLGAP5/SKA3/DTL/CCNE2/SKA1/RRM2",15
"GO:0051315","attachment of mitotic spindle microtubules to kinetochore","9/343","26/13352",0.346153846153846,13.4747701278314,10.338352175075,9.3266267711473e-09,3.04550235719387e-07,3.04550235719387e-07,"AURKB/CDT1/NUF2/CDK1/BIRC5/KIF2C/CENPE/SKA3/SKA1",9
"GO:0051984","positive regulation of chromosome segregation","9/343","27/13352",0.333333333333333,12.9757045675413,10.1141955956135,1.36756868568206e-08,4.40911068662305e-07,4.40911068662305e-07,"NCAPG/AURKB/MAD2L1BP/CCNB1/CDK1/CDC6/BIRC5/SKA3/SKA1",9
"GO:0031640","killing of cells of another organism","12/343","57/13352",0.210526315789474,8.19518183213135,8.83928286145185,1.70666699641096e-08,5.36651955538111e-07,5.36651955538111e-07,"LTF/DEFA1/CXCL2/CTSG/MPO/DEFA4/AZU1/DEFA1B/DEFA3/GBP3/ELANE/CXCL10",12
"GO:0141061","disruption of cell in another organism","12/343","57/13352",0.210526315789474,8.19518183213135,8.83928286145185,1.70666699641096e-08,5.36651955538111e-07,5.36651955538111e-07,"LTF/DEFA1/CXCL2/CTSG/MPO/DEFA4/AZU1/DEFA1B/DEFA3/GBP3/ELANE/CXCL10",12
"GO:0006958","complement activation, classical pathway","9/343","28/13352",0.321428571428571,12.512286547272,9.90159812483858,1.97010182223603e-08,6.11932846492095e-07,6.11932846492095e-07,"IGHA2/C1QB/IGHG1/IGHA1/C1QC/IGHG3/IGHD/IGHG4/IGHG2",9
"GO:0045931","positive regulation of mitotic cell cycle","15/343","97/13352",0.154639175257732,6.01965675813772,8.05660410941533,2.36970819781471e-08,7.27186359016154e-07,7.27186359016154e-07,"MAD2L1BP/PLK1/FBXO5/UBE2C/CCNB1/CDK1/CDC20/CDC6/BIRC5/DLGAP5/SKA3/DTL/CCNE2/SKA1/RRM2",15
"GO:0045069","regulation of viral genome replication","13/343","71/13352",0.183098591549296,7.12749969202973,8.40580063200541,2.56485057988593e-08,7.77699336543985e-07,7.77699336543985e-07,"OAS3/IFIT1/IFIH1/OAS1/IFIT5/IFITM3/MX1/ISG15/RSAD2/TOP2A/TRIM6/OAS2/OASL",13
"GO:0051785","positive regulation of nuclear division","10/343","38/13352",0.263157894736842,10.2439772901642,9.26570337658779,2.73813746582608e-08,8.20474838289296e-07,8.20474838289296e-07,"MAD2L1BP/PLK1/UBE2C/IGF1/CDC20/RAD51AP1/DLGAP5/NUSAP1/SKA3/SKA1",10
"GO:0141060","disruption of anatomical structure in another organism","12/343","61/13352",0.19672131147541,7.65779285953257,8.46249390081281,3.83282411779367e-08,1.13513988697912e-06,1.13513988697912e-06,"LTF/DEFA1/CXCL2/CTSG/MPO/DEFA4/AZU1/DEFA1B/DEFA3/GBP3/ELANE/CXCL10",12
"GO:0019079","viral genome replication","15/343","101/13352",0.148514851485149,5.78125451029068,7.83177538113504,4.15141707381518e-08,1.21536313643762e-06,1.21536313643762e-06,"LTF/CCL2/OAS3/IFIT1/IFIH1/OAS1/IFIT5/IFITM3/MX1/ISG15/RSAD2/TOP2A/TRIM6/OAS2/OASL",15
"GO:1903900","regulation of viral life cycle","15/343","102/13352",0.147058823529412,5.72457554450352,7.77744494468795,4.75528871911661e-08,1.37633185995341e-06,1.37633185995341e-06,"OAS3/IFIT1/KPNA2/IFIH1/OAS1/IFIT5/IFITM3/MX1/LAMP3/ISG15/RSAD2/TOP2A/TRIM6/OAS2/OASL",15
"GO:1903046","meiotic cell cycle process","17/343","133/13352",0.12781954887218,4.97564611236546,7.48197477269301,5.12508763277552e-08,1.46669642704261e-06,1.46669642704261e-06,"TTK/ZWINT/NUF2/FBXO5/PTTG1/MND1/KNL1/CDC20/RAD51AP1/RAD51/TOP2A/CCNA1/RAD54L/SKA3/PKMYT1/SKA1/TRIP13",17
"GO:0007051","spindle organization","20/343","184/13352",0.108695652173913,4.23120801115477,7.16631544005304,5.45488480294671e-08,1.54373239923392e-06,1.54373239923392e-06,"AURKB/TTK/NUF2/PLK1/STMN1/NEK2/SPC25/CCNB1/KIF11/BIRC5/DLGAP5/KIF23/CENPE/TPX2/SKA3/KIFC1/SKA1/ASPM/SPAG5/KIF4A",20
"GO:1902969","mitotic DNA replication","7/343","16/13352",0.4375,17.030612244898,10.4178789867136,6.51051643799152e-08,1.82222916127081e-06,1.82222916127081e-06,"CDT1/MCM4/GMNN/MCM2/RAD51/TK1/CDC45",7
"GO:0007080","mitotic metaphase chromosome alignment","12/343","64/13352",0.1875,7.29883381924198,8.20167071473742,6.74254826355842e-08,1.86665982905253e-06,1.86665982905253e-06,"AURKB/TTK/CDT1/NUF2/CCNB1/CDK1/BIRC5/KIF2C/CENPE/SKA3/KIFC1/SKA1",12
"GO:0002455","humoral immune response mediated by circulating immunoglobulin","9/343","32/13352",0.28125,10.948250728863,9.14853597634382,7.30597850089448e-08,2.00089540234175e-06,2.00089540234175e-06,"IGHA2/C1QB/IGHG1/IGHA1/C1QC/IGHG3/IGHD/IGHG4/IGHG2",9
"GO:0048525","negative regulation of viral process","12/343","66/13352",0.181818181818182,7.07765703684071,8.03698270900747,9.65104217037522e-08,2.61502174552614e-06,2.61502174552614e-06,"OAS3/IFIT1/IFIH1/OAS1/IFIT5/IFITM3/MX1/ISG15/RSAD2/TRIM6/OAS2/OASL",12
"GO:0006956","complement activation","10/343","43/13352",0.232558139534884,9.05281714014509,8.58798651489367,9.90611446878118e-08,2.65588142652481e-06,2.65588142652481e-06,"IGHA2/C1QB/IGHG1/IGHA1/C1QC/IGHG3/IGHD/IGHG4/IGHG2/SERPING1",10
"GO:0045842","positive regulation of mitotic metaphase/anaphase transition","7/343","17/13352",0.411764705882353,16.0288115246098,10.0678002379313,1.0824696839525e-07,2.84231988147115e-06,2.84231988147115e-06,"MAD2L1BP/PLK1/UBE2C/CDC20/DLGAP5/SKA3/SKA1",7
"GO:1902101","positive regulation of metaphase/anaphase transition of cell cycle","7/343","17/13352",0.411764705882353,16.0288115246098,10.0678002379313,1.0824696839525e-07,2.84231988147115e-06,2.84231988147115e-06,"MAD2L1BP/PLK1/UBE2C/CDC20/DLGAP5/SKA3/SKA1",7
"GO:0045840","positive regulation of mitotic nuclear division","9/343","34/13352",0.264705882352941,10.3042359801063,8.8202860735961,1.30560066323651e-07,3.3932294788402e-06,3.3932294788402e-06,"MAD2L1BP/PLK1/UBE2C/IGF1/CDC20/DLGAP5/NUSAP1/SKA3/SKA1",9
"GO:0140013","meiotic nuclear division","15/343","111/13352",0.135135135135135,5.26042077062485,7.31872773237389,1.50335341561469e-07,3.86771833289961e-06,3.86771833289961e-06,"TTK/ZWINT/NUF2/FBXO5/PTTG1/MND1/KNL1/RAD51AP1/RAD51/TOP2A/CCNA1/RAD54L/SKA3/SKA1/TRIP13",15
"GO:0051447","negative regulation of meiotic cell cycle","6/343","12/13352",0.5,19.463556851312,10.3898691322886,2.23147242072177e-07,5.68356025557834e-06,5.68356025557834e-06,"TTK/ZWINT/FBXO5/KNL1/PKMYT1/TRIP13",6
"GO:0006270","DNA replication initiation","9/343","37/13352",0.243243243243243,9.46875738712473,8.37590936351885,2.89292439602611e-07,7.2953251848302e-06,7.2953251848302e-06,"CDT1/MCM4/MCM10/ORC1/GMNN/MCM2/CDC6/DTL/CDC45",9
"GO:1902850","microtubule cytoskeleton organization involved in mitosis","17/343","150/13352",0.113333333333333,4.41173955296404,6.82312985741544,3.0218857410038e-07,7.54582645327125e-06,7.54582645327125e-06,"AURKB/TTK/NUF2/PLK1/STMN1/SPC25/CCNB1/CDK1/KIF11/BIRC5/DLGAP5/KIF23/NUSAP1/CENPE/TPX2/KIFC1/KIF4A",17
"GO:0000086","G2/M transition of mitotic cell cycle","15/343","122/13352",0.122950819672131,4.78612053720786,6.82144576699331,5.27273542952509e-07,1.30385020766994e-05,1.30385020766994e-05,"AURKB/FOXM1/PLK1/NEK2/MELK/FBXO5/ORC1/CCNB1/CDK1/CCNA2/CDC6/BIRC5/DTL/CHEK1/PKMYT1",15
"GO:0044786","cell cycle DNA replication","9/343","40/13352",0.225,8.75860058309038,7.97946431853583,5.94060968208697e-07,1.45487815964188e-05,1.45487815964188e-05,"CDT1/MCM4/FBXO5/GMNN/MCM2/RAD51/E2F8/TK1/CDC45",9
"GO:0090231","regulation of spindle checkpoint","8/343","30/13352",0.266666666666667,10.380563654033,8.3519300559887,6.2436926605317e-07,1.51454144822612e-05,1.51454144822612e-05,"AURKB/ZWINT/MAD2L1BP/CCNB1/KNL1/BIRC5/SKA3/SKA1",8
"GO:0050792","regulation of viral process","15/343","125/13352",0.12,4.67125364431487,6.69608135436056,7.24041384517454e-07,1.73974849657165e-05,1.73974849657165e-05,"OAS3/IFIT1/KPNA2/IFIH1/OAS1/IFIT5/IFITM3/MX1/LAMP3/ISG15/RSAD2/TOP2A/TRIM6/OAS2/OASL",15
"GO:0051445","regulation of meiotic cell cycle","9/343","41/13352",0.219512195121951,8.54497617862476,7.8564519861898,7.44088003511044e-07,1.77120761209591e-05,1.77120761209591e-05,"TTK/ZWINT/FBXO5/KNL1/CDC20/RAD51AP1/PKMYT1/ASPM/TRIP13",9
"GO:0007052","mitotic spindle organization","15/343","127/13352",0.118110236220472,4.5976905947981,6.6146951246087,8.89655508154336e-07,2.09810424006397e-05,2.09810424006397e-05,"AURKB/TTK/NUF2/PLK1/STMN1/SPC25/CCNB1/KIF11/BIRC5/DLGAP5/KIF23/CENPE/TPX2/KIFC1/KIF4A",15
"GO:0061982","meiosis I cell cycle process","12/343","85/13352",0.141176470588235,5.49559252272338,6.75137202154961,1.6647442833412e-06,3.89000338501838e-05,3.89000338501838e-05,"ZWINT/PTTG1/MND1/KNL1/CDC20/RAD51AP1/RAD51/TOP2A/CCNA1/RAD54L/PKMYT1/TRIP13",12
"GO:0044839","cell cycle G2/M phase transition","15/343","135/13352",0.111111111111111,4.3252348558471,6.30528562518588,1.94755415425599e-06,4.50947311899091e-05,4.50947311899091e-05,"AURKB/FOXM1/PLK1/NEK2/MELK/FBXO5/ORC1/CCNB1/CDK1/CCNA2/CDC6/BIRC5/DTL/CHEK1/PKMYT1",15
"GO:0045132","meiotic chromosome segregation","9/343","46/13352",0.195652173913043,7.61617442007859,7.29867630637178,2.08942239437193e-06,4.79437733195072e-05,4.79437733195072e-05,"TTK/ZWINT/NUF2/PTTG1/MND1/KNL1/SKA3/SKA1/TRIP13",9
"GO:2000242","negative regulation of reproductive process","7/343","25/13352",0.28,10.8995918367347,8.04457482377484,2.24044673645296e-06,5.09501592655865e-05,5.09501592655865e-05,"TTK/ZWINT/FBXO5/KNL1/IGF1/PKMYT1/TRIP13",7
"GO:0039530","MDA-5 signaling pathway","5/343","10/13352",0.5,19.463556851312,9.4838985785217,2.46310860655146e-06,5.50310317621628e-05,5.50310317621629e-05,"OAS3/IRF7/DDX60/IFIH1/DHX58",5
"GO:0040020","regulation of meiotic nuclear division","5/343","10/13352",0.5,19.463556851312,9.4838985785217,2.46310860655146e-06,5.50310317621628e-05,5.50310317621629e-05,"ZWINT/FBXO5/KNL1/RAD51AP1/TRIP13",5
"GO:0006260","DNA replication","23/343","298/13352",0.0771812080536913,3.00444166161191,5.6821376433816,2.70712192573725e-06,5.99568656074153e-05,5.99568656074153e-05,"CDT1/MCM4/MCM10/GINS2/FBXO5/RECQL4/ORC1/GMNN/EXO1/CDK1/MCM2/CCNA2/DSCC1/CDC6/RAD51/E2F8/DTL/CHEK1/PCLAF/TYMS/TK1/POLE2/CDC45",23
"GO:0060337","type I interferon-mediated signaling pathway","10/343","61/13352",0.163934426229508,6.38149404961048,6.84023392330148,3.08986196264104e-06,6.78437794728167e-05,6.78437794728166e-05,"OAS3/IRF7/USP18/OAS1/IFITM3/ISG15/TRIM6/OAS2/OASL/IFI27",10
"GO:0051231","spindle elongation","5/343","11/13352",0.454545454545455,17.6941425921018,8.99390446937455,4.42066838563109e-06,9.6234550241046e-05,9.6234550241046e-05,"AURKB/KIF11/BIRC5/KIF23/KIF4A",5
"GO:0010639","negative regulation of organelle organization","23/343","312/13352",0.0737179487179487,2.86962697166779,5.42594599790061,5.83874134059791e-06,0.000126027747411041,0.000126027747411041,"AURKB/TTK/ZWINT/MAD2L1BP/BUB1/NUF2/PLK1/HASPIN/FBXO5/SPC25/CCNB1/KNL1/IGF1/CDC20/BIRC5/TPX2/SKA3/CHEK1/IFI6/BUB1B/SKA1/SPC24/TRIP13",23
"GO:0090266","regulation of mitotic cell cycle spindle assembly checkpoint","7/343","29/13352",0.241379310344828,9.39619985925405,7.34958393227757,6.65788199270329e-06,0.000141313545295127,0.000141313545295127,"AURKB/MAD2L1BP/CCNB1/KNL1/BIRC5/SKA3/SKA1",7
"GO:1903504","regulation of mitotic spindle checkpoint","7/343","29/13352",0.241379310344828,9.39619985925405,7.34958393227757,6.65788199270329e-06,0.000141313545295127,0.000141313545295127,"AURKB/MAD2L1BP/CCNB1/KNL1/BIRC5/SKA3/SKA1",7
"GO:1901976","regulation of cell cycle checkpoint","9/343","53/13352",0.169811320754717,6.61026459101161,6.6449816629957,7.17396014154907e-06,0.000151008896533268,0.000151008896533268,"AURKB/ZWINT/MAD2L1BP/CCNB1/KNL1/BIRC5/RAD51/SKA3/SKA1",9
"GO:0044771","meiotic cell cycle phase transition","5/343","12/13352",0.416666666666667,16.2196307094266,8.56443710094066,7.41889777388746e-06,0.000154884693689273,0.000154884693689273,"TTK/ZWINT/KNL1/CDC20/PKMYT1",5
"GO:0019058","viral life cycle","20/343","254/13352",0.078740157480315,3.06512706319873,5.39564222245898,9.09172590882843e-06,0.000188265251136472,0.000188265251136472,"LTF/CCL2/OAS3/IFIT1/KPNA2/IFIH1/OAS1/IFIT5/IFITM3/MX1/LAMP3/ISG15/CDK1/RSAD2/SIGLEC1/CAV1/TOP2A/TRIM6/OAS2/OASL",20
"GO:0050832","defense response to fungus","8/343","42/13352",0.19047619047619,7.41468832430932,6.76072356018376,9.6208057842409e-06,0.000197614454294045,0.000197614454294045,"LTF/DEFA1/MPO/DEFA4/CAMP/DEFA1B/DEFA3/ELANE",8
"GO:0034340","response to type I interferon","12/343","103/13352",0.116504854368932,4.53519771292706,5.84820746792272,1.27898111775403e-05,0.000260605192553562,0.000260605192553562,"OAS3/IFIT1/IRF7/USP18/OAS1/IFITM3/MX1/ISG15/TRIM6/OAS2/OASL/IFI27",12
"GO:0071360","cellular response to exogenous dsRNA","5/343","14/13352",0.357142857142857,13.90254060808,7.84288590319716,1.79734223135611e-05,0.000363319893909843,0.000363319893909843,"OAS3/IFIT1/IFIH1/OAS1/CAMP",5
"GO:0006261","DNA-templated DNA replication","15/343","162/13352",0.0925925925925926,3.60436237987258,5.41525016105155,1.84297356524693e-05,0.000369610525250702,0.000369610525250702,"CDT1/MCM4/MCM10/FBXO5/ORC1/GMNN/EXO1/MCM2/CDC6/RAD51/E2F8/DTL/TK1/POLE2/CDC45",15
"GO:0051988","regulation of attachment of spindle microtubules to kinetochore","6/343","23/13352",0.260869565217391,10.1548992267715,7.13511049934699,1.91846231962505e-05,0.00038174402563164,0.00038174402563164,"AURKB/NEK2/CCNB1/CDK1/BIRC5/SPAG5",6
"GO:0007127","meiosis I","10/343","75/13352",0.133333333333333,5.19028182701652,5.90888977409159,2.06537893167568e-05,0.0004077922588355,0.0004077922588355,"ZWINT/PTTG1/MND1/KNL1/RAD51AP1/RAD51/TOP2A/CCNA1/RAD54L/TRIP13",10
"GO:0009620","response to fungus","8/343","47/13352",0.170212765957447,6.62589169406364,6.27357158370855,2.29192369357331e-05,0.000449040742117787,0.000449040742117787,"LTF/DEFA1/MPO/DEFA4/CAMP/DEFA1B/DEFA3/ELANE",8
"GO:0050830","defense response to Gram-positive bacterium","9/343","62/13352",0.145161290322581,5.6507100536067,5.95984026347876,2.68009441768772e-05,0.000521084006248138,0.000521084006248138,"DEFA1/H2BC7/RNASE3/RNASE1/CTSG/DEFA4/CAMP/DEFA1B/DEFA3",9
"GO:0050851","antigen receptor-mediated signaling pathway","16/343","189/13352",0.0846560846560847,3.29541703302636,5.16056274180258,2.9815227922498e-05,0.000575298375140928,0.000575298375140928,"IGKC/IGLC1/CD38/IGHA2/IGHG1/IGHA1/IGHG3/IGHM/IGHD/STAP1/IGLC3/IGHG4/IGLC6/IGHG2/BLNK/IGLC7",16
"GO:0030261","chromosome condensation","7/343","36/13352",0.194444444444444,7.56916099773243,6.40849816071333,3.05047282815745e-05,0.000579817484575898,0.000579817484575898,"NCAPG/PLK1/CCNB1/CDK1/NUSAP1/TOP2A/H1-5",7
"GO:0033260","nuclear DNA replication","7/343","36/13352",0.194444444444444,7.56916099773243,6.40849816071333,3.05047282815745e-05,0.000579817484575898,0.000579817484575898,"CDT1/MCM4/GMNN/MCM2/RAD51/TK1/CDC45",7
"GO:0140888","interferon-mediated signaling pathway","10/343","80/13352",0.125,4.86588921282799,5.63129413557009,3.66191965426337e-05,0.000690882174771023,0.000690882174771023,"OAS3/IRF7/USP18/OAS1/IFITM3/ISG15/TRIM6/OAS2/OASL/IFI27",10
"GO:0071359","cellular response to dsRNA","5/343","16/13352",0.3125,12.16472303207,7.25566383188501,3.75857628711759e-05,0.000703903956124155,0.000703903956124155,"OAS3/IFIT1/IFIH1/OAS1/CAMP",5
"GO:0071357","cellular response to type I interferon","11/343","97/13352",0.11340206185567,4.41441495596766,5.48017342438845,3.78942090584184e-05,0.000704500368407239,0.000704500368407239,"OAS3/IFIT1/IRF7/USP18/OAS1/IFITM3/ISG15/TRIM6/OAS2/OASL/IFI27",11
"GO:0030174","regulation of DNA-templated DNA replication initiation","5/343","17/13352",0.294117647058824,11.449151089007,6.99988589568905,5.21298176071356e-05,0.000962135111923002,0.000962135111923002,"CDT1/MCM4/GMNN/MCM2/DTL",5
"GO:0051225","spindle assembly","12/343","120/13352",0.1,3.89271137026239,5.16850547556933,5.96945124357545e-05,0.0010938267854235,0.0010938267854235,"AURKB/PLK1/NEK2/KIF11/BIRC5/KIF23/TPX2/SKA3/KIFC1/SKA1/SPAG5/KIF4A",12
"GO:2000241","regulation of reproductive process","10/343","85/13352",0.117647058823529,4.57966043560281,5.37584738594958,6.21284324245868e-05,0.00113029369561016,0.00113029369561016,"TTK/ZWINT/FBXO5/KNL1/IGF1/CDC20/RAD51AP1/PKMYT1/ASPM/TRIP13",10
"GO:0001906","cell killing","14/343","162/13352",0.0864197530864197,3.36407155454774,4.91561349735377,7.46753272249955e-05,0.00134892240029832,0.00134892240029832,"LTF/DEFA1/CXCL2/IGHG1/CTSG/MPO/DEFA4/AZU1/DEFA1B/DEFA3/STAP1/GBP3/ELANE/CXCL10",14
"GO:0000022","mitotic spindle elongation","4/343","10/13352",0.4,15.5708454810496,7.48438785974037,7.95066560179983e-05,0.00140627397831835,0.00140627397831835,"AURKB/BIRC5/KIF23/KIF4A",4
"GO:0033313","meiotic cell cycle checkpoint signaling","4/343","10/13352",0.4,15.5708454810496,7.48438785974037,7.95066560179983e-05,0.00140627397831835,0.00140627397831835,"TTK/ZWINT/KNL1/TRIP13",4
"GO:1901993","regulation of meiotic cell cycle phase transition","4/343","10/13352",0.4,15.5708454810496,7.48438785974037,7.95066560179983e-05,0.00140627397831835,0.00140627397831835,"TTK/ZWINT/KNL1/PKMYT1",4
"GO:0002757","immune response-activating signaling pathway","27/343","473/13352",0.0570824524312896,2.22205511621743,4.39402267237049,9.12774709165079e-05,0.00160333598913342,0.00160333598913342,"LTF/IGKC/AURKB/IGLC1/CD38/OAS3/IRF7/DDX60/IFIH1/IGHA2/OAS1/IGHG1/IGHA1/RSAD2/IGHG3/IGHM/IGHD/STAP1/IGLC3/IGHG4/IGLC6/IGHG2/BLNK/IRAK2/DHX58/OASL/IGLC7",27
"GO:0010389","regulation of G2/M transition of mitotic cell cycle","10/343","91/13352",0.10989010989011,4.27770480248614,5.09429859841591,0.000111373209006071,0.00194292851601687,0.00194292851601687,"AURKB/PLK1/FBXO5/ORC1/CCNB1/CDK1/CDC6/DTL/CHEK1/PKMYT1",10
"GO:0090329","regulation of DNA-templated DNA replication","7/343","44/13352",0.159090909090909,6.19294990723562,5.60229632638737,0.000117392020408534,0.00203399643524174,0.00203399643524174,"CDT1/MCM4/FBXO5/GMNN/MCM2/E2F8/DTL",7
"GO:0000727","double-strand break repair via break-induced replication","4/343","11/13352",0.363636363636364,14.1553140736814,7.08737435244424,0.000122412934665065,0.00206752155029549,0.00206752155029549,"MCM4/GINS2/MCM2/CDC45",4
"GO:0051255","spindle midzone assembly","4/343","11/13352",0.363636363636364,14.1553140736814,7.08737435244424,0.000122412934665065,0.00206752155029549,0.00206752155029549,"AURKB/BIRC5/KIF23/KIF4A",4
"GO:0070942","neutrophil mediated cytotoxicity","4/343","11/13352",0.363636363636364,14.1553140736814,7.08737435244424,0.000122412934665065,0.00206752155029549,0.00206752155029549,"CTSG/MPO/AZU1/ELANE",4
"GO:0043330","response to exogenous dsRNA","5/343","20/13352",0.25,9.73177842565598,6.34529843938334,0.000122573912090545,0.00206752155029549,0.00206752155029549,"OAS3/IFIT1/IFIH1/OAS1/CAMP",5
"GO:0032481","positive regulation of type I interferon production","9/343","76/13352",0.118421052631579,4.60978978057388,5.12432995926491,0.000137314746498683,0.00230092539034306,0.00230092539034306,"OAS3/IRF7/KPNA2/IFIH1/OAS1/UAP1/ISG15/OAS2/DHX58",9
"GO:0016032","viral process","21/343","336/13352",0.0625,2.43294460641399,4.31958746261339,0.000162991064370546,0.00271332183628615,0.00271332183628615,"LTF/CCL2/OAS3/IFIT1/IRF7/KPNA2/IFIH1/OAS1/IFIT5/IFITM3/MX1/LAMP3/ISG15/CDK1/RSAD2/SIGLEC1/CAV1/TOP2A/TRIM6/OAS2/OASL",21
"GO:0006275","regulation of DNA replication","11/343","117/13352",0.094017094017094,3.6598141087937,4.6920674277796,0.000209500618987969,0.00346492257508023,0.00346492257508023,"CDT1/MCM4/FBXO5/GMNN/CDK1/MCM2/CCNA2/DSCC1/CDC6/E2F8/DTL",11
"GO:0002429","immune response-activating cell surface receptor signaling pathway","19/343","294/13352",0.0646258503401361,2.51569782431923,4.26707190634974,0.000217551513253877,0.00357486260811371,0.00357486260811371,"LTF/IGKC/IGLC1/CD38/IGHA2/OAS1/IGHG1/IGHA1/IGHG3/IGHM/IGHD/STAP1/IGLC3/IGHG4/IGLC6/IGHG2/BLNK/IRAK2/IGLC7",19
"GO:0000281","mitotic cytokinesis","10/343","99/13352",0.101010101010101,3.93203168713373,4.75456904971132,0.000225245904015919,0.00367757254825991,0.00367757254825991,"AURKB/KIF20A/PLK1/STMN1/CEP55/BIRC5/KIF23/NUSAP1/ANLN/KIF4A",10
"GO:0043331","response to dsRNA","5/343","23/13352",0.217391304347826,8.46241602230954,5.81602938408896,0.000249686337636399,0.00405064396152808,0.00405064396152808,"OAS3/IFIT1/IFIH1/OAS1/CAMP",5
"GO:0007096","regulation of exit from mitosis","4/343","13/13352",0.307692307692308,11.9775734469612,6.42981374168088,0.000254624469533553,0.00410461091077189,0.00410461091077189,"MAD2L1BP/UBE2C/BIRC5/ANLN",4
"GO:0048247","lymphocyte chemotaxis","6/343","36/13352",0.166666666666667,6.48785228377065,5.35363515659769,0.000279298251691469,0.00447404180539731,0.00447404180539731,"DEFA1/CCL2/DEFA4/DEFA1B/CCL7/CXCL10",6
"GO:1902749","regulation of cell cycle G2/M phase transition","10/343","102/13352",0.0980392156862745,3.81638369633568,4.63624063898195,0.000287765105495319,0.0045808607731036,0.0045808607731036,"AURKB/PLK1/FBXO5/ORC1/CCNB1/CDK1/CDC6/DTL/CHEK1/PKMYT1",10
"GO:0010972","negative regulation of G2/M transition of mitotic cell cycle","8/343","67/13352",0.119402985074627,4.64801357643271,4.86065804713083,0.000304365028846882,0.00481501694703733,0.00481501694703733,"AURKB/PLK1/ORC1/CDK1/CDC6/DTL/CHEK1/PKMYT1",8
"GO:1902750","negative regulation of cell cycle G2/M phase transition","8/343","69/13352",0.115942028985507,4.51328854523176,4.75086051664125,0.00037322325718206,0.00586789898791794,0.00586789898791794,"AURKB/PLK1/ORC1/CDK1/CDC6/DTL/CHEK1/PKMYT1",8
"GO:0090307","mitotic spindle assembly","8/343","70/13352",0.114285714285714,4.44881299458559,4.69752315378513,0.000412124034941594,0.00643975409200147,0.00643975409200147,"AURKB/PLK1/KIF11/BIRC5/KIF23/TPX2/KIFC1/KIF4A",8
"GO:0002768","immune response-regulating cell surface receptor signaling pathway","20/343","336/13352",0.0595238095238095,2.31709010134666,3.97034600182272,0.000437976581713636,0.0068019899611258,0.0068019899611258,"LTF/IGKC/IGLC1/CD38/IGHA2/OAS1/IGHG1/CD24/IGHA1/IGHG3/IGHM/IGHD/STAP1/IGLC3/IGHG4/IGLC6/IGHG2/BLNK/IRAK2/IGLC7",20
"GO:0032479","regulation of type I interferon production","11/343","128/13352",0.0859375,3.34529883381924,4.32916115855469,0.000457540521704235,0.00702021511313666,0.00702021511313666,"OAS3/IRF7/XAF1/KPNA2/IFIH1/OAS1/UAP1/ISG15/SIGLEC1/OAS2/DHX58",11
"GO:0032606","type I interferon production","11/343","128/13352",0.0859375,3.34529883381924,4.32916115855469,0.000457540521704235,0.00702021511313666,0.00702021511313666,"OAS3/IRF7/XAF1/KPNA2/IFIH1/OAS1/UAP1/ISG15/SIGLEC1/OAS2/DHX58",11
"GO:0034501","protein localization to kinetochore","4/343","15/13352",0.266666666666667,10.380563654033,5.90238439772217,0.000466699731806485,0.00707550129113761,0.00707550129113761,"AURKB/TTK/CDK1/KNL1",4
"GO:0090235","regulation of metaphase plate congression","4/343","15/13352",0.266666666666667,10.380563654033,5.90238439772217,0.000466699731806485,0.00707550129113761,0.00707550129113761,"AURKB/CDK1/BIRC5/SPAG5",4
"GO:0009263","deoxyribonucleotide biosynthetic process","4/343","16/13352",0.25,9.73177842565598,5.67455625447072,0.000609737721451589,0.00902908125893719,0.00902908125893719,"CMPK2/TYMS/RRM2/TK1",4
"GO:0009265","2'-deoxyribonucleotide biosynthetic process","4/343","16/13352",0.25,9.73177842565598,5.67455625447072,0.000609737721451589,0.00902908125893719,0.00902908125893719,"CMPK2/TYMS/RRM2/TK1",4
"GO:0046385","deoxyribose phosphate biosynthetic process","4/343","16/13352",0.25,9.73177842565598,5.67455625447072,0.000609737721451589,0.00902908125893719,0.00902908125893719,"CMPK2/TYMS/RRM2/TK1",4
"GO:1903083","protein localization to condensed chromosome","4/343","16/13352",0.25,9.73177842565598,5.67455625447072,0.000609737721451589,0.00902908125893719,0.00902908125893719,"AURKB/TTK/CDK1/KNL1",4
"GO:0000079","regulation of cyclin-dependent protein serine/threonine kinase activity","5/343","28/13352",0.178571428571429,6.95127030403998,5.11862579522515,0.000656318568985923,0.0096626785850124,0.0096626785850124,"HERC5/CDC6/CDKN3/PKMYT1/CCNE2",5
"GO:0032728","positive regulation of interferon-beta production","6/343","42/13352",0.142857142857143,5.56101624323199,4.80705661990514,0.000660879373157579,0.00967390668639284,0.00967390668639284,"OAS3/IRF7/IFIH1/OAS1/ISG15/OAS2",6
"GO:0007131","reciprocal meiotic recombination","6/343","43/13352",0.13953488372093,5.43169028408706,4.7262089447171,0.000751684615355215,0.010878072246078,0.010878072246078,"MND1/RAD51AP1/RAD51/TOP2A/RAD54L/TRIP13",6
"GO:0140527","reciprocal homologous recombination","6/343","43/13352",0.13953488372093,5.43169028408706,4.7262089447171,0.000751684615355215,0.010878072246078,0.010878072246078,"MND1/RAD51AP1/RAD51/TOP2A/RAD54L/TRIP13",6
"GO:0045143","homologous chromosome segregation","5/343","29/13352",0.172413793103448,6.7115713280386,4.99960381652221,0.000776540383227213,0.0111742844976255,0.0111742844976255,"ZWINT/PTTG1/MND1/KNL1/TRIP13",5
"GO:0035456","response to interferon-beta","5/343","30/13352",0.166666666666667,6.48785228377065,4.88607722542819,0.00091245970313946,0.0129834349938335,0.0129834349938335,"XAF1/OAS1/IFITM3/TRIM6/PNPT1",5
"GO:0051383","kinetochore organization","5/343","30/13352",0.166666666666667,6.48785228377065,4.88607722542819,0.00091245970313946,0.0129834349938335,0.0129834349938335,"NUF2/OIP5/DLGAP5/HJURP/CENPE",5
"GO:0071459","protein localization to chromosome, centromeric region","5/343","31/13352",0.161290322580645,6.27856672622966,4.77760730105644,0.00106531066537722,0.0150741459150877,0.0150741459150877,"AURKB/TTK/HASPIN/CDK1/KNL1",5
"GO:0061640","cytoskeleton-dependent cytokinesis","10/343","121/13352",0.0826446280991736,3.2171168349276,3.97801971553245,0.00111330899067704,0.0156662872886984,0.0156662872886984,"AURKB/KIF20A/PLK1/STMN1/CEP55/BIRC5/KIF23/NUSAP1/ANLN/KIF4A",10
"GO:0060339","negative regulation of type I interferon-mediated signaling pathway","4/343","19/13352",0.210526315789474,8.19518183213135,5.09608467719281,0.00122180448892921,0.0170985496335314,0.0170985496335314,"OAS3/USP18/OAS1/ISG15",4
"GO:0098586","cellular response to virus","6/343","48/13352",0.125,4.86588921282799,4.35673260360193,0.00135881046281622,0.0189119685726389,0.0189119685726389,"IFIH1/OAS1/TRIM6/CXCL10/IFI6/POU2AF1",6
"GO:0003094","glomerular filtration","4/343","20/13352",0.2,7.78542274052478,4.9309006971021,0.00149661213313888,0.0207166907777431,0.0207166907777431,"IGHA2/IGHA1/JCHAIN/IGKV3-20",4
"GO:0000910","cytokinesis","12/343","171/13352",0.0701754385964912,2.73172727737712,3.70071273068993,0.00155303296104228,0.0213814862258091,0.0213814862258091,"AURKB/KIF20A/PLK1/STMN1/CEP55/CDC6/BIRC5/KIF23/NUSAP1/E2F8/ANLN/KIF4A",12
"GO:0007292","female gamete generation","7/343","67/13352",0.104477611940299,4.06701187937862,4.08652425760031,0.00160912373926861,0.0220346137845009,0.0220346137845009,"MDK/CCNB1/IGF1/TOP2A/SKA3/SKA1/TRIP13",7
"GO:0002237","response to molecule of bacterial origin","15/343","245/13352",0.0612244897959184,2.38329267567085,3.5483583343527,0.00169159172712334,0.0230400220801238,0.0230400220801238,"LTF/CXCL2/BPI/CCL2/CD24/CTSG/MMP8/MPO/CAMP/STAP1/GBP3/TRIM6/CXCL10/IRAK2/LCN2",15
"GO:0071639","positive regulation of monocyte chemotactic protein-1 production","3/343","10/13352",0.3,11.6781341107872,5.48487714095904,0.00176319950810378,0.0236361534060018,0.0236361534060018,"OAS3/OAS1/CAMP",3
"GO:1902423","regulation of attachment of mitotic spindle microtubules to kinetochore","3/343","10/13352",0.3,11.6781341107872,5.48487714095904,0.00176319950810378,0.0236361534060018,0.0236361534060018,"AURKB/CDK1/BIRC5",3
"GO:1904666","regulation of ubiquitin protein ligase activity","3/343","10/13352",0.3,11.6781341107872,5.48487714095904,0.00176319950810378,0.0236361534060018,0.0236361534060018,"FBXO5/UBE2C/CDC20",3
"GO:0010818","T cell chemotaxis","4/343","21/13352",0.19047619047619,7.41468832430932,4.77678664630346,0.00181169444030044,0.0241590876410744,0.0241590876410744,"DEFA1/DEFA4/DEFA1B/CXCL10",4
"GO:0044818","mitotic G2/M transition checkpoint","6/343","52/13352",0.115384615384615,4.49159004261045,4.09619948615253,0.00206886840635925,0.0274448324531095,0.0274448324531095,"PLK1/ORC1/CDK1/CDC6/DTL/CHEK1",6
"GO:0010971","positive regulation of G2/M transition of mitotic cell cycle","4/343","22/13352",0.181818181818182,7.07765703684071,4.6324896316396,0.00216994270052724,0.0284888868981592,0.0284888868981592,"FBXO5/CCNB1/CDK1/DTL",4
"GO:0097205","renal filtration","4/343","22/13352",0.181818181818182,7.07765703684071,4.6324896316396,0.00216994270052724,0.0284888868981592,0.0284888868981592,"IGHA2/IGHA1/JCHAIN/IGKV3-20",4
"GO:0035825","homologous recombination","6/343","53/13352",0.113207547169811,4.4068430606744,4.03517682626864,0.0022835166816578,0.029826240965038,0.029826240965038,"MND1/RAD51AP1/RAD51/TOP2A/RAD54L/TRIP13",6
"GO:0051987","positive regulation of attachment of spindle microtubules to kinetochore","3/343","11/13352",0.272727272727273,10.6164855552611,5.18084423551394,0.0023784944731433,0.0307513980867817,0.0307513980867817,"AURKB/CCNB1/BIRC5",3
"GO:0097501","stress response to metal ion","3/343","11/13352",0.272727272727273,10.6164855552611,5.18084423551394,0.0023784944731433,0.0307513980867817,0.0307513980867817,"MT2A/MT1X/MT1F",3
"GO:0060338","regulation of type I interferon-mediated signaling pathway","5/343","37/13352",0.135135135135135,5.26042077062485,4.21371124404385,0.00240995090709464,0.031000732123081,0.031000732123081,"OAS3/USP18/OAS1/ISG15/TRIM6",5
"GO:0010458","exit from mitosis","4/343","23/13352",0.173913043478261,6.76993281784764,4.49694826883092,0.00257420719797794,0.0329472649912051,0.0329472649912051,"MAD2L1BP/UBE2C/BIRC5/ANLN",4
"GO:2001252","positive regulation of chromosome organization","8/343","94/13352",0.0851063829787234,3.31294584703182,3.65403232815302,0.00285745054835427,0.0363896327332916,0.0363896327332916,"NCAPG/AURKB/MAD2L1BP/BUB1/NEK2/CDK1/SKA3/SKA1",8
"GO:0007062","sister chromatid cohesion","6/343","56/13352",0.107142857142857,4.17076218242399,3.86081668252785,0.00302865685387153,0.0383780547602527,0.0383780547602527,"BUB1/PLK1/HASPIN/DSCC1/CDCA5/BUB1B",6
"GO:0007100","mitotic centrosome separation","3/343","12/13352",0.25,9.73177842565598,4.9135730382448,0.00311135597982086,0.0390375550768656,0.0390375550768656,"NEK2/KIF11/CHEK1",3
"GO:0071294","cellular response to zinc ion","3/343","12/13352",0.25,9.73177842565598,4.9135730382448,0.00311135597982086,0.0390375550768656,0.0390375550768656,"MT2A/MT1X/MT1F",3
"GO:0032608","interferon-beta production","6/343","57/13352",0.105263157894737,4.09759091606567,3.8053912930867,0.00331335017623878,0.0411663556042936,0.0411663556042936,"OAS3/IRF7/IFIH1/OAS1/ISG15/OAS2",6
"GO:0032648","regulation of interferon-beta production","6/343","57/13352",0.105263157894737,4.09759091606567,3.8053912930867,0.00331335017623878,0.0411663556042936,0.0411663556042936,"OAS3/IRF7/IFIH1/OAS1/ISG15/OAS2",6
"GO:0039529","RIG-I signaling pathway","4/343","25/13352",0.16,6.22833819241982,4.24863554847268,0.00353192273116121,0.0434580057790706,0.0434580057790706,"OAS3/DDX60/DHX58/OASL",4
"GO:1902751","positive regulation of cell cycle G2/M phase transition","4/343","25/13352",0.16,6.22833819241982,4.24863554847268,0.00353192273116121,0.0434580057790706,0.0434580057790706,"FBXO5/CCNB1/CDK1/DTL",4
"GO:0071222","cellular response to lipopolysaccharide","11/343","165/13352",0.0666666666666667,2.59514091350826,3.34772691898941,0.00357817135244355,0.0438153963205468,0.0438153963205468,"LTF/BPI/CCL2/CTSG/MMP8/CAMP/STAP1/GBP3/CXCL10/IRAK2/LCN2",11
"GO:0034728","nucleosome organization","8/343","98/13352",0.0816326530612245,3.17772356756114,3.51337338446315,0.0036989647746589,0.0450778147418958,0.0450778147418958,"H3C8/H2BC7/H3C3/H2BC9/MPO/H3C2/H3C12/H1-5",8
"GO:0060263","regulation of respiratory burst","3/343","13/13352",0.230769230769231,8.9831800852209,4.67592963620532,0.00396837543290705,0.0478336722396422,0.0478336722396422,"IGHA2/IGHA1/JCHAIN",3
"GO:0071276","cellular response to cadmium ion","3/343","13/13352",0.230769230769231,8.9831800852209,4.67592963620532,0.00396837543290705,0.0478336722396422,0.0478336722396422,"MT2A/MT1X/MT1F",3
"GO:0031570","DNA integrity checkpoint signaling","9/343","121/13352",0.0743801652892562,2.89540515143484,3.40079464579763,0.00398144425394744,0.0478336722396422,0.0478336722396422,"CDT1/PLK1/ORC1/CDK1/CDC6/RAD51/DTL/CHEK1/CDC45",9
"GO:0019221","cytokine-mediated signaling pathway","20/343","405/13352",0.0493827160493827,1.92232660259871,3.0606218464226,0.00408180855028618,0.0484615340049594,0.0484615340049594,"CCL2/OAS3/IRF7/USP18/OAS1/TNFRSF17/CD24/CTSG/IFITM3/MX1/MMP8/ISG15/STAP1/CCL7/TRIM6/OAS2/CXCL10/IRAK2/OASL/IFI27",20
"GO:0000076","DNA replication checkpoint signaling","4/343","26/13352",0.153846153846154,5.9887867234806,4.13441157994684,0.00409078516335542,0.0484615340049594,0.0484615340049594,"CDT1/ORC1/CDC6/CDC45",4
"GO:0008156","negative regulation of DNA replication","4/343","26/13352",0.153846153846154,5.9887867234806,4.13441157994684,0.00409078516335542,0.0484615340049594,0.0484615340049594,"CDT1/FBXO5/GMNN/CDC6",4
